56.303555 -133.975809
47.598242 -122.49824
55.462789 -160.266834
41.4051 -70.528581
57.161381 -153.788521
28.588238 -96.000682
53.960126 -166.319895
29.329452 -91.167749
63.077673 -164.611616
66.974314 -161.505747
40.554582 -73.940247
47.075941 -90.39383
36.30281 -121.888491
59.93359 -149.487334
30.391298 -88.810127
26.909706 -97.370731
39.092824 -76.145174
60.946248 -147.135571
44.49297 -67.551125
59.981537 -147.707382
17.944753 -66.202655
56.954873 -156.935692
55.370371 -160.522399
56.208515 -132.924667
38.980775 -75.314951
38.886021 -76.335364
44.317603 -68.566936
68.299519 -166.353078
32.90951 -118.460623
48.715522 -94.568368
58.672394 -136.217606
57.735809 -155.291651
42.388036 -70.970195
41.249007 -72.713674
26.637441 -82.137869
46.489252 -84.937145
41.164945 -73.170701
38.002995 -75.882768
45.015181 -85.771395
47.024323 -90.776924
58.064037 -154.653383
43.985279 -83.787863
34.645585 -76.549343
58.303749 -157.556343
58.938712 -159.657362
48.166792 -122.475803
20.557021 -156.6801
28.797224 -82.70103
55.115898 -133.201797
60.428854 -166.171187
46.487399 -84.947269
59.388295 -154.044563
58.732262 -135.022624
51.956175 177.543534
42.887459 -82.469912
46.224132 -123.988429
45.241926 -67.460236
57.256401 -134.144008
58.692581 -136.356786
47.995899 -89.581007
25.23254 -80.467824
43.014287 -79.02092
58.632721 -160.849106
61.011384 -148.095004
37.908791 -122.35711
57.207146 -133.50548
44.83318 -87.27603
43.365259 -77.994838
56.019537 -133.481052
61.410997 -149.559908
45.965211 -70.280814
28.002494 -82.821755
45.596475 -85.509276
56.001448 -160.873229
41.031284 -72.135137
43.34966 -77.875335
41.403769 -70.517584
59.791261 -152.994466
43.842684 -82.647784
29.791709 -91.857595
48.977305 -123.040967
48.161057 -123.756395
54.746176 -163.380618
48.038834 -122.596786
56.595266 -132.35841
66.089138 -162.791232
48.786217 -122.9487
45.094454 -85.597496
38.863135 -76.519442
51.812714 -176.216957
19.776368 -155.091216
67.820866 -164.778331
46.224184 -84.14715
56.000104 -134.130907
55.89731 -161.773409
20.504738 -156.668809
67.026771 -162.660733
60.386639 -145.107224
35.659067 -76.046361
48.175943 -123.144783
59.981178 -144.348175
45.41536 -87.336152
43.307652 -87.889207
33.252639 -119.566014
43.280937 -77.067295
38.56533 -77.26083
63.551785 -162.345179
44.381106 -68.9673
65.319058 -166.439404
29.74139 -84.713747
45.572153 -67.423646
31.164897 -105.742678
55.438268 -132.303329
43.374763 -78.488857
36.2308 -75.798528
46.465738 -123.99087
37.500053 -122.127706
43.046266 -70.714176
56.35842 -133.626006
53.033296 -168.553195
48.596104 -123.009407
48.342991 -92.288994
48.140475 -91.156107
55.629412 -159.626772
58.845921 -160.233307
26.781508 -97.370438
26.074672 -98.177897
59.425657 -150.601162
45.510399 -123.957568
54.902992 -160.181636
55.6834 -132.461281
56.728722 -134.633997
60.022606 -141.998818
44.007419 -69.124475
25.290069 -80.339421
45.789747 -86.424828
38.014843 -76.048617
46.87249 -91.134668
29.633173 -91.922821
30.996028 -81.469298
43.791033 -69.664922
57.341172 -134.574114
45.502917 -67.425674
43.344436 -76.69836
57.442232 -135.610454
44.917835 -66.990937
61.073589 -148.168875
56.859357 -134.14716
60.809962 -146.255415
55.28423 -129.980058
29.676444 -83.455356
61.205887 -147.763415
56.40735 -132.34698
60.361893 -145.064392
48.580297 -93.807984
33.950266 -120.192339
52.09928 -173.107373
55.222562 -132.214353
29.434567 -89.53215
28.477992 -96.268341
42.978275 -70.61496
5.57952 -0.17062
51.690353 -177.316501
56.600068 -135.091611
17.987763 -66.713394
17.98026 -66.645651
29.878839 -88.8312
18.375623 -65.571788
54.961082 -131.520782
27.524625 -80.311757
51.693447 -177.317888
36.188949 -76.274051
52.138426 -174.568402
35.904686 -75.653478
55.789025 -159.423468
29.159286 -103.645635
53.994316 -166.143814
59.392262 -153.539078
28.136378 -96.810944
34.074907 -120.370176
43.654384 -83.83816
56.816413 -132.371032
63.256316 -168.716872
29.268231 -94.982032
60.569675 -152.195084
59.561172 -150.168424
56.871975 -153.688713
52.17472 -174.527081
30.26138 -104.73736
57.551844 -153.869096
44.821522 -86.065966
29.181734 -91.05863
41.675102 -71.19569
46.85056 -88.477935
60.228667 -147.956228
29.305698 -91.309314
60.485863 -151.839188
43.340246 -70.465975
71.052537 -157.249083
48.154797 -88.614026
52.115198 -174.334424
26.069208 -98.085849
46.849637 -91.985086
55.493523 -131.811691
40.926697 -73.352761
48.441803 -122.930412
46.494393 -84.265391
25.336336 -80.254916
57.664017 -135.707561
38.67286 -76.196716
45.293817 -67.466479
51.923933 179.751525
60.643859 -145.651405
41.03167 -73.532786
63.169671 -168.983024
44.356259 -68.409867
11.56408 43.16721
59.792986 -151.006717
37.599637 -122.501386
60.36665 -145.039642
48.450726 -122.91851
39.315475 -76.186647
27.919806 -175.740997
45.76976 -67.805457
55.454326 -160.982717
29.822495 -84.570877
28.283093 -96.61048
46.758219 -67.789284
44.235443 -68.248913
40.713282 -72.923214
56.387718 -132.433823
59.624415 -150.048038
44.333583 -68.530394
27.822254 -82.828561
42.734746 -124.510017
56.662251 -132.335968
29.293977 -94.865126
44.682015 -87.729836
43.199858 -70.587814
39.56728 -75.570783
55.569225 -133.339478
20.598143 -156.431872
48.010947 -89.617867
26.597673 -97.317015
56.73024 -154.046555
57.973081 -152.415177
39.360925 -76.116356
56.05805 -131.11808
46.434186 -86.837448
37.219059 -76.698943
48.462624 -122.986923
45.278455 -86.970355
45.962205 -86.050956
42.557051 -82.633491
70.801546 -152.187197
55.444897 -133.658325
30.871961 -105.394249
48.693651 -122.620338
55.240804 -161.879542
58.497482 -153.930473
29.190991 -89.455829
48.503075 -122.840584
57.303708 -134.922329
38.360582 -76.011869
55.602342 -160.370238
58.340245 -134.618711
57.802777 -133.558803
71.352561 -156.56865
46.535965 -86.484003
23.569117 -164.693848
55.831956 -159.406126
48.113548 -91.703524
46.769488 -84.95158
55.533768 -130.870524
60.891323 -149.063076
42.951495 -124.480938
59.151562 -154.214818
45.781624 -67.803626
61.498704 -165.754317
31.802865 -81.047345
51.978897 177.538223
55.996838 -160.559597
56.527658 -135.054049
47.397189 -69.043248
45.762182 -85.074563
28.640702 -96.548014
45.055039 -87.490925
56.824586 -133.795364
53.024072 -169.742538
24.674848 -81.260006
19.72858 -154.997278
56.555735 -133.662631
48.638931 -122.863304
48.522472 -93.60587
48.117309 -123.280178
53.451317 -167.319143
56.181744 -132.9776
26.3251 -98.755242
45.835597 -84.746985
45.652404 -84.46168
60.474442 -151.965775
63.142975 -169.987936
57.867446 -133.629807
44.226792 -68.94709
57.453528 -133.503115
47.189252 -68.871096
54.414652 -164.51997
47.351052 -68.370265
60.698948 -173.09082
26.446003 -97.425861
55.060818 -161.591064
48.106135 -122.778466
54.695367 -163.280633
46.831196 -87.731522
57.779465 -136.309429
58.826477 -161.756622
44.905685 -86.066745
55.942952 -131.171406
36.503506 -76.019261
59.169308 -151.790649
47.524 -122.52305
45.137684 -83.319315
18.488044 -66.377286
60.484007 -147.778269
20.534741 -156.540189
41.254167 -72.71246
66.593953 -163.979581
44.11284 -68.944597
45.752283 -84.788821
45.806133 -85.35334
44.364425 -68.860649
56.72471 -132.538229
48.168436 -91.108887
58.307191 -152.91245
53.719126 -166.779991
51.909624 177.233904
51.778925 -178.039344
52.040453 -174.580676
48.220268 -92.369174
28.478647 -80.536115
38.134083 -76.529868
45.015494 -73.085972
43.276363 -77.391015
29.787307 -83.583045
29.428527 -89.95543
47.114263 -88.855372
61.425274 -149.775963
45.696632 -85.83326
26.815668 -99.262208
58.471705 -157.488108
55.626376 -132.2015
59.703258 -149.526358
57.911883 -134.279221
48.194007 -122.47025
48.198062 -91.012411
34.553564 -120.612005
47.226784 -88.640323
42.489664 -79.342316
48.24072 -92.384355
27.89295 -99.894091
47.322633 -87.989133
48.785873 -122.939072
57.912097 -135.660033
48.564346 -122.869141
46.296498 -124.076262
37.960497 -122.411761
30.397422 -81.389789
42.17474 -83.133923
60.688484 -145.85816
56.667603 -132.380585
59.231254 -151.917248
29.891557 -104.65865
66.999339 -162.466855
27.580364 -82.763145
42.133025 -70.685315
45.805069 -84.423088
26.223551 -98.516621
36.328517 -75.841335
56.375428 -133.933512
57.167724 -135.422746
44.382281 -68.501364
55.210916 -131.39769
47.031063 -90.692993
45.069157 -83.290827
28.990352 -89.138129
48.852855 -122.722685
45.420966 -86.937393
37.00885 -76.300352
47.236762 -68.664071
43.196748 -82.508881
41.709638 -86.93483
35.888148 -75.9869
26.019373 -97.661326
29.004153 -89.142888
55.468693 -133.740417
55.08441 -130.984157
55.936515 -133.464648
29.676074 -104.539761
18.015077 -65.839591
56.81285 -158.642293
45.585829 -85.111909
37.904626 -122.727297
71.211885 -156.962555
64.927161 -161.176009
35.17803 129.074649
55.451213 -132.164757
56.155621 -158.400932
55.031985 -159.376813
32.598591 -114.801548
45.242031 -70.896898
45.142881 -85.376948
57.252284 -156.376507
38.393118 -76.282271
55.470478 -133.335312
53.8361 -166.198751
55.967035 -131.34056
33.971723 -77.915536
59.73657 -139.543091
48.234714 -90.837772
28.490796 -96.450284
25.934077 -97.546421
46.259075 -70.252906
61.54665 -165.985948
20.925274 -156.937529
46.90363 -124.01366
43.706395 -87.702985
47.271935 -122.82663
48.757728 -122.510902
48.580399 -122.902802
43.13731 -87.900285
22.113815 -159.297143
37.674356 -75.869523
44.193003 -68.371235
48.549473 -122.871513
59.468945 -151.570032
60.717926 -146.313858
48.179272 -91.080408
24.732113 -81.332756
27.638678 -82.558538
40.464706 -74.261889
54.950394 -131.486616
43.84072 -86.431198
27.916299 -82.685121
57.35624 -133.453783
47.276457 -122.816633
47.998993 -122.87457
59.775593 -149.569188
48.716503 -122.907562
58.751694 -160.843399
47.889945 -122.637425
55.050461 -132.885925
36.948523 -122.050122
45.196037 -71.405346
44.13038 -68.935327
58.200073 -135.087872
54.225601 -164.794174
62.596313 -164.94751
28.983525 -103.134931
45.787224 -84.780313
61.331047 -149.765493
55.21167 -132.932922
58.892376 -136.578918
58.385772 -135.921134
19.897288 -155.124618
59.599389 -150.317651
44.449225 -68.298223
33.483427 -117.726486
46.234814 -123.60019
41.959686 -83.257009
59.946915 -141.291995
55.208353 -159.51235
55.039909 -163.884869
55.849961 -132.095352
60.928144 -164.917542
28.226934 -100.217565
55.318806 -133.254639
58.220975 -134.078156
56.469099 -131.227928
37.832137 -122.369941
41.845222 -69.945314
60.32185 -166.578305
38.914469 -76.475761
28.63838 -96.506264
41.712968 -70.721302
28.61497 -96.510844
30.365915 -104.817596
46.069427 -83.865845
58.837826 -136.049099
21.917166 -159.637849
46.284501 -123.795556
60.480083 -146.074402
60.223337 -162.55121
31.527697 -81.181592
58.890256 -136.630497
60.360226 -148.091537
44.075607 -86.500453
41.888421 -87.614188
37.4377 127.109
67.099391 -163.624959
29.110753 -89.099106
59.209923 -151.126247
55.592865 -130.952708
60.306105 -141.00184
29.751608 -102.59716
59.762268 -149.904216
27.793245 -97.085395
56.134901 -132.097136
49.000725 -114.678217
40.440707 -74.206188
57.824549 -152.735459
19.739824 -155.045382
35.173206 -120.704203
46.520919 -84.123325
41.989191 -83.223354
45.796146 -84.421303
39.205908 -76.463483
44.296635 -76.130884
48.240614 -122.66921
55.779653 -131.571368
47.970917 -122.230046
41.813162 -83.439612
61.201128 -147.746283
37.22515 -76.394132
38.843712 -76.197705
41.732731 -70.726331
59.195327 -151.574664
26.184648 -98.41812
56.678022 -134.369035
24.727 -81.43858
55.610908 -160.35501
42.423996 -70.982994
57.176708 -153.366525
60.207442 -147.828962
43.964779 -69.33403
26.066339 -97.88653
29.021529 -103.355428
55.217514 -161.693451
60.689787 -145.841418
30.123213 -89.246635
41.486335 -70.734306
57.497681 -135.134063
40.836795 -73.783867
51.959418 177.539627
25.915772 -80.117904
29.638312 -91.570589
55.293957 -160.841221
48.232978 -91.953398
55.834869 -159.086212
45.106007 -87.260595
48.030138 -122.748532
48.555291 -93.458246
48.635601 -122.785255
41.270103 -72.472539
58.900314 -159.586966
40.915798 -73.566169
55.522228 -133.718399
55.80083 -132.183163
60.918924 -150.047088
46.505381 -86.524959
44.386584 -68.87894
55.658046 -160.429727
48.212617 -124.6909
34.880413 -120.639283
52.037203 -174.967907
66.236816 -160.991066
35.918241 -75.778813
36.247903 -75.957058
58.292607 -135.10121
45.246146 -86.976711
66.563102 -163.850476
51.738624 -177.497974
58.557964 -134.895325
45.739419 -85.521911
28.720921 -82.712373
57.600996 -152.468172
45.864719 -86.742466
53.481729 -168.315847
48.099644 -90.505485
20.589728 -156.417523
46.728339 -85.007616
44.04792 -86.514742
59.668717 -153.301687
58.399899 -135.433061
39.591504 -75.578719
20.911631 -156.422668
40.448312 -74.164029
21.575794 -158.27951
24.734676 -81.016918
61.145925 -147.831943
43.284114 -77.214058
55.108658 -162.224047
41.50175 -81.710953
48.035391 -89.996702
56.87073 -158.897234
55.074106 -131.613577
38.118887 -122.454958
57.155403 -135.735405
60.842694 -146.290202
63.73922 -171.652912
42.389968 -70.972706
26.234492 -98.543852
60.284592 -146.693146
21.6293 -157.9238
54.998806 -131.266084
25.127297 -80.426786
46.847252 -90.568874
38.248802 -75.948796
47.60912 -122.344937
41.641508 -71.217513
47.902023 -122.586339
57.609604 -133.808285
26.44982 -97.437566
35.86695 -121.439584
60.284042 -152.456291
59.247836 -134.702383
56.645642 -132.628201
70.967477 -155.404225
55.109318 -159.711121
70.246187 -161.663593
28.705352 -100.511998
44.69948 -67.347782
36.145957 -75.822531
56.35842 -133.615893
60.338002 -165.916828
49.361114 -95.089806
46.470239 -86.609039
55.079617 -130.767237
39.061017 -76.231117
57.248852 -135.366177
59.547149 -150.639543
70.302627 -148.411253
52.9664 -168.688468
60.735747 -146.346573
30.077839 -85.653251
48.355285 -92.178897
45.681148 -85.506104
57.582152 -157.588339
57.471734 -156.13748
57.547007 -155.786939
42.00551 -70.678798
44.239723 -68.240806
30.075624 -89.217606
41.076722 -72.276709
39.341388 -75.365016
59.882425 -153.046986
44.626974 -67.386605
26.04246 -97.789823
29.640274 -91.643198
27.458221 -97.359194
31.488138 -111.560194
59.338009 -153.550507
45.822323 -86.559044
43.628891 -83.618602
35.362383 -76.431805
61.389106 -149.824504
29.383268 -94.723959
52.003927 178.10273
41.578583 -71.326103
30.259454 -104.740448
32.536414 -114.802181
47.417007 -122.439934
45.945802 -86.233613
46.958443 -124.171161
35.147768 -120.651134
27.356532 -97.675521
20.598682 -156.417799
55.449657 -133.431671
21.135972 -157.299471
70.416956 -148.590007
66.961965 -161.674359
46.463324 -86.586168
51.578642 178.843631
53.01075 172.746566
38.918542 -76.299431
56.594625 -135.02674
58.808999 -134.998829
55.52624 -130.974123
58.898384 -136.958386
45.788205 -84.734065
55.402198 -160.687442
46.102741 -83.828964
29.349544 -89.350694
58.316144 -136.288255
47.021112 -124.151288
55.029045 -133.193466
29.266159 -91.124919
56.805788 -158.893212
48.600384 -122.985611
58.127614 -152.425391
55.413963 -133.325195
51.637303 178.625536
40.660362 -74.068341
57.380394 -133.475998
38.113111 -75.842604
34.481059 -120.480372
58.154133 -136.199875
24.904118 -80.703629
41.277782 -72.31776
29.496744 -104.235847
60.660991 -145.647598
32.926692 -79.569762
53.498445 -166.712475
60.089962 -165.680612
55.734932 -159.381271
45.069151 -71.495463
48.257187 -122.395328
41.106917 -72.335177
69.789497 -141.713369
17.934574 -66.252737
57.321738 -134.100587
52.219244 -174.198624
19.201171 -155.390701
45.059103 -87.081866
39.578448 -75.586016
30.470645 -87.920031
29.344254 -94.822307
55.105614 -162.410574
53.2853 -167.609903
46.588419 -90.94193
45.245807 -83.412569
56.754522 -133.70568
58.39183 -135.708206
47.441881 -69.122404
70.504968 -149.716075
56.782385 -132.432385
37.706749 -123.012194
56.965391 -153.913627
57.649688 -153.868275
59.35198 -150.834627
46.588875 -123.928861
69.538142 -163.016456
55.839734 -131.677849
0.48383 9.39455
60.292778 -147.211487
59.783543 -150.982996
17.952559 -66.909483
25.907444 -97.37443
41.587673 -70.820918
49.18488 -95.153309
51.561363 -178.834518
58.73191 -136.008929
46.459992 -124.001271
43.115355 -79.061967
38.617217 -77.202002
29.971466 -85.509148
57.189895 -133.568535
46.191617 -123.927038
25.092966 -80.444887
41.472652 -71.418404
18.460419 -65.99079
45.726547 -84.442719
38.974512 -76.454581
60.014015 -148.538643
38.374477 -76.002282
55.423782 -131.85233
41.930049 -70.044995
43.954677 -76.112486
38.214212 -76.590637
44.424672 -67.868856
48.578495 -122.998932
60.345951 -148.102966
55.878867 -132.397304
59.104584 -151.643127
55.83644 -134.327238
58.105274 -134.147583
19.780452 -156.049651
57.663562 -133.911329
21.995245 -160.112746
39.348697 -75.341969
57.584607 -152.163996
31.535833 -81.193016
48.701262 -94.533057
51.936119 -177.099266
38.753801 -123.525152
58.781796 -136.046172
21.3364 -157.6971
58.721237 -160.424606
70.439374 -151.123105
45.93758 -83.801041
46.957333 -90.715111
56.471817 -154.633586
60.31842 -139.738924
48.607998 -123.020828
66.93695 -161.489169
29.298587 -103.965796
33.006447 -79.580725
55.182945 -131.355642
42.278107 -124.405148
43.971333 -76.119148
57.086264 -133.161448
43.831782 -87.7296
42.917502 -124.500141
41.623986 -71.271862
58.350632 -154.133866
46.091257 -85.52157
27.210366 -97.363401
41.430716 -70.923698
44.496414 -67.510628
66.478371 -161.326349
56.518589 -132.476059
36.96455 -122.012373
40.805111 -124.201921
59.708015 -139.519302
39.767847 -74.097071
26.062843 -173.977859
47.189859 -68.919752
25.991802 -97.208557
44.136852 -68.818039
57.052893 -153.356504
55.19117 -159.663544
29.674833 -88.941605
43.028956 -79.011764
55.438314 -133.068551
44.27661 -83.500392
53.340671 -167.386984
55.374369 -160.522063
45.790195 -84.427841
48.118217 -123.239129
55.273776 -162.881779
61.208915 -150.895905
55.125011 -132.038978
29.772272 -88.867973
41.299093 -70.082072
41.463974 -71.170131
36.028016 -76.458789
47.07609 -67.810716
46.817704 -91.33825
27.766464 -99.841708
53.55255 -167.960861
45.064759 -124.015851
29.949888 -85.425956
66.061574 -162.681304
37.868866 -122.462158
51.691822 -176.582933
66.251962 -160.995905
46.52692 -84.177428
20.10675 -155.88419
37.751887 -76.663887
57.248588 -134.841774
49.37828 -95.145306
46.326899 -124.064624
58.1854 -154.253871
39.401994 -76.035002
55.017646 -163.930369
44.260209 -68.519819
29.174104 -90.948091
57.254742 -135.654898
55.296677 -131.044189
38.359867 -77.207312
43.590445 -70.214369
52.098862 -174.011338
42.28272 -71.0049
45.008537 -72.448865
27.748564 -175.929947
36.494671 -75.972545
54.942564 -160.157242
32.31917 -80.466342
48.367921 -124.564841
60.338098 -145.335651
60.350176 -152.371475
56.166925 -134.674028
60.496332 -148.33044
45.898194 -84.842243
44.309926 -124.108088
26.789228 -82.061401
20.598873 -156.427708
21.019936 -156.642592
47.176142 -67.943069
59.590331 -150.556114
25.150038 -80.755991
30.3839 -86.470849
21.174693 -156.821944
65.136928 -166.872666
27.999426 -82.641487
41.680629 -71.390775
45.41525 -86.943041
70.041742 -144.178194
60.052921 -148.054779
36.803994 -121.788278
55.907512 -133.725348
48.202161 -90.834854
35.593058 -121.126027
57.744637 -155.468287
45.251551 -71.233027
44.636837 -67.505804
60.767591 -146.54989
57.18495 -153.058114
51.977291 -175.4319
59.064851 -153.815724
42.21094 -70.73056
70.828895 -155.875096
30.022454 -89.724649
51.981164 179.526743
60.2525 -148.192
43.574978 -76.203473
51.970352 -176.63051
27.335574 -97.401942
48.316442 -92.306309
38.924013 -76.46188
38.310573 -123.024333
56.05686 -131.105588
45.805452 -86.571172
25.463848 -81.168652
59.280376 -134.961972
39.358259 -75.39003
59.850666 -147.55629
38.719756 -76.239841
48.6929 -94.446604
17.963073 -67.167031
48.253551 -91.959565
46.746715 -123.910716
41.678881 -124.138373
51.613488 -176.801675
57.019764 -132.836853
21.207739 -157.25026
55.644398 -159.635866
33.983081 -119.978876
55.573198 -132.564171
43.35696 -77.922736
-22.5759 17.0872
29.290355 -83.169576
60.240898 -146.641037
63.355383 -171.290324
52.78444 173.11856
48.998619 -113.009895
42.704824 -70.770453
55.543644 -133.638687
25.001871 -167.99556
70.017891 -145.247167
64.530931 -162.539996
43.562616 -70.272497
46.279381 -67.782114
53.277864 -167.539247
57.20718 -135.404831
44.286235 -68.630036
47.340847 -68.217712
46.645827 -124.048444
54.144148 -166.101402
54.045917 -166.027733
58.158843 -134.682812
48.773998 -122.647443
43.662973 -70.21313
30.487357 -87.933355
37.778118 -76.681901
55.305071 -130.731545
38.24754 -75.962235
43.098008 -70.655322
41.505872 -81.706864
55.187562 -159.573144
41.933132 -87.630953
44.64775 -67.191438
29.256908 -89.112942
60.705642 -145.899162
21.18935 -156.987768
63.043015 -169.788466
47.358604 -68.278284
58.090401 -134.145203
30.091982 -84.179811
58.218724 -136.162108
54.475354 -162.728415
36.908647 -76.087955
35.16615 33.34272
55.097458 -133.006683
18.15766 -65.437058
55.044543 -159.987785
24.614895 -81.54645
47.91589 -122.65399
40.454491 -74.174893
29.275239 -89.136979
45.171407 -67.203933
55.090069 -131.013215
31.499742 -108.208572
59.95417 -147.371872
48.151458 -91.138482
19.43055 -155.921707
30.370741 -88.290649
58.993265 -136.924419
37.00933 -76.314624
56.4398 -134.196394
57.828561 -136.365052
47.266723 -122.4442
70.293317 -147.863719
26.040637 -97.784051
24.812629 -80.822342
70.943547 -155.47594
47.9281295 106.930178
57.085915 -153.48652
53.755446 -167.005778
60.999608 -148.177649
35.051006 -76.639764
26.317193 -98.745615
44.7725 20.4534
35.15203 -120.667994
41.035997 -73.477364
18.490512 -66.563485
49.001132 -109.454023
51.729355 -177.122808
32.550058 -116.945956
38.325891 -76.409291
64.532783 -161.388621
30.239929 -89.065097
45.621689 -86.666127
52.522634 -171.277165
38.4127 27.1384
56.210799 -158.297149
35.356762 -76.382344
53.809552 -166.128226
59.88279 -147.446823
47.28852 -68.376829
52.152213 -173.624771
46.950161 -90.666824
47.895436 -88.957985
58.266276 -135.764372
46.189527 -123.864209
55.595993 -133.698181
55.715041 -130.14804
47.215461 -68.812157
48.1875 -91.71243
45.429382 -84.980953
58.945378 -136.638349
30.772493 -105.164819
58.219048 -136.334611
29.31422 -83.176736
54.040955 -165.572739
54.99131 -161.883621
58.772638 -157.532654
47.196969 -68.92793
44.829831 -83.300648
55.258442 -161.540222
25.139669 -80.900577
29.254261 -91.12587
48.999344 -104.647389
59.024904 -160.281086
44.370949 -68.092983
41.818681 -124.230678
57.089026 -135.388859
46.905534 -124.138225
55.175653 -159.525827
37.922484 -75.319335
47.57408 -122.518367
37.855448 -122.443302
38.119383 -76.430425
29.983187 -83.82869
48.632294 -93.944221
43.674699 -70.184659
46.794868 -67.789799
44.789472 -75.36636
70.646107 -152.460505
56.540375 -157.32611
29.056371 -89.216101
58.402111 -134.764452
63.485039 -171.849984
29.781412 -89.354179
41.41546 -70.711493
41.3879 -70.049564
27.312538 -99.536443
33.654319 -118.000593
38.822765 -123.605317
58.28024 -152.107635
29.246943 -100.797671
37.837253 -75.982098
63.618649 -161.018421
56.169044 -156.759445
58.647412 -136.422309
45.065622 -85.712262
26.500335 -99.105031
67.601993 -164.108716
35.504582 -75.96474
25.897158 -81.623482
60.337551 -162.504573
48.33474 -92.046562
27.581533 -97.247619
56.096876 -130.24554
40.448258 -74.122327
59.293037 -150.731323
36.38901 -75.916409
59.986889 -144.312012
46.082516 -83.847404
46.123186 -84.031036
46.479109 -86.750157
43.318455 -78.836261
59.664343 -135.214344
55.885634 -160.788429
18.086096 -65.45138
28.905609 -82.688864
30.318744 -87.282787
70.922467 -153.23848
46.600635 -90.348407
58.179686 -152.597506
70.592655 -152.264049
43.967931 -76.200249
48.521661 -93.610618
48.670818 -122.908035
17.931154 -66.232013
61.265888 -150.679902
59.821867 -153.236556
64.869549 -161.079718
60.491039 -146.590637
54.11608 -164.919689
56.842655 -153.796111
56.015544 -158.50485
29.271421 -100.848664
46.925215 -91.841349
25.118797 -81.079859
64.690983 -162.096528
32.600721 -114.805932
60.341904 -145.161469
21.402845 -157.726421
44.165043 -69.077776
29.322802 -89.253545
60.852775 -147.941399
38.377895 -77.069956
28.977979 -89.152406
18.078607 -65.794686
60.002809 -148.544134
55.375853 -133.101269
42.52982 -87.812273
70.83116 -155.731842
27.306051 -99.529654
45.247697 -71.187441
60.719277 -146.101061
56.543081 -157.017711
60.414246 -146.308777
68.664324 -166.213635
45.242412 -71.148165
55.197481 -131.160492
33.844282 -78.584841
44.539902 -83.308471
61.122606 -146.493734
65.135992 -166.60607
35.935844 -75.726807
48.550663 -122.920296
54.969071 -163.050467
29.213028 -95.030097
47.840618 -122.353244
54.986813 -132.956711
25.142256 -80.425399
30.10114 -84.247491
38.936367 -123.726315
48.101318 -90.493797
46.032459 -84.563891
33.980375 -119.873358
45.948287 -85.922737
37.91138 -76.265998
56.931579 -134.083291
52.477377 173.707741
27.53354 -82.646014
47.047127 -90.664444
64.434392 -165.016519
56.325242 -158.322563
56.902941 -153.703255
41.636338 -70.338067
41.188671 -72.161034
27.682484 -97.246468
37.421886 -76.250454
38.200858 -75.864104
43.943667 -69.267515
31.71071 -106.370139
26.888694 -82.090723
41.002171 -73.643478
56.944374 -153.862954
41.533962 -82.869422
60.800379 -164.944914
56.214751 -134.095013
22.216764 -159.54115
45.943363 -83.803329
59.308266 -150.773193
30.000433 -89.2295
57.614409 -134.674438
25.710565 -80.170392
41.255544 -72.85021
60.818987 -146.636502
45.81938 -67.772758
55.23808 -132.229963
55.247317 -162.851839
38.060135 -75.858881
48.638535 -123.138145
29.802655 -102.039013
48.613832 -93.362132
38.273164 -122.986319
30.816961 -105.314863
29.393698 -101.024016
35.011662 -76.495879
24.73846 -81.390287
45.152251 -71.427688
48.120907 -90.575905
20.594729 -156.553604
54.688101 -163.057228
29.536777 -101.261175
51.873526 -178.227822
65.105856 -166.885451
51.955402 -176.088623
47.13958 -122.685822
39.065486 -76.15896
40.617501 -73.391967
33.736118 -118.1837
56.950887 -134.141385
56.342953 -130.740619
52.21467 -174.299044
38.536966 -76.244396
60.758156 -146.08978
55.164082 -133.236893
52.926987 173.295399
60.171568 -148.080188
23.853935 -166.220642
56.673849 -132.324807
43.2906 5.37994
55.109705 -163.111507
59.429657 -153.747201
43.825502 -69.598495
58.726102 -157.061928
46.484567 -86.94698
28.185528 -97.037008
60.271406 -166.834966
45.606239 -86.665749
61.016566 -150.454661
21.313781 -157.917921
60.151289 -148.292816
45.340109 -70.819828
60.392588 -148.033484
44.301831 -83.401822
54.832594 -162.30058
48.998643 -113.011041
29.310241 -89.819859
26.838674 -82.058526
64.502124 -161.015095
32.671952 -117.168866
58.061049 -152.656801
28.319052 -96.439099
58.013242 -134.270913
38.983664 -76.258813
57.330854 -135.860558
56.482899 -132.611694
42.59412 -87.815074
29.634619 -91.896759
58.971493 -135.393117
40.942097 -73.491765
56.049722 -131.103804
51.857522 -177.924315
58.833548 -159.757409
60.616231 -146.004621
55.68227 -132.215409
48.610855 -122.829514
58.272173 -154.108241
56.602252 -135.005249
38.85574 -76.340587
48.999581 -103.980868
29.524617 -94.757689
26.182388 -97.296089
42.682092 -70.744427
60.765833 -148.366407
59.020811 -158.17007
46.017871 -83.931175
35.346645 -76.340752
52.774605 -169.717762
55.257949 -131.348703
41.646146 -71.337048
57.973511 -133.8878
32.841754 -118.476074
36.618059 -121.941666
55.398074 -131.741834
55.826302 -158.897766
37.660641 -75.877059
52.10639 -173.802339
46.865247 -87.741014
34.09831 -119.088536
56.871673 -132.792727
70.885719 -153.89048
61.042737 -151.190318
58.15964 -134.177467
29.266502 -83.089013
52.031278 -173.511915
44.869596 -87.515142
41.554244 -70.485571
60.087544 -162.481175
57.299171 -133.842712
55.222269 -159.50527
60.224224 -140.53509
45.219533 -71.416167
31.348978 -111.125646
44.836813 -75.30763
48.46917 -122.813217
56.259416 -134.275978
44.659316 -67.309627
60.387608 -146.723679
35.418906 -76.759234
53.264009 -168.490957
57.769715 -155.617188
33.99553 -119.560464
55.123948 -162.453451
39.015637 -74.94947
48.173101 -91.092258
55.054806 -162.599812
31.812721 -81.036873
34.010367 -120.221287
47.339112 -68.211222
59.029433 -137.044344
52.500106 -171.196013
33.233406 -119.545872
47.103913 -67.881302
29.802854 -102.142326
45.70811 -86.54143
60.008521 -152.611651
59.610935 -149.762405
30.162563 -81.355591
21.980321 -160.052729
61.004336 -147.062671
27.090982 -99.429209
59.277689 -135.444526
54.391166 -164.640457
38.515721 -77.291103
45.057736 -87.492573
49.000843 -121.345295
55.192711 -131.092605
60.751996 -147.965419
48.296353 -124.669265
55.503788 -133.586945
56.668861 -133.736613
32.700051 -117.255169
58.938712 -159.64243
51.925069 177.606529
21.2665 -157.6944
55.974912 -161.27833
53.817127 -166.212603
48.094599 -90.384575
48.305771 -92.428919
51.923413 177.484313
42.683578 -82.706135
47.894771 -122.646494
45.595428 -67.534919
47.14364 -88.255303
13.664933333 -89.256833333
18.190176 -65.717999
55.516111 -160.828273
57.228597 -135.577347
70.885873 -153.485989
40.584619 -73.806834
35.960888 -76.473795
60.937792 -150.705812
43.933082 -76.130446
37.729505 -122.356784
55.905621 -161.018761
39.53865 -75.966955
63.429929 -169.656474
54.065423 -165.234364
44.008653 -69.066693
65.128146 -166.837496
35.533704 -76.494235
29.052221 -89.339828
37.380687 -76.428752
48.199122 -91.741932
47.029294 -124.149043
43.722312 -70.108978
60.53465 -165.405071
44.542812 -75.727052
45.210039 -67.43141
28.346775 -96.650794
46.971927 -123.898245
44.877548 -75.203012
59.988792 -144.372925
47.292155 -68.125407
28.166864 -82.840401
56.284519 -133.884437
58.837558 -157.241396
29.118367 -89.314209
59.825086 -139.597343
45.411034 -83.755569
40.935074 -73.146242
29.751629 -102.539417
55.329698 -131.254461
30.374524 -86.364175
52.92364 -170.083985
38.91323 -123.71054
31.750109 -106.475542
55.900109 -159.493883
60.472216 -147.726642
58.028454 -154.731059
57.286866 -153.096133
58.344077 -136.360416
54.991159 -162.707083
55.984079 -160.58084
56.603925 -154.524629
48.941955 -122.766096
55.367565 -133.492355
60.035978 -152.590169
55.158273 -130.134811
41.650302 -87.125835
26.061929 -98.128331
41.038738 -73.516903
56.160794 -133.54283
46.726739 -123.916874
59.988253 -152.649479
46.519956 -87.046022
48.153186 -91.139402
27.819183 -97.092589
56.606926 -132.400818
43.691029 -70.087257
19.551779 -155.962264
40.260974 -124.363414
48.179204 -91.07566
48.999443 -106.500592
38.155718 -76.701297
55.125508 -131.558603
18.234289 -65.597618
30.360497 -104.814779
39.37949 -75.399304
47.02179 28.81904
44.093601 -69.101107
55.002341 -130.247951
46.239787 -123.875525
57.15757 -156.357358
30.256564 -87.948979
46.316505 -70.204373
59.214273 -151.292812
57.500331 -157.649389
51.857801 -178.215124
20.861369 -156.132669
59.999263 -141.2682
60.161073 -147.783583
45.250515 -71.194878
63.178804 -170.181985
27.745205 -82.760923
55.162146 -131.33399
56.485881 -132.279753
55.103832 -161.576645
28.108881 -96.84538
30.573114 -87.907891
45.51305 -84.116687
29.561081 -92.473585
19.627605 -154.963933
45.061094 -87.500603
29.53283 -91.432337
19.642816 -155.997728
57.196351 -154.539552
47.305094 -68.384706
44.329597 -68.762021
27.018587 -80.093909
37.157338 -75.978083
55.755075 -160.695227
56.407697 -134.042704
29.148064 -95.026219
55.433537 -163.159317
57.169704 -135.463135
55.863719 -160.564014
43.81836 -69.588551
61.102143 -147.977566
47.874815 -122.631857
60.241826 -148.192569
59.618549 -139.649689
33.961439 -119.714696
47.79704 -122.495346
56.963583 -156.918796
28.929709 -89.419865
61.638201 -166.053983
60.487331 -146.523865
60.657184 -145.639984
59.215743 -151.75853
47.339309 -124.293288
60.267811 -165.686143
54.895804 -130.95462
61.088342 -146.284342
47.06637 -124.173501
51.550892 -178.735535
42.554601 -82.616848
20.6671 58.8971
37.250427 -76.874746
48.735708 -122.637146
47.890242 -122.618873
48.704481 -94.328434
46.169824 -123.841521
58.170941 -152.559884
52.31369 -174.455979
48.122985 -91.708099
52.804676 -169.995422
64.444917 -164.835679
44.062229 -76.162574
70.94749 -155.454991
51.706906 -178.021818
21.540058 -158.234314
32.923545 -118.485288
48.070795 -122.747389
47.567469 -123.012998
45.768285 -123.981864
34.605032 -77.209161
48.648104 -94.167725
30.328096 -89.291844
58.271992 -136.40004
38.369655 -77.104717
46.113482 -84.061329
46.971577 -90.980316
18.959934 -155.625
55.069344 -159.825348
52.169053 -174.424054
57.650349 -135.514801
60.596029 -148.114766
47.411806 -91.106218
48.741171 -94.640803
42.582425 -82.555938
47.45817 -123.106486
58.884671 -159.601899
37.230439 -76.919956
25.162865 -80.697462
41.260099 -72.506634
52.990352 173.121988
38.076971 -76.543155
41.428442 -82.29158
55.514306 -132.573094
26.482972 -97.262546
37.794849 -76.310307
60.69884 -164.991665
70.258021 -161.67622
37.55814 -122.244372
30.537566 -87.905343
54.761828 -130.657754
43.337361 -77.756931
38.118127 -75.949557
35.355638 -76.304781
43.753794 -69.782429
20.56859 -156.548909
46.581547 -85.035476
46.581081 -90.537962
55.129586 -131.077162
52.775557 -169.733942
22.220009 -159.385977
60.24927 -148.275752
48.706434 -94.368583
37.822717 -76.293525
58.390246 -135.826079
63.333789 -168.937385
52.886272 -169.704736
44.496252 -67.733986
39.345016 -74.459894
61.859663 -165.600043
52.145393 -173.59056
55.80126 -159.961184
44.402847 -68.359082
45.80864 -84.525406
48.697077 -122.663259
54.927627 -162.437501
56.975743 -132.794021
37.78519 -76.689773
34.67255 -76.618719
55.005848 -133.172653
56.489877 -133.898589
70.471075 -150.338851
57.094339 -135.574693
44.129991 -69.075667
58.380839 -135.90731
29.750211 -84.93837
51.713123 -177.697662
27.24448 -97.500162
38.873831 -76.364678
63.785581 -171.66733
57.950231 -152.983763
29.618694 -92.093419
39.408465 -76.016531
22.226321 -159.441809
45.669733 -86.611306
58.774141 -158.7698
36.163251 -76.3935
54.825447 -159.568115
43.36346 -77.952937
53.416941 -168.40418
57.040584 -132.871353
58.841526 -157.21571
47.359888 -68.323186
57.001874 -135.342801
55.449062 -133.265717
45.977499 -84.684368
45.268695 -71.353446
56.611801 -133.673621
54.699025 -163.194952
54.060634 -165.897261
35.458604 -76.905825
34.460208 -120.088591
54.999263 -163.284009
45.179425 -67.407139
47.399269 -69.042002
18.46907 -66.470292
45.790134 -85.44783
44.773471 -75.397007
66.553292 -161.544484
66.837647 -162.594237
44.298624 -68.430946
40.948998 -73.683273
45.75001 -84.910398
24.721643 -81.300873
27.585283 -82.611717
25.151185 -80.712896
44.637081 -88.009766
39.156246 -75.410625
60.153592 -165.697273
61.167339 -150.15834
45.271823 -86.974528
29.819487 -102.161674
48.170731 -88.419875
61.663632 -165.903783
38.140713 -76.508825
46.810656 -124.101232
55.307196 -160.580668
43.728451 -69.994479
67.016552 -162.519046
61.387686 -165.915445
47.089917 -91.573817
33.483345 -119.038544
53.463039 -167.199966
70.489931 -149.400623
45.839335 -67.769179
27.732706 -82.62502
36.18419 -76.254064
44.42369 -68.372445
48.259282 -124.295693
27.897445 -97.1336
58.71053 -158.878198
18.180368 -65.734664
29.131342 -90.898215
56.679569 -133.724121
57.081733 -133.076481
55.371136 -133.674377
57.885371 -135.514151
59.65662 -149.976552
24.42386 54.43412
56.696135 -133.762049
29.681129 -104.540559
55.175941 -159.662582
30.242662 -88.71183
40.446069 -74.116863
64.937114 -166.530518
28.387459 -178.330566
60.315849 -147.183899
56.011764 -132.428476
42.452092 -70.943612
18.453305 -66.138532
55.566217 -130.810662
55.252775 -162.702851
48.998903 -95.153711
64.524948 -161.045947
34.785076 -76.463016
46.048012 -83.732002
70.199222 -147.272477
25.986369 -80.117778
64.898659 -161.200964
45.375973 -84.959119
47.003644 -67.78926
43.981003 -83.227093
58.13568 -154.291163
29.664041 -101.367198
57.900358 -152.567395
47.82391 -124.50668
58.313894 -136.276769
48.515568 -123.015472
29.953699 -89.719067
55.473167 -133.396515
56.44899 -132.599792
47.185383 -122.710808
28.099454 -96.889113
52.652105 -170.557324
21.611183 -157.910797
48.065189 -122.38769
30.245039 -88.078786
55.474938 -160.536654
58.551819 -161.051834
48.537865 -122.816605
46.912954 -89.227914
58.272587 -136.041336
41.78474 -86.777227
41.804334 -87.580948
17.979379 -66.445481
60.798038 -146.304445
59.735628 -140.178132
38.504157 -76.283595
55.047 -159.597824
24.572701 -82.110466
26.027426 -97.224842
38.230556 -76.035695
59.012421 -135.330307
47.202476 -68.950397
70.807394 -159.331021
41.373665 -71.502926
41.386104 -71.474918
60.916771 -165.11966
54.164499 -165.825159
57.00138 -156.752305
70.436935 -151.785657
41.194015 -73.07945
31.288634 -105.869353
46.064072 -83.839081
57.175445 -153.123865
52.856266 -169.990149
71.194662 -155.760802
70.45261 -150.957813
27.923364 -97.121534
61.641199 -166.031834
44.187258 -68.567249
40.884799 -73.767076
60.46302 -148.700685
45.712063 -85.696259
45.405547 -86.853145
45.103962 -85.595029
58.157712 -134.259705
51.959209 -176.130508
28.302341 -96.55326
59.968568 -141.547787
38.347986 -76.238452
63.904646 -160.810798
29.54325 -94.503429
57.608749 -133.234598
52.744283 174.003651
61.453827 -149.72647
55.945407 -161.049162
55.363039 -132.166857
67.388101 -163.853584
60.169632 -144.484756
55.877802 -159.347681
45.733249 -123.946027
44.303707 -124.10907
44.42808 -68.815325
44.321385 -87.545382
70.861025 -157.840997
56.434885 -133.839117
57.481572 -152.720471
55.548966 -130.829698
29.355626 -91.158707
41.13784 -72.306381
66.082833 -162.876016
56.460257 -133.160996
47.316403 -122.547747
56.200455 -156.783234
38.108087 -122.491283
51.904003 -177.466812
25.850026 -97.445113
53.392276 -167.653113
29.718597 -89.471992
56.493376 -133.921616
29.342301 -91.150617
48.236296 -91.959166
59.633662 -151.503822
43.015762 -86.232707
57.569841 -133.945156
47.028091 -90.562126
47.486858 -122.46003
47.309878 -68.152302
42.425197 -70.908392
43.867883 -82.65545
58.922575 -159.724603
61.296689 -150.646221
61.096394 -164.868009
60.671118 -145.899208
55.340988 -130.929871
54.826047 -130.947098
44.399909 -67.997288
41.708333 -82.808869
60.176167 -148.003433
43.735795 -87.709885
60.054233 -164.302968
26.10709 -98.270034
54.949418 -160.121347
47.768176 -122.714801
48.352063 -92.203684
55.399025 -160.665927
57.324872 -134.121795
46.602975 -90.949621
39.44788 -75.578914
28.012381 -96.962569
59.577622 -139.663968
38.920907 -76.249674
32.260183 -80.618286
46.504119 -84.111225
48.244269 -92.280727
17.969411 -65.98455
30.798078 -105.261361
57.119491 -152.997246
59.949544 -166.86653
59.477994 -153.706419
55.282904 -131.618931
42.884845 -78.891655
41.726143 -70.275203
55.862301 -132.309949
56.268746 -132.351144
55.900352 -160.93045
61.089818 -164.940903
46.635623 -87.467965
39.462022 -75.589901
64.685934 -162.138832
26.228699 -97.32128
27.884027 -82.424454
21.5637 -157.8669
39.215511 -75.041663
43.699901 -83.55147
52.816088 -169.879866
56.870963 -132.947081
29.349186 -89.847124
51.826045 -177.852285
55.25925 -131.065161
43.689071 -70.191041
55.987373 -132.049545
29.170959 -83.060947
58.492765 -135.955625
63.356733 -169.38408
44.347404 -75.982392
52.135878 -174.036854
29.740966 -93.065354
46.992599 -89.128698
27.76 -97.127681
56.056824 -132.930014
39.61256 -75.613665
48.279351 -92.406706
44.257074 -68.211329
37.82277 -76.692747
39.526638 -75.526654
55.965618 -161.380557
40.698995 -74.037998
48.911239 -122.751289
46.524472 -87.38929
60.918613 -148.08522
60.828701 -148.148298
29.199992 -89.090724
41.553615 -124.092404
58.317335 -152.064778
54.394216 -164.743977
18.492775 -66.79932
43.093205 -79.064754
61.062778 -151.142587
19.274213 -155.264619
14.60684 -90.51488
60.873924 -147.309086
56.889766 -158.83632
21.2606 -157.8211
43.798684 -69.99821
43.706085 -124.193455
45.341435 -70.819471
55.225605 -162.046242
45.291412 -67.482315
46.439378 -86.70323
48.094447 -90.344234
56.962189 -153.979743
61.278431 -165.623317
41.532538 -71.234775
33.278628 -119.578942
55.302692 -130.823749
60.271278 -146.689133
58.106464 -134.139847
48.025286 -122.860994
45.689012 -67.729908
29.284216 -103.917106
70.869167 -154.645793
41.337799 -71.945652
48.110302 -90.767615
53.317263 -168.009301
40.899397 -73.626972
45.178477 -85.606963
44.87044 -87.848324
45.003464 -73.639718
45.52956 -86.670204
57.651138 -153.858545
47.617816 -122.500357
46.41659 -70.056433
53.364102 -167.291831
52.512072 173.769503
47.96793 -89.640129
29.862909 -89.660568
56.513237 -132.538528
71.193899 -155.895105
48.010737 -89.822594
27.377947 -97.493492
59.644886 -150.086535
47.441921 -122.355135
41.464831 -71.36152
29.084167 -89.055475
60.845065 -147.626585
58.166794 -134.703727
28.544741 -96.145448
55.868183 -159.116669
58.957292 -136.572163
48.998557 -113.087863
44.965254 -87.766872
39.53144 -75.526787
57.459475 -156.211485
58.296756 -152.030073
51.984848 -176.021839
35.559101 -75.906848
41.740738 -83.424076
31.783689 -106.993544
26.434002 -99.113808
55.793941 -159.290848
48.509123 -122.684521
55.284245 -133.442719
70.464894 -149.082079
41.077413 -71.93825
44.11618 -68.438518
60.473525 -152.331365
60.379261 -148.01445
59.510199 -150.615152
57.752318 -152.852269
46.071808 -83.840271
61.588481 -166.182688
30.50975 -88.100874
48.561779 -93.806748
19.26906 -155.172413
26.516741 -97.425861
61.06883 -147.95282
46.757856 -85.063556
59.381521 -154.025696
46.497548 -87.175065
29.129123 -100.727462
59.361005 -135.016206
25.183443 -80.624185
55.75555556 37.58305556
58.114321 -152.514794
48.586109 -122.940872
58.184631 -154.219755
55.792892 -133.313889
29.780303 -102.512687
43.341255 -78.696856
56.093405 -158.475258
48.437046 -122.926247
57.497763 -152.939573
48.026079 -89.984332
22.155555 -159.308855
60.513164 -165.377559
47.48842 -122.365236
41.704235 -87.515243
34.058351 -119.916216
56.770213 -153.904732
29.055317 -103.434668
27.897522 -97.130145
45.192546 -85.564654
45.72053 -86.67148
38.001691 -123.016303
29.701033 -92.940455
27.161166 -97.370941
57.185337 -153.36818
60.818252 -147.729421
48.244394 -91.952209
57.882318 -133.600658
48.529251 -123.163597
33.959212 -119.758141
64.477945 -163.027158
41.000897 -73.583968
36.01051 -75.727084
29.828328 -91.869998
46.734733 -91.645502
59.392532 -153.954717
55.380314 -160.521399
70.849543 -159.152026
46.384233 -70.118597
58.184031 -134.885857
42.791758 -78.851355
52.848372 172.76739
60.212358 -148.357224
55.064849 -162.489735
63.473422 -162.301869
55.568439 -132.562387
29.74937 -91.737253
37.729913 -76.304917
38.341697 -77.016932
27.30504 -97.504742
35.883149 -75.62767
38.202384 -76.937134
30.324198 -87.796717
43.831224 -82.633641
29.040813 -89.211144
46.705184 -123.966886
48.196549 -91.789011
47.060909 -90.394312
66.214154 -161.263655
27.909859 -97.075737
38.122214 -76.011916
48.251199 -91.954397
54.719346 -130.695817
38.309106 -76.017364
59.202619 -150.970214
70.790777 -152.263346
59.562061 -151.208364
45.216606 -71.409119
59.847454 -149.38002
38.41483 -75.054591
35.176826 -75.819172
48.101906 -91.615255
51.916364 177.560513
55.232592 -161.875759
60.414253 -166.124379
36.040784 -75.737088
57.672051 -135.709595
58.096884 -154.312881
27.671141 -97.242172
45.964111 -84.608704
33.914563 -120.049682
29.211765 -90.04291
24.744486 -81.33609
54.888785 -164.550256
40.884599 -73.772776
37.70912 -76.598073
44.61795 -67.27706
60.373719 -162.329444
41.853962 -81.01049
56.80798 -133.890805
45.770356 -86.821523
25.028317 -80.509136
56.121275 -134.259913
35.387118 -75.506722
21.578789 -158.277679
59.413732 -153.911268
36.472488 -121.937205
55.504978 -133.459641
45.954494 -86.150173
51.915348 -177.952094
55.78516 -133.32103
60.651569 -146.262982
38.10583 -76.46533
61.231586 -147.793872
25.17285 -80.806177
48.5871 7.76159
57.750825 -152.904312
60.755219 -148.216232
63.631654 -162.425265
45.05609 -87.491507
44.428112 -68.880271
57.564159 -135.419205
57.36776 -135.711401
61.003979 -148.065505
30.093021 -84.245668
52.092167 177.675952
44.056186 -83.621078
57.341888 -134.806352
66.580834 -164.345015
55.667337 -132.448855
27.500496 -99.497519
46.963844 -90.969017
57.912135 -136.557651
19.570622 -154.903542
30.087982 -84.201585
55.412555 -131.809721
54.914833 -133.089371
41.665973 -82.796333
29.656614 -94.915413
48.279425 -122.732022
29.345061 -89.189354
43.855608 -86.433915
58.259639 -154.172017
46.233233 -84.159485
31.326491 -81.282923
48.099444 -90.495637
29.520285 -101.19272
45.505171 -84.109238
59.841743 -149.365738
37.222981 -76.389793
48.594685 -123.204048
43.760849 -70.060928
34.052127 -119.807825
45.442315 -87.334249
48.067917 -90.010866
45.805355 -86.355062
71.007321 -154.581129
56.675913 -133.75965
55.043644 -159.859604
37.231579 -76.010535
55.039115 -163.894695
34.622023 -77.169701
27.016935 -97.456421
29.931705 -89.583099
54.914842 -159.203228
58.611671 -153.832837
40.994084 -72.109008
58.186368 -133.222898
56.116001 -134.111006
55.8964 -133.40253
55.099834 -132.876999
34.015975 -119.433912
41.461116 -71.196857
55.915641 -130.021425
44.501123 -124.083601
46.315737 -124.020551
66.874325 -162.623054
48.156952 -123.651408
29.192564 -95.148594
57.278233 -133.856979
38.979402 -74.819354
27.920248 -82.462459
70.498172 -150.429915
57.091387 -135.83489
55.008047 -132.196215
41.015995 -73.595699
59.424385 -150.676113
29.285839 -94.879239
18.056818 -65.809174
55.481589 -132.608786
43.602935 -82.6005
39.416502 -75.538512
45.316761 -71.014268
28.064787 -100.017914
32.757422 -79.866742
58.981734 -153.505618
20.514943 -156.631143
56.56076 -157.83842
45.941235 -83.827568
45.600529 -86.670982
37.840437 -76.766328
25.864954 -81.417536
47.880807 -122.513986
55.399094 -133.443573
41.510077 -70.982654
36.923047 -76.139557
48.017965 -89.721038
18.318524 -65.253174
29.833156 -102.362514
48.999377 -108.543194
48.518029 -93.709147
45.203357 -83.381647
48.973943 -123.028091
38.931194 -74.963463
26.540316 -99.170704
57.475311 -133.960195
35.94325 -76.340327
41.632229 -71.34657
29.038997 -90.755677
56.606908 -154.206001
32.47881 -80.386827
56.491821 -132.562317
55.151707 -160.12642
64.563356 -163.597834
37.968873 -75.750244
42.60662 -87.819374
56.240065 -132.601495
55.360387 -133.025126
36.014368 -121.531876
37.963115 -122.430087
59.158389 -136.826633
29.466509 -94.686386
45.001223 -73.874597
46.880233 -91.18175
30.535144 -104.889376
30.652694 -87.93107
35.160708 -120.686974
29.062649 -90.648058
44.185473 -68.577957
44.060801 -76.17685
42.675798 -124.45074
56.630017 -134.998369
51.839557 -176.517599
44.430049 -68.3791
52.3176 -173.985203
55.243828 -159.844622
21.699955 -158.018127
55.180834 -159.846264
45.767497 -67.809083
58.396396 -152.125339
41.150797 -73.111052
52.724301 -170.070287
48.237304 -92.321746
61.673029 -165.809933
56.974554 -132.924891
38.911312 -76.317947
59.545472 -150.614808
38.61401 -76.231187
29.182571 -95.148118
21.891355 -159.555415
18.310464 -65.222853
35.965758 -75.648899
60.292821 -144.892815
60.83945 -147.924266
59.044207 -154.18958
43.875639 -69.524673
58.047103 -134.138231
46.631584 -90.920936
66.945033 -161.692146
57.07288 -153.337468
56.342407 -157.901962
57.088891 -133.125306
36.381879 -121.901813
57.538271 -153.939099
43.848239 -70.002874
46.664402 -90.694721
46.198751 -123.71278
45.649202 -86.708038
59.588093 -139.715363
63.457519 -169.906304
58.982914 -135.38931
60.251346 -152.528206
48.468575 -122.969078
35.635399 -121.166712
58.835453 -160.208557
63.78757 -171.682494
48.01151 -89.673798
63.782971 -171.743398
46.500438 -86.641088
57.735084 -153.504982
31.693874 -81.154624
37.774632 -122.304345
37.869946 -122.421341
39.041158 -76.212616
56.474192 -159.938337
57.256956 -152.943463
54.687595 -132.694977
37.613715 -76.28037
41.652796 -70.815729
59.807002 -139.598294
55.812718 -132.113361
45.237555 -70.83877
55.689831 -159.535961
24.990244 -80.537995
32.979282 -79.60102
59.290995 -135.368074
63.622069 -162.498175
55.224758 -133.362411
27.741771 -99.801651
29.3487 47.5235
47.530178 -90.910127
44.432244 -75.82083
45.958371 -84.428689
33.01469 -118.606559
29.219337 -102.908787
41.452955 -70.553277
51.947784 -175.868759
51.413419 179.23027
38.907113 -76.459479
19.179546 -155.427093
52.720416 -170.077734
30.225753 -87.999996
59.99923 -162.503647
27.88542 -97.118788
41.877793 -70.067566
55.95321 -160.892174
60.785539 -165.020309
49.308834 -94.824291
59.708969 -139.588776
26.957688 -82.107972
54.759773 -159.51387
48.835731 -94.697055
24.964738 -80.581131
46.098713 -70.284554
59.708017 -149.920396
45.606457 -86.60418
45.378176 -70.660775
29.369864 -91.249109
36.485809 -75.917283
60.269023 -162.540741
54.806412 -159.751816
48.223717 -92.372802
42.046016 -124.287374
46.362669 -70.141164
40.448424 -74.163314
45.78974 -86.395809
47.129689 -88.28904
63.229906 -162.662614
43.051113 -87.882084
56.239439 -132.672471
55.359855 -161.325325
58.732842 -158.800959
55.878784 -131.776737
17.950989 -67.188717
41.454597 -71.312718
34.463434 -120.038828
48.999207 -106.050543
26.11394 -97.294054
17.963368 -66.906276
61.202556 -149.976789
48.106509 -91.575853
43.056006 -70.71363
28.997967 -89.158593
60.536701 -164.965488
53.349126 -168.40418
45.32644 -67.456288
45.060661 -87.495479
48.232598 -122.449605
26.236735 -81.820675
69.640846 -141.394082
32.843047 -117.28117
47.197558 -68.848505
45.007998 -83.431254
47.207394 -122.726868
42.272542 -70.917056
59.024745 -154.132449
18.119329 -65.546199
43.981594 -83.848276
63.475434 -162.045709
60.631932 -146.263142
48.109567 -91.653571
45.019254 -67.074914
60.745275 -146.683697
57.094523 -153.18001
39.031595 -76.301027
35.906 -75.617045
47.456615 -69.178412
48.405626 -122.596732
37.992429 -122.97439
57.593357 -152.426062
44.255405 -68.212474
26.667339 -82.106247
55.357689 -160.646156
21.198012 -157.097971
59.248457 -151.449207
55.891025 -159.170926
57.092571 -153.128881
58.404297 -154.040013
35.952464 -75.943608
43.839213 -76.299065
59.633729 -153.366613
46.331316 -70.207415
60.639576 -147.469559
41.760243 -81.286925
40.912821 -73.514999
45.070589 -71.497917
39.459131 -75.508383
57.327638 -134.034563
57.939461 -135.71833
45.618249 -86.633224
57.433595 -133.965546
52.344514 175.890684
55.135529 -133.210129
61.224213 -150.84241
47.59572 -122.387139
29.420931 -91.211999
25.17706 -80.846395
47.237137 -122.629906
24.596192 -81.795182
70.50375 -149.432083
21.890996 -159.517973
58.67049 -136.239487
59.691836 -149.919444
45.662819 -67.719651
66.996586 -162.817734
28.158048 -96.816836
40.863899 -73.655872
49.124994 -94.774228
26.12037 -98.265698
41.051347 -73.468239
46.999419 -89.03949
48.363005 -122.588891
58.148294 -154.436518
42.704558 -79.00616
64.520341 -162.554875
44.234033 -68.266669
64.651229 -166.413926
36.07527 -75.73972
45.051465 -71.505091
59.858343 -153.225937
42.826183 -78.871932
45.158418 -86.050473
41.032579 -72.190563
57.185003 -135.399312
57.921919 -134.926395
45.749255 -86.496251
36.171817 -76.263582
60.465017 -145.96106
45.056273 -87.491765
18.135912 -65.489829
39.539124 -75.569418
57.957331 -133.702202
47.020355 -90.547852
28.704538 -96.57802
27.418124 -97.329585
55.232775 -162.045694
54.848894 -131.976847
46.574178 -90.47376
41.54647 -82.749907
51.653604 -177.651386
55.849252 -131.558876
47.758519 -122.380241
44.997032 -74.45753
55.378042 -130.989437
60.72495 -148.020259
55.223568 -133.377884
27.487615 -82.707821
42.853306 -78.872227
32.94487 -79.617715
59.663802 -135.945905
48.181509 -122.693084
48.456081 -123.021423
25.841043 -80.119684
56.484208 -158.328798
61.654432 -165.967894
26.997356 -99.403694
41.316612 -71.862109
60.241081 -148.139869
38.619778 -77.12463
56.494147 -133.417795
29.661336 -94.893107
38.415541 -123.103706
45.18407 -87.563417
41.607345 -70.408535
59.953861 -162.10856
55.155971 -132.587868
51.634011 -176.823682
35.919564 -75.65954
48.134949 -123.590839
47.599575 -124.371746
63.616245 -170.113066
47.923703 -122.376837
45.012874 -74.819641
70.306679 -161.080282
56.733493 -133.941801
47.59122 -122.342937
57.3144 -133.822723
44.588745 -67.532684
37.68472 -76.315161
70.176944 -146.272965
30.239237 -87.893201
56.628918 -135.029747
43.547199 -70.224876
63.208819 -170.277721
58.403464 -152.812207
20.931936 -156.230159
48.096726 -122.69164
57.550232 -135.347597
42.992415 -87.878683
58.141465 -134.820663
42.221816 -70.74723
43.083141 -79.074678
63.775762 -171.659873
46.938429 -90.954537
63.619072 -170.154754
28.972099 -103.163865
60.816346 -146.819018
53.272983 -168.596432
60.064816 -148.038116
29.807343 -101.966167
60.154404 -144.27108
46.256512 -84.097766
26.700589 -97.345822
57.033921 -134.612167
59.070797 -153.809866
27.871223 -97.252213
42.961321 -70.771729
57.892849 -134.218307
60.024496 -164.1916
51.820639 -177.205675
48.998581 -113.085576
46.966665 -88.143688
40.691139 -74.04692
47.414047 -122.514702
57.029203 -134.049218
51.606497 -177.903083
56.466124 -158.246144
48.603303 -93.395022
52.595711 -170.635419
58.028714 -134.804963
38.020247 -122.972378
46.228654 -123.586205
27.338289 -99.504837
55.655524 -159.696224
55.920916 -134.152216
51.808047 -178.086074
55.437759 -133.451904
39.496353 -75.587729
48.253316 -92.389305
57.247002 -133.513213
56.411015 -154.789003
28.155588 -100.119628
57.963509 -153.452645
57.470141 -135.55031
56.542162 -169.640735
24.728306 -81.317055
44.756329 -75.423943
29.624804 -89.684486
58.789276 -161.18338
59.284252 -136.466815
43.825065 -69.697239
40.554991 -74.216997
26.056153 -98.197046
57.217488 -170.33188
47.391521 -122.325734
57.993762 -134.76529
56.621315 -157.605231
56.416284 -132.628592
58.206289 -152.219826
45.165735 -87.21437
55.896216 -133.945619
43.79636 -70.046165
47.852306 -122.33595
45.779152 -87.058127
45.393115 -84.91585
28.691306 -96.559699
44.607877 -67.420602
32.822247 -117.280971
56.642202 -132.62545
55.337004 -162.680487
63.098565 -169.471949
64.437736 -163.091486
49.380565 -95.149747
63.701173 -171.755552
16.82543 96.14473
29.214698 -102.87802
41.407962 -71.455371
46.231992 -84.219494
42.741789 -124.491679
21.3689 -157.7126
41.7708 -124.23972
56.597272 -134.997669
48.627098 -93.837392
56.456127 -132.576599
48.094577 -90.367658
56.522714 -133.675836
33.907853 -120.098601
56.48225 -133.792831
48.669125 -123.149139
47.126604 -88.289543
58.961999 -136.160293
60.060177 -141.383366
25.953132 -97.147785
55.772061 -160.048711
55.491517 -130.085413
17.976683 -66.31695
27.8911 -82.63212
51.846253 -175.963041
29.436805 -94.706365
38.32427 -75.085518
48.615139 -123.000359
48.108659 -90.465495
55.568476 -131.684392
47.270221 -122.863732
60.819939 -146.622225
70.152604 -143.593813
37.592501 -122.360219
55.015365 -132.582546
36.07264 -75.799779
38.006327 -75.97039
54.168731 -165.868076
41.338833 -70.308296
56.23294 -158.334506
34.021543 -118.783433
56.27976 -133.982471
45.357536 -83.496704
29.074109 -89.073408
35.867302 -75.60125
56.588613 -132.363836
29.681775 -85.208981
32.273278 -80.571096
47.389259 -69.044259
52.048623 -174.508822
56.428534 -131.130165
18.266671 -67.187843
60.364033 -152.023834
30.391998 -88.884829
47.726404 -90.441912
45.176114 -67.293484
43.765458 -70.11663
25.794582 -81.341598
64.423074 -161.504903
52.368357 175.95056
46.962232 -90.855874
56.058164 -132.180417
39.125327 -123.721505
55.667263 -132.415237
27.444331 -82.691004
37.73169 -75.831438
18.386939 -65.584537
26.061834 -173.956879
27.060242 -97.457848
41.95761 -80.581882
40.826837 -73.7544
55.328874 -160.662674
55.305071 -130.701207
30.380967 -86.850625
59.972137 -148.219803
27.705907 -82.671621
56.349072 -157.811539
36.842268 -75.972151
34.824219 -76.362591
71.083231 -154.777335
48.447703 -92.537202
48.998842 -102.131614
55.303276 -160.306549
44.414179 -68.499686
56.150959 -156.787048
70.0588 -162.350558
48.126885 -90.783471
49.000167 -121.251244
57.245541 -135.6586
51.814493 -177.136977
56.619628 -135.036432
57.869286 -152.70358
56.515994 -133.139228
34.535574 -77.322524
54.982133 -162.266743
58.096793 -134.784927
44.60804 -124.067251
21.459483 -157.84099
55.796992 -159.404326
57.221679 -153.201722
37.000371 -76.312048
41.161321 -71.543872
18.13284 -65.511712
26.147762 -80.101366
44.771335 -87.318982
56.908714 -134.294362
48.009398 -89.60973
45.345419 -71.004848
48.771492 -122.596844
59.582382 -139.719177
57.247597 -133.531052
60.335266 -148.170881
32.687751 -117.192967
36.146113 -76.236432
57.84621 -134.192612
36.850425 10.270178
59.849939 -166.512223
32.540606 -80.186043
29.524854 -101.235275
46.020385 -83.93547
21.648081 -160.542404
48.162081 -91.117965
45.982541 -70.307463
45.598166 -85.630016
35.53856 -75.482237
35.423084 -76.01139
54.244834 -165.615629
60.63049 -145.937067
48.769315 -94.672812
44.248558 -69.029434
64.507521 -161.013228
66.846547 -161.785495
33.475956 -119.027031
44.272721 -124.114869
47.139156 -91.456965
54.065701 -165.512772
38.14115 -75.900355
35.550546 -76.456427
30.4761 -87.924211
60.44792 -145.012409
44.880571 -83.320503
56.454861 -132.716056
35.718356 -76.002366
55.005777 -160.052093
58.608228 -136.200392
30.252393 -88.158303
56.644719 -157.846637
59.608687 -151.188032
43.721125 -69.835323
29.164949 -89.00529
42.000042 -86.556421
47.906993 -89.758714
58.995286 -153.479939
25.504937 -81.208201
58.405087 -134.867966
48.084373 -88.578053
45.76108 -84.781373
64.834278 -166.407303
55.040822 -130.209512
46.061897 -83.565353
57.001324 -132.822571
46.842496 -87.680668
48.438831 -122.904236
57.746105 -135.012577
45.75313 -86.975224
38.924594 -75.312282
51.4256 -1.69988
66.234444 -160.993965
56.560866 -169.672818
45.868295 -86.625736
58.219488 -134.425379
44.220824 -68.945976
29.262537 -90.070622
29.759618 -93.344993
37.759647 -76.680922
40.885447 -73.781338
38.254932 -76.038935
24.58196 -81.730473
41.587508 -71.2436
44.221244 -76.191328
44.889763 -85.530649
40.842036 -73.788221
61.306719 -165.831365
26.272152 -98.707451
49.00139 -114.375977
45.007791 -71.915009
47.958796 -122.349597
70.229675 -147.191574
47.470008 -88.048226
55.117859 -163.302054
39.292212 -75.285333
58.821255 -153.369389
45.497225 -84.028813
27.335574 -97.53833
56.135126 -133.574399
59.93692 -148.148407
57.303514 -133.240765
56.265832 -134.634668
21.305768 -157.910925
29.77608 -83.584716
58.819271 -160.686356
34.005918 -119.396251
57.517219 -133.901074
59.6386 -153.414898
63.555648 -162.676581
56.220412 -133.67419
48.097567 -122.718558
43.309632 -76.794708
30.46738 -104.866094
41.734486 -83.451897
19.853443 -155.945297
29.804028 -102.034759
58.224782 -134.131456
54.945766 -132.910919
47.179482 -122.814238
60.650521 -145.639984
58.701923 -134.945292
20.808246 -156.033287
44.39907 -68.565161
57.049048 -153.580831
51.707294 -177.145675
48.748066 -122.883392
70.30853 -161.844213
54.599188 -164.179617
65.538181 -167.851234
47.909474 -88.968903
26.5043 127.997
42.134965 -124.351784
42.024102 -80.373066
43.881496 -69.313805
26.332262 -97.391001
30.348124 -88.188527
57.389824 -152.26767
60.687468 -165.0433
48.518294 -93.643091
28.174808 -96.816443
48.656654 -94.250497
48.016485 -89.724318
43.879771 -76.261945
38.278047 -76.99767
61.011153 -165.020265
53.514297 -166.761175
58.78223 -135.017865
30.083018 -84.135683
52.285036 -174.346089
45.837101 -123.961544
51.843975 -177.691714
51.398929 -178.977782
43.664685 -70.240119
47.459686 -69.22442
52.146192 -173.654404
38.724385 -76.270277
54.813076 -159.743256
43.959235 -83.877694
44.508944 -67.740076
66.243163 -161.337269
52.069439 177.659451
40.422708 -74.058984
29.82444 -91.964214
41.516677 -82.721914
42.143767 -124.361563
55.330662 -160.046097
60.039833 -148.052399
54.790936 -163.372806
44.748744 -85.554326
45.9005 -86.567719
29.415132 -94.8873
46.092441 -84.071741
56.173755 -134.253135
48.127137 -123.085154
55.959468 -161.023376
69.983132 -162.471549
36.918447 -76.328864
38.417803 -77.319036
28.012547 -82.815168
29.259126 -89.965667
46.806226 -88.473342
59.05284 -153.750936
45.859961 -67.796514
57.767169 -152.46555
55.081001 -131.595137
58.417375 -136.053028
42.692699 -70.630077
38.184242 -75.15897
22.217602 -159.523769
48.515731 -93.656652
33.213598 -117.401926
62.427352 -165.26927
57.961083 -134.068949
45.663345 -84.400283
33.035951 -118.594033
60.751286 -151.270505
35.530998 -75.950126
45.352637 -83.546799
48.091681 -90.04902
63.188107 -163.70398
46.763634 -85.173042
57.259083 -152.944201
45.40789 -86.917686
24.7521 -81.327995
47.371188 -88.418673
46.479712 -85.015211
55.866062 -133.216337
27.861954 -80.446973
44.566589 -88.042414
32.970921 -118.529228
46.493338 -124.057024
45.142568 -85.554083
56.148164 -134.024495
57.859365 -133.569787
33.899129 -120.109137
48.198599 -124.696111
25.230443 -80.469842
40.878199 -73.654372
28.250083 -96.787181
27.869975 -97.03166
41.549926 -70.654302
45.325824 -70.808322
28.224128 -96.800413
19.8022 -156.021732
60.709057 -147.390549
18.290443 -67.196056
58.681698 -134.960758
26.717398 -82.259867
38.396003 -76.40271
48.50398 -122.671386
29.864552 -89.254517
30.233956 -88.656804
60.443134 -152.330263
57.894251 -135.611849
43.823024 -69.705838
46.812411 -87.65151
46.450976 -86.883976
41.192448 -72.16217
41.270994 -72.023422
55.122405 -159.59382
60.717146 -148.601699
46.93671 -90.694489
37.902573 -122.472303
51.917216 -178.145326
30.956615 -81.426929
27.144734 -97.444945
58.713634 -158.343545
55.986103 -160.529292
17.970204 -66.928651
29.211561 -89.015192
42.351874 -124.425554
48.23777 -91.906967
47.199042 -88.228987
26.755881 -82.251134
41.608579 -69.987192
56.751431 -133.250686
55.71858 -131.82616
44.93289 -83.433032
29.122886 -90.731239
38.272329 -75.938577
45.311606 -70.808613
28.645505 -96.54545
45.265723 -87.078316
44.051794 -87.656083
43.841972 -69.575466
39.337472 -75.479845
60.595062 -148.229961
28.508399 -100.362148
56.471783 -133.777603
28.698431 -96.222802
59.554628 -150.412448
45.139992 -83.315924
37.600215 -75.924756
58.21921 -136.03616
59.387341 -161.904053
48.001821 -89.588996
55.479246 -131.785519
45.104617 -86.060396
58.418782 -154.055759
49.000621 -121.059966
54.932849 -164.427303
55.547657 -131.713547
55.773109 -131.602301
34.760329 -76.584173
55.699806 -130.129518
32.497286 -80.452078
48.999562 -103.923261
26.923191 -82.169491
56.49202 -133.122245
46.492821 -84.275814
44.019874 -76.128785
45.222658 -67.437101
48.150319 -123.636967
29.29153 48.04697
69.632247 -141.258558
60.96216 -147.226487
55.573306 -159.696713
30.21032 -88.984249
58.14544 -134.317037
58.906853 -152.276306
45.407823 -67.448106
29.697778 -94.942681
55.479944 -132.230752
55.039754 -132.587305
48.509026 -122.784073
48.675663 -123.042337
60.927235 -147.507268
48.575638 -122.933739
48.605085 -93.371156
42.029451 -83.185858
59.036827 -154.108278
43.057489 -86.250069
45.398408 -70.826033
30.956732 -81.447388
37.338088 -76.31205
38.414682 -76.415384
60.648035 -146.27025
34.027527 -118.84038
31.555908 -81.173079
55.325066 -160.635072
56.532749 -156.98609
46.586384 -90.558141
44.631191 -87.401629
51.873636 177.326781
25.318067 -81.148915
57.504999 -133.886269
55.150249 -131.723032
29.937416 -89.775459
46.973305 -90.804947
39.260693 -76.35585
63.644814 -160.924877
38.310313 -76.243897
51.820966 -178.858248
25.889206 -81.577363
60.704296 -147.415298
60.717438 -164.966591
43.910709 -83.403047
55.858665 -158.822571
45.811253 -85.601837
48.12262 -90.566113
48.161712 -122.522576
28.658569 -100.495863
33.782015 -118.423407
35.828867 -75.573083
43.088355 -79.069667
44.999093 -86.115699
44.392437 -68.147774
41.631753 -70.800215
60.330503 -165.923572
60.098488 -152.55304
54.963999 -164.109333
48.998067 -111.854088
59.227522 -151.915684
45.224252 -87.512336
30.207391 -88.974672
45.363425 -70.807577
56.535474 -133.089388
51.332731 -178.95446
47.046588 -90.400409
56.078415 -158.666818
39.065645 -75.400294
45.428356 -85.834892
24.774565 -80.939065
44.038981 -69.094177
65.125873 -166.634449
27.711853 -99.757539
38.151355 -76.092334
29.5178 -94.532348
25.114665 -80.433499
58.281316 -134.948327
41.772034 -124.242288
41.724549 -82.820409
45.057779 -87.49867
45.751535 -87.05555
56.64322 -157.45216
28.491966 -96.220376
43.962202 -76.169801
39.318108 -76.291078
63.341249 -168.999241
59.782256 -149.538731
55.844387 -159.09668
70.320872 -148.477028
33.97034 -119.842748
44.701915 -87.353789
52.933315 -168.955144
60.221073 -152.63198
48.107131 -90.1239
46.809938 -92.058888
43.689481 -124.198275
66.162082 -161.623983
37.110679 -75.920444
60.169868 -152.578735
55.811419 -132.130413
42.030243 -80.349169
52.674785 -170.562734
57.16055 -158.518429
58.974174 -156.995569
18.387243 -65.592667
40.572846 -74.00903
60.206957 -148.19053
55.414501 -163.173599
27.291808 -97.526625
47.283969 -122.697378
59.881986 -152.882672
29.789671 -84.644089
57.330722 -135.715233
48.75597 -122.92498
70.820849 -159.528682
52.181835 -174.175044
54.898327 -164.35333
19.849736 -155.084357
55.863431 -133.180037
45.089495 -87.587147
48.12095 -122.486736
45.962978 -86.208255
34.989116 -76.635072
38.301152 -76.824889
32.803148 -117.26107
55.930368 -160.987352
54.998317 -132.575001
48.020207 -89.724117
55.199432 -161.332733
47.397326 -69.041733
27.76662 -97.386166
58.496536 -135.132273
41.569192 -124.101123
41.63878 -71.251082
57.211941 -135.509537
60.325726 -145.089142
53.853716 -166.113037
57.623701 -133.863112
45.104522 -71.449257
21.89608 -160.079065
57.660854 -154.031592
48.343236 -124.510582
28.69436 -96.19125
30.097826 -84.19356
48.008166 -89.638774
32.980933 -118.540069
29.87216 -89.613159
56.350092 -133.637903
48.232887 -122.425572
25.332793 -81.148103
45.792221 -86.981624
24.564359 -81.674694
41.587246 -82.686033
22.228212 -159.554166
46.760435 -85.036286
35.294184 -120.87957
29.584362 -92.046316
31.225487 -81.289136
26.04193 -97.195071
60.078487 -162.273111
58.34572 -151.997324
38.113753 -75.837563
58.396885 -158.944154
59.468197 -161.790375
43.898117 -69.117546
43.880974 -76.326393
33.326056 -118.465368
48.533413 -122.857239
41.293851 -70.12446
40.908698 -73.548068
46.465406 -84.893423
30.511004 -104.876787
59.792099 -153.454972
18.159318 -67.178618
29.738261 -102.677192
35.336528 -76.20586
56.641332 -159.43938
37.570042 -76.332641
28.385746 -178.314468
47.464964 -91.023124
71.242489 -156.074411
42.69852 -70.778552
53.441136 -166.922674
48.020481 -89.723164
60.643327 -146.116912
41.769694 -83.437516
41.216822 -71.555006
70.616926 -152.433781
49.384358 -95.153314
39.087437 -74.903664
56.630442 -157.948954
41.540458 -81.633652
55.844387 -158.888245
55.857712 -159.313694
55.739647 -133.41655
56.146648 -132.902649
56.063518 -132.202427
48.06941 -91.370872
55.157527 -160.495364
41.257597 -72.684939
40.299373 -73.977442
47.100896 -67.870367
59.003007 -136.954726
32.660652 -117.159865
53.657376 -166.832725
57.166909 -135.812854
56.289873 -134.268363
60.938585 -150.244072
63.055178 -169.561131
45.370861 -86.853103
55.948451 -160.853151
59.71742 -153.442219
44.916779 -85.539703
55.1455 -161.781783
47.528257 -122.547207
43.771866 -70.190014
35.213912 -75.708947
27.144792 -99.438265
45.294027 -85.335016
27.303542 -99.494604
43.469674 -70.382928
29.187948 -90.302948
46.147378 -70.237947
59.910245 -138.702053
54.062767 -165.235149
45.999479 -70.303625
37.198738 -76.623292
48.006502 -122.560018
44.358143 -68.415932
57.531687 -135.491537
45.452399 -70.674903
56.023415 -158.643216
64.575798 -166.189546
57.244064 -135.457779
28.03716 -82.813435
70.07438 -142.939555
36.043612 -76.676484
38.427902 -77.259962
44.980887 -87.181901
58.840691 -159.580287
47.873997 -89.85396
34.001239 -118.805114
70.492257 -149.418727
56.664036 -132.541199
41.911934 -70.54741
55.79063 -130.133595
58.067379 -154.513702
43.974132 -69.0782
68.678556 -166.199826
53.84399 -166.097565
66.620562 -161.693125
55.598954 -130.880013
60.544631 -165.05744
38.014166 -122.363655
20.263026 -155.882631
59.435346 -153.727546
54.218375 -165.593656
53.961837 -166.366172
60.81506 -165.009703
60.69045 -146.41252
70.831043 -152.226464
46.710839 -92.025789
60.387714 -172.551163
69.783328 -162.960245
46.050486 -84.66671
58.154275 -152.081083
48.998501 -113.106891
48.598255 -123.09697
57.292511 -133.804642
29.595417 -92.008827
29.786279 -84.90413
43.704746 -69.855081
61.002974 -147.112607
44.741496 -86.089186
35.941933 -76.586992
47.332428 -122.491066
29.87898 -102.320619
48.975388 -123.060717
53.295888 -167.466304
53.076321 -169.751068
48.424726 -122.674158
43.310614 -70.562779
41.758143 -81.264224
29.758116 -101.424732
58.832596 -160.180954
29.959579 -85.460488
21.529945 -157.836945
30.847384 -105.360672
58.69559 -157.799597
55.590486 -130.949734
68.969651 -164.069362
71.184701 -156.044615
38.244514 -75.874653
27.973721 -82.815168
60.259658 -166.809546
56.134522 -158.374324
55.58868 -133.294158
56.972174 -132.825549
48.999571 -100.917939
44.90822 -85.49249
39.203808 -76.535385
58.309945 -152.082342
41.261798 -72.386629
58.801552 -159.804589
25.168216 -80.656942
41.155874 -72.291109
55.295547 -133.311844
51.766628 -176.882018
52.81728 -169.838232
53.37411 -168.393473
66.349481 -161.916309
53.155215 -168.344468
48.125595 -122.908638
48.105113 -122.571615
17.9775 -66.298
35.809253 -75.620454
37.537302 -122.519533
28.656192 -96.002954
45.430778 -123.960557
66.664737 -162.140377
45.358397 -83.545729
27.366618 -97.501688
60.77723 -146.057761
25.342996 -81.133913
70.035912 -144.231051
58.270795 -135.344868
30.267796 -89.383747
47.29465 -68.486742
43.856680555 18.400425
51.659541 -177.635883
38.280108 -76.027487
43.921948 -69.278708
29.567281 -94.578211
57.868777 -157.642226
29.631508 -89.504738
8.4055 124.61
53.582313 -166.508939
26.162336 -98.333156
44.054138 -76.202548
42.67599 -70.622864
60.476182 -148.328987
42.550401 -82.648776
58.919593 -134.328964
41.629536 -87.365439
56.273083 -133.655862
28.39446 -96.385261
42.564462 -79.138569
58.218875 -157.442712
44.213351 -68.769047
27.864307 -97.257248
47.150465 -88.778022
29.272648 -90.059691
30.358365 -88.596349
55.792295 -160.026282
55.88392 -155.453133
45.272125 -71.347622
44.09292 -68.790525
45.966072 -84.17225
45.084232 -124.004863
19.698938 -156.04796
64.522246 -161.037534
27.531086 -82.743017
47.624343 -90.735927
58.546605 -135.165861
57.142683 -135.592379
27.78273 -175.812057
26.221606 -98.52659
47.614816 -122.922044
44.288895 -68.275139
37.181128 -122.37927
45.081361 -87.264877
64.709476 -161.878363
42.147857 -80.076281
46.466781 -84.87507
55.238212 -132.142742
27.779062 -175.814713
70.111145 -143.3179
47.24364 -68.033916
56.537643 -158.129793
57.020358 -133.002224
45.315443 -85.273789
18.341955 -65.329334
56.721396 -133.880781
48.475712 -122.815002
28.677875 -80.647288
53.438001 -167.473328
51.867842 -176.398062
45.853795 -70.329748
43.714636 -83.48007
37.643762 -76.501522
17.976046 -66.806903
51.713943 -177.463577
67.256439 -163.758588
30.974076 -81.420108
40.23737 -124.327691
71.081152 -155.510637
58.73452 -159.357625
24.546468 -81.81289
39.336768 -76.253928
46.410666 -70.089248
43.352691 -76.684856
36.494365 -76.029221
27.673328 -99.723716
35.964573 -76.70019
26.231859 -80.089365
48.248241 -92.269742
53.431782 -167.474457
48.999312 -106.274267
48.085189 -88.764256
26.146202 -97.179532
63.675816 -170.26748
21.3224 -158.1225
70.876653 -159.147634
55.398499 -133.45845
60.070159 -167.339109
33.914272 -78.17772
48.151024 -91.138311
70.1401 -143.498058
59.531937 -150.207835
59.627679 -153.302756
47.019213 -88.367624
45.519996 -67.432207
58.051197 -154.503235
45.254976 -83.388034
38.989011 -76.422181
45.323925 -67.456384
43.945664 -76.134358
41.09394 -72.081167
56.240286 -158.112718
21.16452 -156.867944
43.022416 -70.732135
31.71481 -106.373839
60.002118 -149.396915
26.409107 -97.377769
27.85751 -97.082878
27.813742 -82.820433
26.410888 -97.398126
64.905796 -161.200893
55.444897 -133.234177
45.274861 -71.113162
61.251559 -150.273575
56.148006 -158.151566
59.664896 -153.315123
38.233185 -122.991953
30.020477 -89.41597
35.321915 -76.500375
30.09689 -85.69681
57.136802 -133.247414
39.116893 -74.71532
34.556959 -120.581293
30.262353 -87.766626
45.634767 -84.215268
48.637028 -122.986084
55.070294 -159.930038
52.848911 173.204948
58.63828 -152.354709
27.500415 -82.714521
22.208519 -159.339964
48.090968 -90.751608
34.534722 69.19
63.343127 -169.05195
57.175432 -153.041934
43.880012 -69.54945
60.030327 -142.13004
54.368077 -162.611891
45.488522 -67.503771
44.628863 -67.493632
26.724761 -99.208907
44.924355 -87.843433
54.938667 -132.732712
21.090601 -157.254061
41.727835 -71.350057
56.615392 -134.969842
58.729975 -157.696472
38.339444 -77.279633
58.183511 -134.594804
37.241385 -76.869035
27.412362 -97.331157
56.987209 -154.055554
68.860441 -166.222496
46.797415 -90.828057
59.006737 -153.616066
43.750801 -69.982574
44.061277 -76.213494
38.741966 -123.514784
55.964362 -130.02025
56.387128 -132.181158
46.049601 -85.140835
43.2745 -76.988445
39.088762 -75.401193
56.468925 -133.814713
45.288965 -71.108675
47.244215 -68.687662
40.542691 -74.121672
30.471053 -88.096867
28.07988 -97.218323
41.640354 -124.120225
40.586703 -73.583773
48.624954 -93.834323
56.532884 -158.123844
51.858567 -176.080442
66.332003 -161.935846
57.971248 -155.028623
55.289284 -131.862162
41.949597 -69.986085
38.713216 -76.271596
58.349447 -135.058071
42.411157 -79.453533
47.399277 -122.39505
58.025859 -133.76026
38.323432 -75.093888
60.843733 -148.391355
35.932973 -75.686358
56.390167 -133.900618
29.610291 -91.939903
40.646479 -74.032066
29.744429 -92.107486
66.190494 -163.916551
59.020867 -137.013887
44.160953 -69.079835
53.035075 -169.680033
58.976705 -136.145306
48.555424 -122.879845
23.7967 90.4221
61.137835 -147.559733
41.450802 -71.311394
66.069229 -163.287768
40.464625 -74.006077
57.605701 -134.665337
58.124307 -157.583636
56.226647 -132.379425
41.508857 -71.019354
29.478033 -94.656737
54.15041 -165.616523
18.178998 -65.691021
43.772144 -69.300376
48.570299 -93.80527
48.62662 -93.347528
60.289677 -147.082764
27.521564 -97.282972
39.602 -75.553502
48.019747 -89.7313
29.337694 -104.057244
44.807888 -83.290906
55.030069 -159.439851
44.160541 -68.713232
41.286065 -72.209992
42.078601 -70.225626
59.632426 -153.240018
28.665352 -96.214659
58.862759 -160.15166
26.950214 -82.063126
55.293167 -133.274963
25.206719 -80.508113
44.3004 -68.447556
27.710607 -82.63362
28.083793 -82.826125
47.281954 -68.428861
58.263805 -134.067687
46.995314 -88.998417
46.415036 -70.057061
63.720327 -171.733206
59.156078 -151.720931
27.876035 -97.250797
48.621799 -123.048424
55.75016 -159.308929
48.009246 -89.715906
55.027857 -132.596823
57.013696 -134.613952
70.796377 -158.976615
43.977044 -76.073463
63.466364 -161.512873
29.693633 -85.22745
59.303487 -135.488236
57.546302 -135.242855
69.915637 -162.587906
60.337265 -147.124405
32.490894 -80.418502
36.202036 -76.029086
37.53833 -76.339989
64.441195 -164.874421
36.235522 -75.864154
66.960818 -161.485383
18.41294 -65.77053
61.070564 -165.343442
29.675885 -93.852868
35.056626 -76.631895
45.354791 -123.973398
39.211702 -75.047797
56.401361 -154.765021
47.858532 -89.022736
38.095751 -76.059304
56.892572 -134.181383
35.410657 -76.540292
55.925467 -155.53824
42.027973 -80.363251
59.749775 -166.179761
38.172207 -76.875272
59.64067 -151.207639
48.440184 -92.663271
39.590608 -75.565823
48.073422 -91.314693
28.451705 -80.526732
59.930376 -165.543456
69.914568 -162.601284
18.296691 -65.249857
52.169075 -175.493759
60.476505 -147.765825
48.244696 -92.383906
59.175968 -151.826828
38.137635 -76.721722
60.158447 -152.567307
46.98645 -90.92321
27.912766 -175.744064
46.096379 -85.480603
28.986687 -103.253285
29.279623 -89.928925
17.931135 -67.183457
35.570904 -75.837154
55.38185 -133.226844
60.099558 -151.606881
48.127165 -88.674192
48.999984 -96.93096
22.003334 -160.072123
55.965365 -131.978758
54.820843 -132.750305
51.911373 -176.020182
37.712989 -76.595943
18.308308 -65.337451
44.900809 -124.032296
45.977863 -84.443138
46.567343 -123.920247
52.034794 -175.092867
31.857641 -80.99269
47.703055 -90.537105
20.520273 -156.550016
42.957213 -70.775597
48.021335 -122.328343
60.325249 -165.92464
60.295624 -147.010193
38.203309 -75.886217
55.702109 -133.392121
45.096406 -87.59027
30.096107 -84.177062
61.395768 -149.808324
45.073565 -71.489146
57.520088 -152.939629
21.272 -157.7114
55.498279 -131.971792
42.076331 -70.647349
68.576186 -166.226111
39.186616 -75.398584
70.978973 -155.382646
59.845074 -149.801423
44.624672 -67.368269
56.945323 -154.159014
57.658578 -154.186597
41.891656 -70.012154
58.148854 -136.365544
48.0079 -89.664813
38.73535 -76.552743
44.288578 -68.233435
41.985497 -70.077421
58.175882 -154.263388
60.253151 -147.505722
58.986694 -137.498558
51.47853 179.034532
44.75608 -87.941453
27.279452 -82.569754
59.610935 -139.728683
55.931581 -133.854291
45.013237 -72.58988
45.973686 -85.654686
60.45183 -145.594158
66.984451 -161.5797
58.614639 -159.993454
18.382801 -67.472368
52.328004 -174.432846
40.842359 -73.782254
53.366902 -167.878128
41.266997 -72.672339
39.180021 -75.139136
54.665146 -163.159956
29.657234 -88.940346
24.558739 -81.685278
45.945792 -84.738849
56.65321 -132.62545
52.667907 -170.559523
57.738596 -152.497314
26.239989 -98.675206
59.021963 -154.171462
62.359031 -165.337722
39.188354 -75.39479
40.160902 -124.214895
17.929515 -66.200174
30.374016 -89.335942
60.1134 -148.00798
47.066944 -90.719177
38.096961 -122.489974
21.2735 -157.7782
57.79167 -133.908085
58.142328 -154.466436
59.248531 -138.919749
35.336528 -76.182254
45.012752 -73.241061
41.519241 -82.897728
26.257612 -98.599154
46.833229 -89.673375
39.61464 -75.614273
38.851157 -76.516944
48.429244 -122.581607
70.875103 -159.17181
23.86611 -166.297989
29.773889 -94.771512
29.78639 -101.806508
60.27854 -162.536933
29.026877 -103.100368
60.52203 -148.510328
54.753773 -132.877213
24.692382 -81.078439
60.026337 -148.175808
43.772623 -70.127389
55.510737 -132.509444
25.535605 -80.324594
36.352335 -75.915331
57.611707 -133.66439
59.148369 -151.879166
27.302994 -97.639234
45.505307 -67.470416
25.865351 -81.429066
37.351739 -75.997778
47.00251 -90.602577
51.590866 -179.05629
44.902774 -86.021513
45.69725 -85.696869
17.902857 -66.513454
58.235649 -153.061678
59.651712 -153.464556
44.257254 -68.221383
64.572935 -163.875774
55.211267 -162.711128
56.574278 -133.725906
60.607564 -148.190343
59.372966 -150.769853
59.486251 -150.253521
37.621892 -76.309174
44.500111 -67.554695
43.927897 -69.274544
60.024961 -144.243478
52.4633 -171.214565
38.228009 -75.890669
48.713095 -122.519172
62.338196 -165.373713
27.313702 -97.668977
59.971184 -148.130325
53.215231 -168.312376
46.196283 -123.793936
51.887015 -176.115489
29.206255 -102.912448
29.488953 -91.770515
42.224933 -79.886187
59.386362 -154.035965
39.430314 -75.997396
25.141798 -80.403177
58.915635 -137.037503
60.930393 -149.952655
58.304906 -152.869811
40.520903 -74.242888
28.084688 -97.035528
61.800733 -166.092081
64.235761 -160.976038
29.412545 -90.031536
59.743233 -149.864241
52.369 -0.260089
43.868084 -76.286004
42.790379 -87.767168
57.83619 -153.322687
64.969025 -168.097702
54.95848 -162.708453
70.913102 -153.049207
47.931726 -122.601507
29.686569 -85.134639
48.349748 -124.696703
41.65567 -70.813286
55.682051 -130.111677
39.340208 -76.298778
45.085134 -87.594718
44.448039 -68.927452
45.058311 -87.121156
29.635404 -85.142746
37.462372 -75.657623
56.374356 -130.831462
20.035424 -155.828182
56.853648 -154.276739
57.252188 -156.358139
47.918183 -89.737539
47.261351 -88.096851
24.726877 -81.328476
68.46154 -166.305962
46.018364 -83.765274
27.437218 -82.691821
44.294582 -69.003682
45.811611 -84.511124
44.691935 -86.254996
24.898619 -80.704659
57.974357 -134.089575
47.745704 -122.554454
21.105755 -157.313343
25.248593 -80.412686
41.967815 -80.553836
35.351142 -76.123238
45.076921 -124.012163
57.737468 -135.29156
60.694509 -147.846103
29.640716 -101.307332
59.219319 -151.206053
55.801788 -160.293498
25.060253 -80.47387
59.893513 -165.695981
28.296902 -96.806011
36.29198 -76.18851
46.207916 -123.961739
47.219137 -88.672395
45.338854 -123.978671
66.160279 -163.878306
29.945816 -89.8385
55.319042 -160.526947
45.266429 -71.363218
51.620001 -177.950665
48.999012 -110.592465
70.154956 -146.114124
55.304317 -131.598114
42.566593 -124.390664
20.760069 -156.851481
45.739635 -84.379662
48.093182 -90.382258
55.826302 -158.731201
38.238455 -76.069502
29.721528 -92.155761
60.848345 -146.700741
26.331575 -98.789822
68.927569 -164.299092
41.680943 -70.649285
45.958401 -84.559212
29.750676 -92.150407
55.163261 -161.32988
41.582706 -71.289073
41.288123 -70.256164
30.239665 -88.889797
53.988716 -166.879488
55.021553 -162.267754
44.293143 -87.541155
55.952127 -133.816958
66.184537 -164.092715
29.716087 -91.878331
41.115139 -72.126704
56.810079 -135.412989
30.242442 -88.877824
58.708103 -157.077914
35.44802 -120.950742
39.909697 -123.930047
37.404122 -76.246617
56.587778 -133.665107
44.283775 -68.899445
58.607433 -136.145981
29.178294 -103.68867
47.919072 -122.549072
57.66148 -153.658008
57.01387 -153.586836
60.916546 -151.713913
34.696899 -76.770044
44.32405 -68.954465
39.710715 -123.808208
46.89621 -90.447731
47.288488 -68.41314
56.742359 -154.136965
54.995584 -131.331016
56.436711 -154.691485
33.166016 -79.195631
28.825817 -100.547324
18.108507 -67.182182
36.161823 -76.247401
58.410585 -152.886358
55.856987 -131.717117
45.278612 -71.107339
28.664942 -95.812504
66.141849 -166.526162
42.957756 -78.961761
31.95723 -80.948491
18.20696 -65.661219
66.716253 -162.058825
34.025425 -120.427408
57.276143 -135.688233
54.210373 -164.778
41.889568 -70.532084
27.192814 -80.16147
48.177351 -91.088708
41.697744 -71.240991
47.532873 -90.907494
31.24433 -81.282842
30.446144 -87.914136
55.125859 -131.753965
29.787081 -94.740919
35.178568 -75.812902
60.321201 -146.594986
56.63945 -132.616506
56.064707 -132.473686
47.7411 -90.386234
21.444713 -157.731328
55.092704 -130.93142
20.799463 -156.506026
57.280008 -154.777368
48.991672 -122.766307
35.870275 -76.046017
55.184307 -132.793723
55.138509 -130.820775
53.617308 -167.159808
38.243432 -75.870318
44.20376 -68.714313
34.045847 -118.928048
61.011723 -148.344003
25.384369 -80.306801
55.379463 -133.462021
55.368334 -131.191933
59.926807 -147.501556
25.235532 -80.418872
57.461035 -133.986369
53.633056 -167.107836
46.927135 -91.834852
55.139095 -133.208344
38.286946 -76.111296
19.202435 -155.378638
51.773948 178.36368
34.034215 -118.854653
55.841534 -159.185196
31.456279 -106.175675
57.642162 -152.428946
48.931702 -122.787539
60.811018 -147.777157
29.169481 -91.000096
54.229673 -165.640013
42.972931 -70.61216
58.57793 -135.909936
55.867657 -133.278015
25.740812 -80.144
68.891649 -164.883745
45.015152 -72.930599
32.667489 -117.237294
58.357581 -154.150373
37.630326 -76.390054
55.44133 -133.8237
47.177042 -67.944669
57.490344 -133.52514
28.345501 -82.715822
51.99066 -176.554398
29.838928 -89.383789
46.558453 -86.656479
55.789608 -160.438735
39.507024 -74.304959
28.1841 -97.021303
60.786193 -146.358618
42.329739 -83.01832
46.432573 -84.479513
46.99512 -89.022994
55.915631 -133.725969
45.246143 -71.171264
46.942944 -90.634507
48.098657 -124.687101
45.339374 -85.235629
43.164551 -70.59149
55.074207 -161.606476
56.493001 -158.113709
42.151457 -80.078781
47.655267 -122.831148
42.595517 -82.771844
22.225538 -159.500821
70.925438 -153.137311
56.448963 -132.957364
48.06739 -91.44658
48.466057 -122.532845
41.522508 -82.8882
29.565888 -91.537445
57.397845 -134.525997
30.34419 -88.579483
48.545543 -93.811303
33.3406 44.4009
56.642555 -157.39856
38.148288 -76.031868
60.481941 -172.948059
47.076377 -88.349952
60.63466 -151.350154
63.151269 -169.375667
44.479865 -68.227292
60.352613 -148.12771
35.928244 -75.934131
46.348072 -70.191412
48.220557 -124.110974
55.899335 -132.050737
57.705093 -132.756813
64.571148 -163.309128
44.216496 -68.822909
29.788815 -89.318306
27.899208 -99.893456
45.757416 -86.47905
52.789882 -169.962883
29.800219 -101.862242
44.165498 -69.06124
56.990615 -132.851128
35.416902 -76.014762
39.287788 -76.257988
55.543491 -131.729599
35.108335 -76.561077
58.494836 -135.945121
45.860901 -84.88121
48.728356 -94.601384
25.380511 -81.128492
46.90889 -88.032408
28.425148 -96.32156
60.623927 -165.178617
70.432886 -151.114352
55.327728 -160.506927
34.034262 -119.52064
60.47466 -145.735938
41.714115 -70.263654
44.899454 -86.009355
52.103172 -174.866725
46.065857 -83.749847
71.17256 -155.587702
57.333253 -133.35472
28.49733 -82.66639
43.525822 -76.368849
60.13114 -167.347866
25.226046 -80.481136
31.89621 -80.947294
61.024166 -164.961527
29.539989 -95.015165
18.382224 -67.485499
35.393045 -120.866099
60.157361111 24.960883333
57.758726 -155.285339
47.327653 -88.470484
56.064707 -132.481419
70.219806 -147.765104
54.948652 -159.459551
38.131367 -76.01779
52.87026 -170.015514
60.65116 -165.147184
58.199857 -134.350426
28.467387 -96.419749
58.688828 -161.994644
44.61795 -67.492373
55.568597 -130.779729
47.122579 -91.497902
33.461016 -79.10136
63.475428 -170.007943
55.834975 -131.547573
60.335243 -145.171951
44.105518 -68.907812
19.857034 -155.949251
61.251237 -150.266124
48.153185 -124.721725
29.704076 -93.818995
48.100133 -90.761555
55.060574 -133.191681
56.538672 -133.675696
32.684402 -79.884961
40.794907 -73.781369
43.887542 -76.158249
45.127562 -85.614319
56.859309 -158.930546
59.052917 -153.850238
47.699227 -122.878083
40.631053 -74.202223
48.014026 -89.806016
43.576718 -86.520205
48.573171 -122.55648
66.307639 -163.849163
46.458499 -86.889094
20.938737 -156.342365
45.670384 -67.7236
47.288556 -122.409199
55.31815 -133.458786
38.614364 -77.129084
63.773552 -160.76556
62.665974 -164.869522
40.612934 -74.03959
55.809831 -159.960971
66.817889 -161.82417
37.359225 -122.40085
45.086576 -86.037129
44.002283 -69.047583
38.2395 -75.889356
28.388641 -178.29454
60.855628 -146.816305
47.197791 -68.924645
60.237822 -167.20194
43.759286 -83.956021
40.184277 -124.258405
60.326348 -151.383231
60.405054 -147.690773
39.161286 -76.500926
54.239601 -165.553251
52.225326 -174.060451
60.945369 -164.940065
56.457135 -134.246627
57.856639 -153.122513
44.578037 -67.499969
60.512627 -151.280992
43.641221 -83.806774
58.945007 -160.286346
29.695337 -94.865007
48.701556 -94.5246
56.786393 -153.897117
60.235911 -148.228931
39.271355 -123.798991
38.069532 -76.535919
46.079033 -84.003006
44.237871 -68.365364
55.434784 -133.650589
60.747303 -151.831185
52.119221 177.357361
38.967637 -75.311607
58.551516 -157.330683
29.259257 -90.086747
48.425743 -122.854858
58.931601 -159.61612
38.394975 -76.98828
55.043947 -160.133416
46.108348 -70.255038
27.126612 -99.430581
38.139391 -76.522418
55.115309 -130.876098
48.27156 -92.294541
29.373127 -104.106467
57.004507 -135.329492
54.694138 -132.808594
29.437923 -83.294747
28.323874 -96.790744
56.017323 -130.016874
57.911968 -155.072566
52.063532 -173.206837
59.79118 -147.766861
55.244164 -161.656342
26.318521 -97.352833
20.539382 -156.553018
47.875318 -122.330145
18.108832 -65.399791
33.985757 -119.877057
61.109691 -164.981718
29.393274 -90.033295
63.217962 -168.751537
37.581866 -122.144396
43.765763 -69.321141
48.786205 -122.709815
53.749404 -166.547438
20.764575 -156.838321
55.180409 -163.081634
47.786414 -90.178755
43.074412 -87.866484
46.043846 -83.737358
27.567392 -97.260451
33.867823 -78.009426
38.056381 -122.492265
63.793453 -160.761974
67.966071 -165.190915
45.442771 -70.649739
59.949295 -148.204559
48.063035 -88.787556
61.024201 -150.341709
55.506168 -133.427521
58.938263 -152.242035
44.078439 -68.772639
57.240459 -133.545334
41.21471 -71.577301
45.000011 -83.438948
61.53972 -165.999535
29.144541 -89.076739
24.751761 -81.431009
55.810123 -158.889191
48.50605 -123.017258
56.515371 -132.724189
45.698566 -84.553311
44.331724 -76.045228
46.16935 -70.26626
41.399128 -70.472604
29.961375 -84.384133
56.821366 -133.787484
25.781382 -171.751389
38.724162 -76.295957
32.72605 -117.25757
40.38693 49.84298
24.891204 -80.657543
51.977291 -175.497559
57.635733 -133.832895
43.677067 -83.821663
45.152259 -67.383635
57.588615 -135.519471
52.802131 -169.897078
56.863176 -154.298422
60.686377 -146.607153
32.572942 -114.804421
41.748235 -87.530745
39.953 116.459
45.838886 -87.018902
37.276207 -75.79083
47.826395 -122.502224
47.850825 -89.92752
34.71445 -76.450454
44.429289 -68.116487
48.999639 -103.862738
43.758962 -69.862155
56.116905 -133.007346
43.837222 -69.516212
27.60047 -82.75885
44.411187 -67.936531
70.547741 -151.697258
34.698805 -76.586236
48.999503 -106.368151
29.67125 -94.872551
47.771206 -122.849529
35.484598 -121.025621
44.227058 -68.482726
64.672395 -162.188146
27.110042 -99.441109
45.868462 -84.87915
44.892741 -87.433128
28.193507 -96.928965
36.250748 -121.835785
20.927078 -157.035789
26.656443 -99.200522
20.627358 -156.169732
59.93692 -149.345749
27.508015 -82.686921
44.030344 -76.214922
45.661788 -87.172241
55.061489 -159.302567
29.279441 -102.902605
38.302178 -123.063671
25.155904 -80.756642
41.020759 -72.035792
58.776876 -135.008347
55.484714 -133.18336
55.0785 -161.690346
3.90008 11.49921
25.176829 -80.63399
55.232742 -161.684891
47.158426 -88.24266
64.759027 -161.42986
56.2277 -131.884174
55.160777 -160.109864
55.121716 -160.052545
48.072599 -91.324784
55.01715 -132.596228
70.430401 -151.180436
64.536437 -165.751093
41.672078 -83.278455
27.853027 -97.361735
45.177299 -87.376778
48.999551 -103.918921
60.384712 -151.301868
41.323197 -72.191022
60.805622 -148.389517
28.316978 -100.288639
40.621476 -73.262106
58.273182 -136.0354
29.127409 -89.31992
46.496124 -87.107559
52.923853 -170.04656
41.671903 -71.38988
70.502128 -149.524235
26.767122 -97.364646
57.339918 -152.984715
45.449112 -123.964074
57.409932 -135.604184
30.612491 -88.053998
60.502533 -147.72646
35.101941 -120.630957
27.819707 -97.126109
54.148121 -165.732602
36.636959 -121.929666
59.943584 -148.204559
70.484011 -151.824111
34.696833333 135.501916666
52.944362 173.251326
41.671971 -70.014211
66.058281 -163.623921
51.647149 -177.957443
54.174204 -165.598439
46.622796 -124.052708
39.195408 -76.442482
48.133686 -122.9291
58.847724 -157.189554
43.750093 -70.146539
59.881248 -166.6782
56.38971 -134.945704
56.317151 -160.274604
57.89045 -152.626441
45.035331 -83.453363
55.244448 -131.481522
58.83926 -160.226639
41.493071 -71.386511
47.370583 -122.634823
37.868866 -122.483429
55.339481 -131.639031
35.928244 -75.782498
44.137857 -68.802162
56.991225 -156.753642
55.412773 -133.55838
48.411565 -122.609715
31.291589 -105.876015
41.656437 -70.809118
60.351673 -146.60704
60.870854 -146.664368
47.262714 -122.657272
38.096013 -75.193796
55.983348 -158.792116
60.064874 -167.310664
-24.661277777 25.908777777
14.10316 -87.19
45.679983 -84.992958
27.176262 -99.426348
48.180255 -91.721413
48.154273 -123.858821
56.991486 -153.312583
41.593504 -70.899981
62.955991 -169.746736
59.670251 -153.286525
55.486348 -132.608786
46.226434 -123.626247
59.646486 -150.300738
60.819873 -164.922179
48.86777778 2.32055556
40.574528 -74.012022
58.856148 -137.092231
55.981426 -132.045975
57.151755 -135.735559
39.76303 -74.096906
53.826932 -167.141966
44.133258 -76.355679
19.703649 -156.051652
44.154955 -68.384903
58.450001 -135.897169
38.732213 -123.490021
45.664298 -85.500451
21.2979 -158.1033
56.734081 -133.869334
45.443478 -85.883011
17.892937 -66.526072
48.017217 -122.669868
20.884634 -157.059663
35.7431 139.35
43.774387 -70.131174
47.284689 -69.04939
28.228885 -96.660628
33.335795 -118.310213
37.205366 -76.013071
39.254626 -75.402964
60.459379 -162.300891
37.961195 -75.663095
54.991517 -132.6099
42.430986 -70.928226
44.054614 -76.146869
53.123609 -168.392379
55.575516 -160.615305
25.925241 -97.350398
41.256451 -71.994717
19.845651 -155.982821
44.968307 -85.915851
60.207042 -164.558343
27.46369 -97.317277
57.567292 -133.53786
47.073483 -90.437271
48.261004 -124.252267
38.012857 -122.321112
25.422919 -80.326373
38.110084 -76.600937
53.515077 -167.102305
61.745391 -141.002595
58.892559 -160.230446
26.702986 -82.139019
29.018914 -103.361998
55.875426 -131.570773
42.627192 -124.401177
46.906982 -88.004298
44.984665 -74.946686
27.298709 -97.367033
45.920311 -70.261055
55.479804 -132.568335
36.958727 -121.983896
57.514525 -157.573129
45.829983 -67.763955
65.727972 -167.979889
48.549906 -122.724031
59.532888 -150.563803
45.21167 -87.33416
55.90862 -160.420735
55.053314 -132.626687
59.931686 -141.360523
56.557621 -133.743752
30.157001 -89.185715
44.373047 -68.077873
45.246349 -71.37194
60.695255 -148.231461
35.447949 -76.830897
56.291271 -160.340249
58.021338 -134.266848
58.989026 -138.136246
59.337059 -153.36586
54.715988 -132.280103
27.612972 -82.733076
46.961129 -90.871126
29.569935 -92.558602
37.7415 127.047
63.688601 -171.632194
59.686234 -151.746815
54.907391 -164.361631
56.942081 -134.141236
58.167546 -134.413953
46.745439 -92.06449
56.302425 -133.94577
57.345631 -134.079763
26.473581 -82.120046
20.114155 -155.502561
32.576261 -116.62705
42.075729 -87.682359
66.239715 -160.990275
29.190697 -102.917805
18.296722 -67.226081
64.793777 -161.366808
48.073945 -91.290215
57.407428 -134.55554
44.249594 -68.529802
58.705055 -160.306595
52.416041 -174.155774
48.016441 -89.716114
29.771874 -101.455224
48.232647 -91.951297
56.790874 -157.140277
60.216419 -147.855453
56.058164 -132.469522
45.749451 -85.515145
60.113716 -152.550171
28.696904 -96.664534
45.973454 -84.685254
53.431496 -168.386886
55.513045 -132.198289
54.7726 -130.747227
29.186378 -95.110522
59.954053 -148.423477
61.284407 -150.628459
66.280398 -163.829977
60.744789 -165.010452
27.614858 -97.201866
27.902719 -97.054329
30.347622 -88.746945
59.792502 -138.643422
32.27997 -80.755052
55.712585 -133.48938
55.851002 -133.333923
31.312774 -105.908771
26.073101 -98.248806
45.707222 -70.430787
58.362694 -136.382035
45.297777 -70.817099
54.01605 -166.751681
38.482849 -76.492699
57.315582 -135.702919
30.259864 -88.086812
48.824284 -94.704284
41.099011 -124.160556
44.203669 -76.245487
29.870914 -85.392469
58.945921 -157.039206
45.051943 -71.500545
52.496127 173.754979
41.10402 -73.372296
55.8583 -160.639088
45.061231 -87.498964
67.049075 -161.893702
45.758828 -87.064302
20.73508 -156.96789
29.710816 -91.618479
42.573551 -82.569801
46.026584 -84.586592
57.533476 -135.322925
45.627165 -70.601275
58.287716 -135.801133
60.308594 -145.141479
63.146958 -168.85875
58.631143 -161.876111
70.084375 -145.623306
58.045847 -134.810674
41.015054 -73.603952
47.302923 -68.384943
26.620547 -99.178064
55.852412 -159.838981
60.470634 -146.330032
41.242685 -70.052807
41.319232 -72.000293
44.245949 -83.465111
55.27993 -131.636776
31.768735 -81.068116
24.708291 -81.125371
43.995578 -76.266733
63.759231 -171.638991
44.921193 -75.105162
47.995899 -122.850854
60.416163 -151.293074
58.760962 -157.542326
57.919399 -135.173712
52.75141 173.954075
30.211736 -104.702788
56.064346 -156.707092
51.602135 -176.984331
59.459342 -135.344874
41.25669 -72.847767
29.473246 -101.144337
29.476843 -94.6724
45.241127 -67.453473
19.672161 -154.984718
56.644719 -157.908503
37.810828 -122.478083
46.360984 -70.161337
44.627191 -87.40541
58.678406 -160.310394
36.066846 -75.739457
57.248226 -135.480972
48.155593 -122.574905
39.550352 -76.006341
41.495615 -71.343013
47.255174 -88.117456
55.122448 -130.70894
59.305412 -150.740829
47.879996 -124.609538
45.941663 -84.353272
60.942213 -164.903903
57.674397 -135.571606
60.736656 -147.432434
41.420703 -70.450431
48.230442 -91.945155
56.033194 -132.640079
60.248779 -147.213058
48.111846 -90.626886
21.884711 -160.098897
48.532223 -122.84594
60.583249 -145.712891
32.023693 -80.859111
69.907044 -142.272156
32.625115 -114.799302
48.419792 -122.853668
58.11334 -136.446286
29.759671 -101.522695
57.248056 -156.342943
38.104459 -76.41655
42.444646 -70.934264
59.455773 -135.36272
31.699917 -81.139394
26.772555 -82.17869
50.087075 14.401133
53.468692 -167.226182
27.8909 -97.135065
57.928297 -153.000536
29.311132 -89.782149
48.047025 -122.877641
18.462387 -66.139451
40.876069 -124.158322
37.668224 -75.868481
46.507303 -87.366767
54.40034 -162.722797
59.294564 -135.412688
41.728506 -71.342786
57.93077 -153.536524
29.660462 -92.132804
55.756012 -133.373978
60.399014 -145.086288
56.552428 -132.627435
26.068042 -98.076544
54.402451 -164.601607
55.456379 -162.523532
33.109773 -79.291591
36.428588 -75.928369
41.229678 -124.106986
33.259239 -119.465717
37.219465 -122.407181
42.655132 -82.792418
38.045105 -76.326994
45.034345 -71.494009
33.817587 -78.67226
47.519784 -90.919375
27.913 -82.671221
46.654615 -86.099843
29.180817 -90.961278
60.646236 -147.406738
38.368297 -77.08481
48.398858 -122.634024
44.206554 -124.115671
47.294257 -68.376319
57.537727 -157.680416
60.150518 -148.02887
28.385452 -96.542905
47.44886 -69.146439
41.651167 -83.238191
57.481117 -135.532069
55.816054 -132.072747
53.424498 -167.355624
56.942828 -156.876316
35.061855 -76.013145
47.178839 -68.902425
36.232907 -121.806979
59.461126 -135.350228
64.894403 -161.198586
58.911048 -158.619684
30.23168 -89.077259
21.980694 -159.758218
44.044296 -76.329628
59.235672 -135.431724
54.199436 -165.637081
38.699669 -76.532537
33.254141 -79.180318
29.165773 -103.61054
57.184204 -135.604953
55.427028 -132.470036
34.039207 -118.896159
59.524322 -150.564754
55.979323 -161.280307
47.274315 -122.629132
45.535912 -67.434559
26.355672 -97.335275
43.971128 -76.184874
41.501341 -81.962664
55.43895 -133.639282
66.414132 -161.872447
45.018407 -85.381654
48.53929 -92.728046
46.296843 -124.035599
41.943073 -83.302904
44.057188 -76.300532
45.253472 -71.231572
63.179646 -168.789266
43.905376 -76.307487
63.454069 -162.352274
20.521892 -156.559994
26.318656 -80.075264
55.219997 -132.913284
29.539354 -92.25186
38.790193 -75.159022
-1.936329 30.077953
17.935363 -66.186914
39.521478 -123.778521
55.760594 -160.051945
41.487805 -71.285639
59.119812 -151.723083
59.809025 -147.903687
46.781373 -90.790965
45.211535 -87.040909
57.328527 -156.533544
18.489886 -66.410344
34.447846 -120.471376
46.805003 -90.685753
65.183284 -166.459984
55.716556 -160.117064
41.184373 -71.565752
56.553868 -134.626943
55.57633 -130.79698
41.109996 -73.33066
51.703978 -177.616753
29.435806 -83.263965
55.980276 -133.343043
45.079316 -87.063157
29.263739 -90.450674
55.235541 -130.043659
48.25441 -124.272017
34.471354 -77.462922
57.173341 -135.762241
57.856748 -153.127278
29.172101 -95.108619
39.180523 -76.266602
43.114011 -87.893185
29.161219 -102.995688
20.772571 -156.462058
57.373907 -135.659614
55.423307 -161.696719
55.812965 -130.930698
47.155342 -122.638649
51.485497 179.101442
42.108336 -70.663931
28.464746 -82.67241
43.96434 -69.388059
41.616768 -124.114413
37.929008 -76.035802
55.851597 -133.687866
48.498812 -122.556834
53.385329 -167.622089
48.232019 -91.940709
57.142858 -153.776707
38.297718 -76.846252
29.335535 -94.784895
35.63835 -75.737109
48.420982 -122.895309
57.918469 -136.572045
44.608434 -87.866884
36.06066 -76.420881
34.615993 -76.555196
40.857317 -73.766333
53.36736 -167.872879
56.430655 -133.002357
48.638931 -123.019394
33.469853 -118.601185
54.903388 -159.313528
58.128577 -134.167257
35.328659 -76.548712
27.066904 -97.473557
56.402275 -134.046227
55.539872 -130.987103
45.757164 -86.821814
60.169019 -162.371131
48.254842 -124.265824
56.511222 -133.923401
29.565569 -91.719101
56.450571 -134.186476
55.337017 -130.931137
37.683593 -75.581333
57.493157 -134.032768
37.724819 -76.606466
35.057941 -76.435762
26.369421 -98.807348
24.783744 -80.906874
37.689392 -123.005543
59.691944 -163.930527
57.494255 -152.798914
64.420074 -161.463026
29.260448 -91.123491
61.073088 -148.134686
60.917792 -148.281248
28.031815 -97.130282
40.763571 -72.753112
43.774781 -70.153869
31.503588 -81.189643
56.487656 -132.629547
57.84202 -153.479457
48.710535 -94.406318
52.361138 175.873317
48.358253 -92.077961
40.013319 -124.035904
55.893236 -133.718805
57.966135 -134.238294
48.260562 -92.393781
41.256755 -72.826883
27.828015 -82.511193
57.713689 -133.65453
35.337751 -76.604961
27.209693 -99.432795
60.688645 -165.063148
47.851718 -89.234533
60.868481 -147.441711
26.096264 -80.105266
36.02104 -75.726558
37.806226 -75.982158
60.925063 -164.925994
55.390078 -160.567384
43.76079 -70.176023
58.946827 -152.159225
59.972137 -149.123991
66.833126 -161.796307
71.083912 -155.064004
55.381905 -131.735939
46.867037 -91.952985
41.306998 -72.09982
48.62989 -122.98513
28.07973 -82.837439
48.641018 -94.035616
60.168461 -148.006656
41.309791 -71.862772
44.547438 -67.774001
48.374823 -122.664928
56.55073 -158.123844
38.003438 -123.011533
55.73135 -131.814759
55.534721 -133.585159
17.937982 -67.183694
46.72004 -124.042478
48.999357 -105.355888
51.83615 -178.828645
48.627037 -122.984657
39.143509 -76.452782
46.488255 -87.258732
52.016374 177.505747
53.064899 -169.738708
29.745032 -84.946595
28.388927 -178.342102
59.793146 -151.063758
57.518597 -154.591678
55.503599 -132.491598
38.370216 -76.006949
60.530464 -148.333245
55.955252 -132.440968
38.266997 -76.398852
35.769347 -121.324918
70.485353 -151.775537
55.800526 -161.972624
29.699145 -92.103867
64.88316 -166.432246
55.665797 -131.712102
55.875809 -133.346573
38.712845 -76.238725
41.629536 -71.333305
55.461185 -160.977376
48.72093 -122.626287
57.070092 -153.402608
46.418522 -84.551496
35.135017 -75.923867
60.393404 -166.200019
35.209377 -75.718015
59.284473 -151.153909
58.921883 -136.797836
52.109136 -173.173206
55.569191 -130.791627
26.958263 -82.076349
29.617882 -94.953327
29.20329 -90.618413
56.193351 -131.993894
66.272 -163.830077
45.261925 -71.239346
29.775148 -89.367271
47.145975 -88.232164
36.959147 -76.322764
29.995791 -85.541176
55.569985 -159.733899
35.7394 139.347
45.288861 -71.306872
59.221327 -151.761301
21.327426 -157.973334
44.594236 -67.405492
45.932837 -84.733041
57.055891 -153.213318
25.29422 -80.315698
37.075859 -76.555066
55.404984 -163.160278
56.427488 -154.805481
66.990454 -161.552265
43.676308 -70.209627
17.94102 -66.140661
21.2814 -157.7122
37.294108 -76.385603
34.005655 -120.208478
59.901825 -147.451584
64.541642 -163.053098
33.334063 -117.50565
60.874693 -147.089645
48.999525 -103.969479
60.624521 -146.187676
59.954052 -148.216934
63.76035 -171.737432
38.043315 -76.319476
27.630241 -97.219075
55.267548 -159.848619
57.233194 -135.552574
56.814797 -158.91073
46.483873 -86.620603
55.345639 -131.264608
37.823951 -122.363244
53.8392 -166.094147
57.01322 -132.997465
20.942739 -156.307198
45.425307 -87.327749
57.763612 -134.939924
55.074212 -162.053281
42.64402 -87.814674
36.304938 -121.89676
29.699348 -88.911751
43.750601 -70.15851
48.269628 -122.392058
29.573084 -102.773961
57.926844 -136.573288
47.266666 -68.077521
27.778721 -175.807541
45.501336 -67.427713
27.990729 -99.984923
32.969183 -118.573522
47.35954 -122.551536
57.966848 -133.84021
63.490799 -162.268242
53.309105 -168.365388
51.44058 179.097477
45.697868 -86.92106
18.969437 -155.726043
57.561555 -133.943417
33.915775 -120.048611
46.501077 -84.420274
48.253594 -91.97024
59.494744 -150.522994
51.991684 178.174473
38.817516 -76.498878
55.136124 -132.724716
29.869305 -102.341033
45.234904 -71.38317
46.908379 -90.644144
56.874698 -132.125934
59.829332 -139.811185
30.984746 -105.543676
25.890476 -97.365521
55.52624 -131.710566
18.387441 -67.489346
29.228137 -100.785521
29.118742 -90.677724
56.493689 -133.371889
55.917776 -132.064419
21.605885 -157.900574
51.571866 178.785061
27.478578 -97.350543
57.214756 -156.398751
40.645109 -74.174085
29.634017 -104.493659
34.07728 -119.919155
29.208636 -89.067371
59.871103 -153.079187
57.156118 -170.359817
58.211386 -135.966119
39.291747 -123.803081
42.669602 -70.72982
41.305623 -70.249276
38.095385 -76.008168
48.39719 -122.539449
29.899524 -83.659951
45.75788 -70.401749
42.738606 -124.499122
58.77234 -159.895009
59.240605 -151.101102
49.6174 7.33381
59.856972 -149.363846
45.378675 -70.645952
48.691389 -122.644901
46.975681 -90.798286
60.622748 -145.965559
19.217756 -155.349148
55.913629 -133.689882
57.740041 -152.850336
58.28389 -136.156158
57.36366 -152.606522
47.225239 -122.618607
54.755072 -163.219765
44.248779 -68.694144
57.952091 -152.857773
31.254734 -81.276862
29.629194 -95.013499
29.361218 -91.266589
58.344527 -154.175194
44.423804 -87.506362
48.298303 -122.599532
46.05249 14.49872
46.498079 -86.683819
39.216141 -75.396892
60.343094 -146.222473
29.708231 -85.153238
46.453897 -84.455527
29.66472 -84.853829
29.531543 -91.531021
48.160402 -124.731703
48.175703 -122.479008
46.180209 -84.125022
46.797755 -90.652916
29.859267 -85.39874
57.458456 -133.869832
48.102166 -91.588953
38.232133 -75.90004
48.998478 -113.576118
55.446642 -133.0745
63.19457 -170.285648
27.260721 -99.48791
55.249367 -159.843859
48.581609 -122.433059
29.515745 -91.420449
34.318198 -119.390449
34.408297 -119.684666
55.728459 -159.537152
57.774108 -153.48785
45.391094 -70.824053
58.915417 -152.356247
56.734228 -132.541203
48.853392 -94.693044
28.235857 -100.227575
48.548988 -122.965622
48.527485 -122.552917
51.635034 178.804128
46.181731 -84.17164
60.560102 -148.529363
59.439049 -151.826047
35.177666 -120.786076
37.818068 -76.281985
60.275043 -147.340103
51.966632 -175.742618
38.226432 -75.851396
44.728189 -86.160268
46.483028 -85.025598
44.521973 -67.61541
17.936083 -66.260684
59.046565 -137.016743
70.965584 -155.830881
34.991163 -76.160127
21.2789 -157.765
58.867451 -137.087472
48.114041 -122.44966
45.336277 -70.990233
59.464128 -136.301846
27.372593 -97.494682
60.10797 -162.321481
20.890635 -157.061128
29.924524 -84.470323
59.227064 -135.325145
47.63392 -122.40424
26.467658 -82.172917
59.953101 -148.9955
38.937366 -76.213842
48.229233 -122.396121
52.009331 -176.044001
41.270968 -71.962598
31.107115 -81.403732
58.268277 -134.724463
29.76576 -102.513381
70.853468 -157.884086
46.843476 -90.656946
43.759041 -70.034355
45.049808 -124.017991
18.490785 -66.867386
56.937374 -134.249327
41.17963 -72.186729
41.505967 -71.058418
48.050232 -122.538953
48.329514 -92.453691
38.939175 -76.361727
39.609517 -123.78354
44.188216 -68.437789
19.013967 -155.806109
44.575657 -67.486282
43.749818 -70.157754
59.453309 -135.071239
25.824401 -81.362272
46.675125 -85.028291
38.53962 -77.276303
29.444254 -89.918999
42.488321 -79.335129
65.134024 -166.910131
43.687836 -70.09285
46.509646 -86.962842
55.180397 -161.409821
55.444189 -132.281269
44.409668 -67.892033
59.395398 -135.016206
18.446893 -65.907756
24.592498 -81.71548
44.259332 -68.965264
53.321015 -167.442804
46.769224 -85.00924
27.694665 -82.679251
29.415589 -89.826049
56.620609 -132.544769
40.451061 -74.127466
45.237061 -71.443883
48.216883 -124.101773
45.427618 -84.990041
48.464143 -122.712322
45.71029 -84.943756
30.240679 -87.73553
57.112727 -133.322359
29.697638 -89.42421
29.336872 -89.257852
37.164479 -76.344898
43.432013 -86.448743
41.336226 -70.733253
47.32924 -68.176055
48.135569 -90.793841
56.457125 -132.208568
48.019834 -89.742569
26.365023 -98.853415
48.572219 -122.55886
58.274368 -136.055023
47.858039 -89.228507
26.024372 -97.226114
42.942772 -70.790682
43.515335 -86.479276
64.619317 -160.793356
63.532544 -161.119964
58.03728 -133.801187
48.892927 -122.793175
24.890517 -80.658917
58.018849 -154.82823
59.862784 -153.212865
57.342631 -135.761471
60.30764 -145.10817
55.142139 -161.900685
38.313576 -123.038742
29.68487 -94.972666
34.014075 -119.441226
52.109274 -174.920042
29.583842 -92.066533
55.455427 -162.545423
36.292188 -75.833964
36.930746 -76.013753
28.569677 -96.487943
37.680041 -122.179085
56.536505 -156.972896
27.613947 -97.296598
56.427881 -134.234099
44.397811 -68.534522
38.400548 -77.043526
41.142602 -73.228295
57.045279 -153.350793
47.262418 -122.600102
60.817464 -148.331634
27.250262 -97.37489
29.772888 -84.877111
44.434758 -86.24832
27.094872 -99.430275
58.314499 -136.265906
45.428145 -70.795009
18.383793 -65.591215
59.389168 -150.701813
27.798233 -97.102279
55.049967 -160.087574
60.877998 -147.459793
24.7383 -81.342278
31.332827 -110.460172
44.240872 -68.833524
47.259821 -69.050367
67.184754 -163.737464
54.161297 -165.747893
58.64503 -136.342827
41.470898 -71.347819
41.24497 -72.694744
48.991038 -122.774276
62.662998 -164.876663
55.362152 -162.601579
46.11981 -84.0519
56.398706 -132.238473
38.382781 -77.250172
64.497939 -165.413443
42.420333 -124.428068
52.87344 -168.992403
41.617904 -83.145887
27.878071 -97.295072
29.755006 -101.446502
29.822279 -85.314547
45.290369 -70.829661
42.063733 -70.245385
28.957079 -100.646993
55.151521 -162.445182
44.539722 -67.830269
52.355726 -174.320813
-12.44 130.97
58.626432 -158.827852
60.225496 -167.369927
56.802526 -133.893861
60.595518 -148.086378
30.428897 -104.861074
57.185902 -153.292253
27.425456 -97.330895
55.112301 -161.636556
28.147283 -96.910337
48.479874 -123.06842
33.369914 -118.482609
37.611315 -76.527188
55.143856 -132.662853
37.080467 -76.567931
38.332572 -75.961944
25.22008 -80.52319
43.149155 -79.042867
59.723245 -149.928962
21.083282 -157.00295
46.956836 -90.508157
45.479575 -70.70463
32.972248 -79.606615
55.69463 -133.537033
56.638863 -157.452196
55.98607 -158.639497
53.754936 -167.016863
35.43781 -76.966661
55.118835 -159.707321
61.039144 -150.377171
60.983541 -147.221616
56.90422 -157.00595
56.906534 -134.286818
46.989719 -90.872528
59.228475 -135.540644
46.879809 -124.122979
29.768062 -102.412062
59.482443 -151.634472
56.230742 -158.117797
29.74757 -89.598068
58.311023 -133.385718
18.124106 -65.327184
18.248653 -65.591954
28.499252 -100.333814
66.316112 -165.869233
58.271397 -136.340561
47.58392 -122.401839
59.666336 -153.314002
44.448043 -68.439281
61.010189 -147.094863
57.984623 -135.621582
58.093218 -154.449212
52.076274 177.667256
25.197348 -80.556888
59.877329 -141.423134
43.457833 -70.357549
70.057951 -144.130283
43.076234 -70.665958
41.270881 -72.485693
47.183357 -68.88241
42.654032 -82.797318
25.05011 -80.4889
45.506451 -86.782448
30.082359 -84.182217
47.964414 -124.672427
34.730709 -120.614852
56.197395 -158.280766
48.012364 -89.616133
30.085643 -104.685003
46.17989 -84.247687
53.074417 -169.776779
31.759608 -106.467642
56.683071 -132.539413
30.698222 -105.062626
54.636498 -163.80359
47.125667 -91.477351
46.03488 -84.687322
48.52397 -93.618321
42.732671 -124.473864
55.066742 -163.213009
44.03735 -87.671316
28.235435 -82.83799
39.832041 -123.851714
65.767116 -168.93724
46.101437 -85.412064
27.912142 -99.90008
28.580364 -96.221784
46.926357 -124.180111
42.289726 -70.95108
55.795119 -131.546383
29.687028 -84.813352
55.763485 -159.310837
56.120943 -158.628303
47.26432 -122.841377
48.999168 -101.625438
26.492554 -82.07175
40.407047 -124.391496
42.114757 -80.154084
47.68074 -90.584954
44.459718 -68.270522
35.526502 -75.954623
70.331005 -148.089174
55.858173 -131.831924
54.443495 -164.876075
70.795294 -152.19246
47.708034 -122.523962
29.708763 -91.845962
48.179915 -88.482039
45.011437 -71.767452
55.073166 -161.950256
57.548139 -133.510806
38.351403 -75.866331
51.798739 -178.08064
59.860881 -149.746364
57.300315 -134.835211
28.965341 -89.408157
60.296298 -164.698889
27.072397 -80.116772
39.310098 -76.179092
60.414452 -147.837456
51.726464 -177.597498
25.157859 -80.768374
29.704908 -89.59903
29.692704 -94.936089
65.10972 -166.67032
44.092906 -68.62535
48.342138 -122.551334
42.618079 -124.399421
44.597323 -67.302427
41.627816 -70.872665
26.058625 -98.094432
58.046883 -152.771303
42.42838 -79.429119
43.846419 -82.642899
38.304318 -76.007375
51.905464 -178.19709
59.161694 -151.791611
35.83861 -75.660086
58.909627 -135.323637
29.243986 -90.576506
55.331684 -131.660568
38.116923 -122.439577
47.127682 -122.711998
45.215872 -86.985973
63.232514 -163.909405
53.733402 -166.166703
59.574767 -139.703942
45.186771 -85.618639
29.912962 -84.335953
56.643215 -132.567978
49.000448 -119.876195
25.893977 -81.614735
46.47754 -86.627441
46.94363 -88.150114
32.621833 -114.791179
55.259054 -131.995908
51.967825 -176.057085
60.455192 -144.848662
41.640799 -69.951169
37.706262 -123.004489
46.781737 -90.723938
29.518513 -91.915321
48.467979 -122.970856
35.742892 -75.724743
30.049747 -89.418465
29.281556 -94.921593
47.981126 -88.772357
26.271956 -97.322807
48.10326 -90.274636
31.664112 -106.334737
53.982532 -166.279407
44.394453 -68.56642
42.125742 -83.121323
41.642595 -71.25956
58.102005 -153.199117
57.060768 -134.613159
44.851791 -87.581306
28.636412 -96.572649
47.452203 -69.203886
35.403276 -120.869209
47.000725 -90.70549
47.971046 -89.59589
39.366153 -75.512996
59.788391 -151.001663
42.594389 -70.678819
46.883905 -87.846195
39.379987 -123.822325
45.701639 -70.469869
46.788408 -87.607988
44.001148 -76.269672
55.344326 -133.329697
64.733419 -166.483801
57.175655 -135.549393
66.582738 -163.730376
41.248297 -72.905245
44.87594 -87.419951
67.025724 -162.859527
37.737973 -76.621433
44.609107 -86.231828
61.295356 -150.66262
52.054499 -175.117115
56.839963 -132.935933
56.402302 -133.819473
48.665344 -123.159111
60.50692 -147.607756
44.482383 -68.150904
46.83253 -87.685698
55.917371 -134.265872
59.610842 -153.592193
30.772134 -105.178279
33.488674 -119.029091
52.869662 -169.038767
43.544315 -70.307764
45.969139 -123.969991
60.974057 -147.06323
65.324938 -166.655179
48.475117 -122.851883
29.369882 -91.197465
27.354247 -99.507779
60.24298 -164.634362
52.116509 -174.905409
48.054927 -124.688359
57.865479 -152.4209
48.199964 -122.73503
43.63919 -87.734312
44.202886 -68.48452
45.065786 -67.105899
46.117947 -70.251282
61.053602 -148.373509
39.312155 -76.355495
41.893827 -86.619442
58.475876 -134.983963
58.891031 -156.980888
48.998729 -95.368698
52.884006 -168.907003
43.766037 -70.194678
29.60434 -92.007637
27.954059 -99.938541
52.213031 -174.462962
37.146164 -76.73728
57.792039 -135.376444
41.510296 -82.719811
28.617515 -96.510335
42.731958 -78.944158
59.036992 -158.450847
30.108286 -89.678163
46.991802 -90.621613
26.381426 -98.921277
57.872917 -134.11921
56.615317 -157.536486
47.099207 -67.864574
27.776019 -99.819092
28.68469 -96.256899
58.379483 -137.084438
53.745838 -166.460324
41.85873 -70.525567
60.850396 -148.393258
51.725419 -177.444717
60.32299 -172.310364
47.880246 -122.333543
28.131402 -96.879424
27.067705 -99.450282
44.02844 -76.200169
43.064389 -79.01053
36.931552 -121.862266
61.042936 -146.78373
57.253809 -135.503121
30.615795 -87.91253
32.699675 -114.730041
67.030335 -162.658706
54.801655 -159.597626
48.098209 -90.386413
34.024949 -119.532413
39.547994 -74.249043
70.348188 -148.203477
54.939667 -131.242976
44.814539 -66.950569
58.30107 -134.802388
35.348893 -76.365483
45.752337 -86.51457
37.769458 -122.286139
66.118919 -166.597243
60.966696 -150.286369
24.756384 -81.305634
26.742657 -82.066575
60.092538 -141.291995
55.576585 -130.927651
35.43231 -76.533074
33.912178 -78.136952
56.768357 -135.280875
60.981742 -149.510415
63.625745 -162.430304
39.881114 -123.915853
60.947839 -150.262096
37.851328 -75.467951
32.611851 -79.999374
42.571034 -82.796715
45.777477 -85.691933
51.68333 -176.713062
37.830328 -122.537285
-34.5766 -58.4187
43.707737 -70.215666
34.962747 -76.194936
18.107731 -65.375985
58.238107 -134.061024
53.027175 -168.587808
56.379391 -132.562317
29.054841 -90.79872
51.982052 -175.491852
41.3205 19.8269
60.853991 -147.141802
56.994184 -132.933219
44.274071 -69.005071
25.282359 -80.368186
55.920636 -131.604085
52.211861 -174.200389
55.218273 -132.207431
53.120015 -168.804901
25.789583 -171.722366
57.583457 -133.806003
60.516319 -151.930573
21.217661 -157.261457
42.589643 -70.668488
58.158825 -134.689515
45.056936 -87.492314
34.041155 -119.529603
48.121036 -123.288265
34.038887 -118.668358
41.865505 -83.366187
29.848462 -102.18615
54.907696 -133.087585
46.929439 -124.158624
56.825311 -133.694973
58.813721 -137.939353
20.753952 -156.462242
29.278845 -83.125567
59.99736 -144.389099
60.151731 -152.674176
51.977291 -175.867813
43.67501 -70.252961
66.122106 -163.847401
48.998124 -110.886706
41.489937 -71.141093
62.960087 -169.757249
55.563919 -130.120132
38.199751 -76.916922
41.269197 -72.662838
58.214289 -136.36138
47.575178 -122.503672
48.112445 -90.176605
57.011711 -133.325058
20.809169 -156.809463
56.801691 -157.42112
40.531273 -74.241732
47.28298 -68.546641
24.767535 -80.938543
36.559935 -121.932508
48.618469 -123.029869
45.684233 -67.73372
27.899445 -97.135783
44.053814 -76.342117
47.159805 -122.732819
28.094841 -82.835425
60.163504 -152.678085
44.940758 -85.952721
28.278475 -100.293468
29.496838 -94.909465
56.612955 -154.223759
59.899799 -149.357178
45.704432 -70.451503
32.538887 -80.16903
63.556859 -162.680973
35.460197 -120.969436
56.140676 -130.425575
55.958734 -161.262763
57.849851 -153.328137
60.510609 -151.952454
46.183993 -84.177298
59.12838 -151.517487
45.791275 -86.805524
43.675441 -70.170284
63.540951 -162.552701
28.943432 -100.651512
58.938263 -152.218246
60.062082 -143.135616
43.336771 -70.535244
25.407577 -81.146765
55.105785 -133.223221
56.372086 -132.204367
60.729004 -151.803814
48.154587 -122.677337
57.467861 -152.323683
29.113374 -90.764189
60.385481 -151.299782
47.992261 -89.904828
18.021422 -67.172138
38.421952 -77.001638
27.238882 -97.573953
54.249907 -165.684114
29.296691 -89.157593
45.406135 -86.824383
18.092643 -65.468768
57.15491 -170.303963
67.050281 -161.810256
48.470349 -92.708647
48.010643 -89.686495
26.502328 -82.177541
57.935298 -134.921104
31.365937 -105.970101
60.890371 -147.732958
37.631771 -76.287959
31.696711 -106.349538
68.339714 -166.838178
57.24034 -134.579449
42.352068 -82.92397
33.024914 -118.564445
19.66923 -156.033326
56.612838 -157.636018
69.811763 -162.840602
30.73005 -105.108076
55.549561 -130.810662
58.929317 -136.6092
27.100442 -99.437646
41.89882 -70.024335
52.01879 -175.292821
59.028426 -158.18054
69.981144 -145.011711
33.446213 -118.48557
58.174128 -152.194827
41.591642 -71.285635
55.185399 -160.767393
40.735166 -124.248406
31.836132 -81.076178
34.987256 -76.406281
48.50843 -122.785858
47.297412 -68.378667
29.677389 -83.436259
38.322574 -123.074684
45.325675 -85.25505
38.670774 -76.200334
58.266992 -152.147142
59.058729 -153.74868
59.966005 -165.588873
44.588745 -67.493423
59.632502 -153.298047
38.678363 -76.532398
26.995878 -97.549271
48.178335 -91.722574
56.422174 -132.634335
51.965895 -176.774023
40.560888 -73.878906
58.202891 -134.175238
29.718204 -88.889755
57.594149 -155.735509
55.630498 -161.526162
60.088182 -142.589676
47.9307 -122.66238
45.069235 -71.496098
57.032353 -132.993944
33.93315 35.59723
35.381492 -76.499251
61.105474 -146.258644
60.877153 -147.32564
48.122235 -91.183207
30.214179 -88.947872
58.319009 -133.990592
44.059445 -76.304207
38.162114 -76.749685
29.169769 -82.922613
39.035185 -74.93832
30.027826 -88.857368
57.820114 -152.429326
45.213694 -87.005359
57.314567 -134.517279
28.362833 -96.415253
41.818562 -83.434204
29.316127 -91.157755
25.142286 -80.677578
40.732962 -72.863164
63.429452 -171.818259
57.706943 -153.862886
43.817194 -69.65315
55.235046 -131.297162
70.714682 -152.377274
51.958256 -175.794525
18.391237 -65.593393
30.249179 -88.137083
59.003696 -138.173949
54.75028 -163.322849
30.233781 -88.280781
59.694324 -163.98822
29.758043 -88.873611
59.305214 -150.912817
58.055004 -154.513702
70.452523 -151.946384
27.278604 -97.655295
38.911174 -76.324097
46.087438 -84.066257
29.83094 -91.90689
45.008329 -67.072753
43.820987 -68.898319
21.06336 -156.835351
58.487315 -135.990948
55.930421 -132.224241
38.281385 -76.138524
45.980309 -84.634041
52.10942 -173.124504
48.500099 -122.792397
55.642986 -133.62323
41.609333 -70.265424
25.361239 -80.256982
20.685681 -156.01415
43.491963 -86.468747
48.559653 -122.482406
24.645949 -81.432315
20.94645 -156.332817
26.20249 -97.304486
6.18511 1.21421
47.103179 -122.721437
37.841085 -75.988018
60.048161 -148.114273
47.049953 -91.626824
37.004603 -76.452461
43.502904 -82.565691
30.984859 -105.533088
29.741753 -92.161709
47.058047 -88.353952
25.338701 -80.335269
26.059169 -98.091038
20.014525 -155.270316
48.19247 -91.022667
27.37314 -99.499076
35.596597 -75.458659
29.690478 -83.483143
61.318865 -165.858993
43.739771 -82.612224
59.833376 -153.088515
69.986364 -144.854539
47.378816 -91.156513
18.46892 -66.456486
41.411777 -70.951045
48.341341 -124.670072
48.478128 -122.664623
36.000299 -121.503112
28.696395 -96.231453
60.810066 -146.555964
64.409192 -163.107459
40.878528 -73.784803
21.402104 -157.728221
24.958492 -80.597074
55.669114 -132.394266
45.062268 -83.36747
37.697769 -122.203971
48.474975 -122.46967
60.362423 -146.191818
46.543038 -85.027083
34.976742 -76.77118
55.848311 -155.474516
28.644489 -96.575227
55.499626 -133.414429
45.116172 -87.051049
45.677886 -67.803313
30.743366 -105.110682
28.441871 -96.303212
47.956147 -89.585372
45.244911 -71.376691
57.445295 -156.220105
48.601337 -122.953728
58.819777 -136.538029
54.701189 -132.029747
38.626282 -76.24651
56.567328 -169.671324
55.567286 -130.977097
62.636697 -164.81711
48.023501 -89.97718
48.345114 -92.216983
29.748264 -91.752259
57.097744 -133.887957
54.201805 -164.822739
60.169789 -148.130641
21.157755 -157.284346
42.991255 -70.752804
36.285344 -75.814483
55.020454 -162.2535
25.142646 -80.742877
48.023325 -89.749314
27.911442 -97.001441
56.471794 -133.3563
41.143996 -73.235058
42.163137 -70.706264
57.813047 -153.93522
43.848525 -68.882554
37.494641 -122.485888
44.223568 -68.722956
37.702937 -123.00019
55.11314 -161.919785
54.243406 -165.685823
58.1148 -152.569595
59.985938 -143.897029
56.444893 -132.381422
48.0472 -122.593621
21.899193 -160.21383
54.640634 -164.761347
47.301506 -68.384105
40.813251 -72.573441
27.973535 -82.810605
70.432091 -150.104388
59.230476 -151.280544
59.703842 -164.010239
60.595485 -162.270434
32.621332 -114.80739
38.582845 -77.26443
21.212131 -156.962847
47.965213 -88.832063
29.534145 -94.490607
55.363232 -160.361755
28.394138 -178.290497
61.214453 -147.761511
19.906801 -155.131235
18.330529 -65.298328
55.621989 -162.337934
29.556087 -104.394589
43.487031 -70.385615
59.269045 -151.023097
55.572761 -130.781514
44.018886 -68.635315
60.127872 -147.390915
55.492951 -132.247327
58.77644 -160.780579
46.052654 -84.656567
46.067047 -83.858711
33.072302 -79.337169
45.249694 -71.191744
47.695511 -122.832139
45.222127 -87.00754
29.887333 -89.322289
36.02043 -75.658537
42.374437 -82.919114
26.554046 -97.269392
57.913266 -152.526283
39.102937 -74.705876
41.57086 -71.36356
45.303688 -83.43304
65.217663 -166.474839
37.015246 -76.340666
48.145504 -90.785781
18.151046 -67.176554
48.105117 -90.305634
48.747723 -122.847305
48.114186 -122.559911
43.134573 -70.62251
57.115354 -153.384699
55.792992 -159.365097
55.192577 -133.19664
47.496973 -123.033938
51.908725 -176.558376
59.965241 -162.121072
37.561734 -76.300144
43.822195 -68.886725
34.013178 -119.637742
39.373916 -74.406792
32.933885 -79.572614
57.661859 -133.278209
46.746987 -90.883396
35.942197 -76.362966
57.778633 -134.130737
58.148559 -152.112205
40.848125 -73.773038
43.34851 -82.536794
30.370466 -104.824314
29.108849 -89.313733
31.783599 -108.208394
37.727827 -76.560476
37.90645 -122.682171
41.944742 -83.295982
56.438282 -132.478439
36.954051 -121.975871
30.619091 -88.059598
45.867274 -86.758449
38.575293 -76.305172
59.247075 -151.905106
38.353307 -75.872517
59.56308 -150.533056
55.128991 -130.728571
60.865597 -146.787431
48.999544 -103.876905
44.45173 -67.574206
41.042065 -72.260515
44.331988 -68.060356
34.017914 -120.35532
56.073035 -132.519491
36.955951 -122.105976
48.463814 -122.856644
48.998224 -113.356874
60.565906 -147.613843
12.0096 -61.758
25.942009 -81.738118
21.105835 -157.079696
38.148587 -76.613939
70.516711 -151.760248
21.200745 -157.148125
28.050375 -97.160264
35.939827 -76.60384
41.430882 -70.555588
41.118055555 29.046944444
47.147251 -122.639603
63.091257 -164.640324
57.883548 -135.575718
56.257294 -133.004379
25.593134 -80.305615
29.837943 -84.656318
28.121758 -97.053188
60.86039 -147.935688
47.004522 -88.385606
45.906524 -70.253897
57.229656 -170.161647
51.831195 -177.759641
29.783948 -102.490331
58.781635 -135.020839
29.783331 -91.859151
20.578427 -156.377633
52.987521 173.13151
56.166129 -133.937349
52.026259 179.647641
42.555734 -82.849316
58.148966 -134.371445
48.999605 -103.976459
60.550702 -148.306123
19.039266 -155.884077
53.442793 -167.457366
54.196731 -165.383719
28.16816 -100.16059
19.381852 -154.944185
29.26625 -90.452186
41.022565 -72.047468
56.457038 -132.871919
39.584048 -75.525677
46.478531 -86.606932
29.722487 -102.688164
48.294903 -122.574872
56.580543 -154.402289
45.163652 -67.227324
44.495238 -67.71419
61.151079 -150.065646
56.29023 -133.984375
43.37551 -78.145195
41.758841 -70.121978
42.118016 -124.357122
38.802835 -123.579856
46.823143 -90.798936
48.232989 -91.957798
29.057817 -90.348768
44.300819 -68.556236
35.666281 -75.498675
46.87503 -69.818552
45.003238 -73.762985
44.503576 -67.614954
63.513768 -162.073156
57.880707 -152.669315
55.930714 -133.306564
48.533997 -93.518691
47.166288 -122.75905
44.434803 -68.801634
28.244345 -82.764103
27.599937 -97.257656
48.748672 -122.715709
56.507844 -154.163987
68.944773 -164.161249
48.52651 -93.622333
45.763536 -86.634902
34.433931 -119.925227
55.986203 -158.809248
45.059107 -87.493381
55.726578 -133.490875
40.962962 -72.88825
17.953595 -67.210034
60.090701 -139.200346
55.911083 -133.495728
30.343573 -89.345934
60.416886 -144.855457
38.305722 -123.053476
57.97827 -133.913498
23.781681 -166.209152
66.041688 -161.812306
70.096436 -143.510081
46.7888 -90.657179
56.728886 -133.766143
56.083293 -133.971228
41.361125 -71.479867
48.536904 -122.599948
46.141675 -123.95919
29.361483 -94.778691
30.253308 -87.918247
48.689377 -122.916603
39.289557 -75.288898
51.828543 177.321687
55.483373 -132.364297
37.66893 -76.537698
60.410607 -145.50393
30.085478 -84.11384
48.518543 -123.004768
60.021834 -162.207225
46.487694 -84.678423
42.564958 -86.23528
47.288272 -68.121463
32.506918 -114.812635
61.077396 -148.274523
47.166348 -122.672737
55.358831 -130.882146
57.342685 -133.403868
55.720826 -131.726467
55.183979 -163.105011
41.593529 -70.850181
57.302976 -152.900688
52.884034 -169.999094
25.867737 -81.424295
57.446241 -135.540158
32.603319 -80.077039
41.571416 -71.294363
41.893335 -87.612291
58.128096 -157.580924
18.19499 -65.690749
47.895438 -89.226327
57.483721 -135.297784
57.283041 -156.538684
57.069577 -132.875197
37.77904 -122.318909
53.395666 -167.177642
57.932917 -135.685613
46.886042 -88.475859
69.97768 -144.990131
48.162513 -122.65602
42.523535 -82.874416
18.211146 -65.600503
56.222892 -133.644657
58.609337 -136.123138
44.378613 -68.90353
30.327398 -88.506334
46.765528 -67.78938
54.214884 -165.868192
41.26309 -72.029438
47.143049 -122.786742
29.290737 -94.786095
56.892252 -154.300002
56.01165 -131.159126
35.454224 -75.494933
37.220914 -76.649869
46.947021 -90.765289
37.692804 -122.197411
55.839734 -131.658813
27.831251 -97.184639
59.170416 -135.398828
41.846432 -124.219592
30.680972 -105.002057
37.941516 -122.479175
58.195277 -134.257092
39.354217 -76.341443
44.846851 -87.267441
55.92599 -131.613603
52.441909 173.476243
30.751452 -105.152362
48.255228 -124.684677
61.118799 -146.613659
59.916119 -164.201811
43.886645 -76.228261
59.365508 -154.117672
41.726938 -86.90913
41.310464 -70.275526
66.780639 -162.049123
55.231611 -162.714607
32.583747 -116.540643
55.836455 -155.804728
55.824076 -159.85075
45.374078 -67.421501
25.817913 -80.122056
56.683601 -154.047501
55.421104 -133.666656
60.574135 -151.323951
57.479587 -133.904223
45.89512 -67.779157
56.556065 -132.518295
57.999302 -155.026275
54.994425 -160.080659
53.275659 -167.530884
54.912495 -132.665497
67.043113 -162.481257
60.820385 -146.714748
46.52848 -123.897242
25.129393 -81.022989
57.099351 -153.133988
46.8127 -71.2199
56.24123 -133.000809
26.378648 -81.868983
56.786186 -133.87225
38.071762 -122.483757
24.557829 -82.166382
45.935007 -67.774907
66.360815 -161.817538
29.790977 -102.039227
45.425328 -67.473366
43.634924 -83.769886
21.16188 -156.736648
26.841588 -82.301736
29.459651 -83.307094
20.937838 -156.242555
48.594915 -92.894687
18.918694 -155.681825
59.392024 -150.429601
38.36585 -75.973876
29.432256 -83.272019
45.754415 -85.501267
63.372792 -169.546934
37.516499 -76.293599
44.965921 -74.999655
48.517281 -93.645397
29.778113 -93.267456
61.255871 -150.303639
29.484144 -91.848663
58.967314 -136.544899
37.966714 -122.488665
45.964295 -70.274325
33.735917 -118.396606
41.540121 -70.941785
60.872534 -146.69769
55.904232 -161.712283
45.417536 -86.930511
27.240409 -97.582605
37.135936 -122.337833
51.691581 -177.902693
45.741831 -86.838658
28.828249 -100.55313
59.802123 -166.249955
46.2073 -123.759976
58.34617 -136.911213
56.760091 -154.064292
38.621092 -76.190902
70.871788 -152.45695
54.71529 -132.281803
56.343505 -158.432795
57.269469 -132.29792
60.218469 -148.321208
32.308524 -80.654163
55.244869 -131.326878
45.24152 -87.116432
29.451464 -94.631084
35.150433 -75.893942
63.691923 -170.315839
45.00489 -87.163529
46.989356 -89.113158
64.515944 -163.15018
32.839273 -118.369984
48.721312 -123.019699
39.119804 -74.714341
58.191529 -134.287371
56.375229 -132.450485
40.519 -124.382816
23.60633 58.43576
48.230602 -91.941838
48.209804 -91.834404
31.747816 35.224632
35.453743 -120.955863
29.779817 -102.468946
46.911502 -91.019141
18.290823 -65.260282
27.306121 -99.502036
41.581089 -70.946911
45.057233 -87.492411
27.631551 -97.214099
29.162373 -90.941877
51.371629 179.467581
59.477136 -150.518382
4.63651 -74.09469
38.322769 -75.087466
55.078423 -132.830612
37.144498 -76.617084
35.380368 -76.462156
70.256612 -161.254723
56.913951 -135.332356
34.021082 -119.542449
32.874532 13.206359
28.57324 -96.473694
40.438076 -124.409591
33.516326 -117.761387
24.939058 -80.624172
56.775639 -133.235251
52.779364 -169.702533
29.738881 -84.729836
28.233206 -96.663116
43.994176 -76.218729
61.68936 -165.81
18.476848 -66.511609
35.546174 -75.908534
36.998163 -76.452118
41.441302 -71.43767
60.262314 -147.105377
55.88677 -133.840298
41.251597 -72.962047
54.371116 -162.759472
37.752203 -122.37878
60.598026 -148.102747
18.302299 -65.296515
44.464335 -68.224354
22.06369 -159.786543
35.261067 -75.598312
45.94864 -86.254768
56.509108 -132.874282
56.686455 -154.155045
46.090248 -83.784348
44.727972 -86.121125
57.588562 -155.730951
66.33331 -165.80503
45.729274 -67.809833
71.258952 -156.320702
55.800034 -133.359695
28.357462 -96.59176
39.066885 -75.402035
44.62087 -87.418028
28.709627 -96.648758
57.7999 -133.635578
25.31735 -80.374116
57.400578 -135.669837
41.625608 -70.869624
47.42217 -69.039301
39.205708 -76.425281
47.346696 -68.224139
44.056748 -83.58409
27.527433 -97.336802
55.03603 -159.849136
59.888029 -152.806934
42.045895 -70.644337
45.786905 -84.726192
25.135704 -80.957427
60.018101 -148.212668
58.655613 -161.939163
55.705882 -155.634607
30.228031 -88.304773
19.85053 -155.976651
44.689354 -83.276836
29.216065 -90.022029
28.106054 -97.05176
13.09314 -59.58498
48.085255 -122.400692
55.89502 -133.721779
48.809206 -94.694974
41.9066051 12.4918327
37.963526 -75.737997
13.052405 80.251932
36.998946 -76.551246
54.756031 -164.629661
45.634253 -86.687208
45.165876 -67.191167
29.363661 -90.036374
41.528297 -71.227989
42.021858 -70.179601
53.534079 -168.200443
24.701238 -81.319282
66.572547 -161.932642
48.999372 -106.479609
45.971292 -84.514071
44.849092 -85.652355
40.838891 -73.781206
66.724438 -161.879754
35.490569 -77.026638
55.773956 -159.27562
60.194304 -164.505677
71.259392 -156.2142
52.020584 -175.014748
47.56892 -122.409839
58.896183 -136.572266
29.624527 -92.04767
47.254804 -122.578211
18.457489 -65.992935
56.548941 -159.815477
37.322194 -76.272005
48.111768 -90.132645
56.20688 -132.30058
46.47176 -86.731096
58.878472 -160.872003
57.633445 -155.724167
59.394049 -153.993994
27.723004 -82.477638
47.905941 -122.3773
27.202863 -97.379865
43.669506 -83.831284
55.171748 -159.861308
51.972534 -175.928726
55.7178 -159.398407
29.983738 -89.574425
62.13989 -165.672037
29.270927 -103.816642
38.842815 -76.489878
45.284767 -87.043895
58.2687 -136.569831
48.639565 -123.116493
47.990729 -122.487505
24.641985 -81.470411
55.091234 -160.146093
55.350731 -162.568266
32.926461 -79.585897
41.645259 -70.191061
56.603426 -133.872242
21.596577 -158.10672
41.617734 -82.703438
47.212042 -67.991871
56.905084 -134.220002
26.927791 -82.083249
18.454457 -66.153037
45.95126 -84.564919
29.247975 -83.074734
45.038114 -83.271464
39.477996 -75.593068
21.16421 -156.903466
44.905607 -87.839561
59.810924 -153.278535
57.913938 -136.534201
55.049229 -159.489589
24.659757 -81.480504
64.470702 -162.61422
44.385219 -68.564741
70.267092 -161.692195
58.266301 -154.150126
56.811077 -157.291231
68.818221 -166.20375
29.584046 -94.734626
30.17832 -85.811219
55.287138 -159.889174
66.563762 -161.552099
25.945116 -97.580419
66.420441 -165.407204
71.081119 -155.25686
29.543068 -94.482873
55.1443 -131.542788
36.077497 -75.696742
64.625399 -163.16065
45.294635 -71.105151
66.779406 -162.013623
53.443115 -166.751645
45.575045 -85.541129
45.293446 -71.264939
58.60729 -133.699835
47.583654 -122.479089
28.599703 -96.007534
48.239894 -124.70592
45.834993 -70.36702
30.522453 -88.034988
18.0186 -76.76456
29.657707 -89.608925
58.240213 -135.7351
40.966801 -73.137497
34.100102 -119.130169
28.829174 -100.561443
35.977209 -75.899382
34.009819 -119.54828
60.695732 -147.406738
57.815785 -134.954547
37.925114 -75.898316
44.359603 -75.929465
57.929923 -153.198618
35.606046 -121.143561
46.60357 -123.955556
41.252867 -72.002461
38.597753 -76.268633
45.032315 -83.302153
55.955069 -131.241704
45.171167 -67.240643
29.477996 -89.849642
35.925288 -75.620114
56.787239 -133.709249
61.048079 -164.950573
60.012407 -139.486032
38.141033 -76.089017
55.459776 -160.666917
70.43537 -150.185078
44.998699 -74.54902
46.667627 -86.036969
43.539635 -70.245499
70.224044 -162.019265
27.980759 -96.986661
56.905267 -133.908673
26.471188 -97.254166
48.554699 -122.926125
57.976029 -152.432608
61.127365 -150.2659
48.16237 -88.578413
67.039629 -162.504523
57.198063 -135.372441
37.757493 -76.576387
61.947184 -165.725818
62.937527 -169.638309
37.852721 -122.41847
55.183915 -162.49447
41.347209 -70.838777
47.360207 -68.289315
71.096794 -155.513987
55.989207 -158.495114
63.13236 -169.944056
47.27929 -91.262512
28.650085 -96.627893
45.761815 -123.982578
51.762772 -177.13096
20.790756 -156.473562
54.038099 -165.900154
46.663083 -90.911281
15.52645 32.60806
20.907035 -156.216341
35.371375 -76.485762
56.613308 -132.595179
57.088973 -133.188074
57.902605 -152.44824
66.898455 -162.601052
48.065295 -91.379463
46.409389 -70.076128
21.977939 -160.056336
60.634508 -162.192387
19.728013 -155.087118
43.982109 -83.180618
29.69313 -92.103179
29.748182 -102.612879
21.0493 -156.877137
58.277951 -136.576799
32.557023 -114.791551
41.430925 -70.701378
49.00044 -109.500737
45.967253 -85.893196
48.998553 -102.216993
60.908009 -147.549756
70.314201 -147.9615
45.587925 -67.51858
18.005955 -66.770307
56.98355 -156.555077
48.012468 -122.228767
46.562633 -123.916902
59.21269 -151.504699
57.242279 -135.400665
52.34942 -172.568051
32.592178 -114.799737
43.873371 -69.1203
59.851738 -144.567078
57.598967 -134.856386
42.727299 -87.778627
41.728801 -124.154246
25.191786 -80.563006
55.106734 -161.960866
39.634912 -75.556246
30.34979 -89.279818
59.871723 -144.450974
26.999695 -97.536803
28.559499 -96.104735
69.631025 -141.280849
38.713266 -76.331479
59.813582 -141.156497
44.116921 -68.492892
65.113586 -166.638411
51.837529 -177.625008
59.703052 -140.256351
45.798172 -85.532013
48.053518 -91.413862
48.999621 -109.060292
36.453918 -121.9255
43.803785 -69.650818
20.13157 -155.558933
57.472048 -157.937241
29.610883 -92.007044
41.744397 -70.412476
48.645237 -122.583824
55.099239 -132.706879
46.819488 -89.634938
60.308716 -172.231354
24.584597 -82.143784
60.883774 -147.665855
45.296808 -83.42514
37.750941 -76.639962
44.893324 -75.165123
57.257161 -154.594977
26.397371 -99.062093
48.447875 -92.507285
57.009946 -156.759919
47.21431 -68.972169
57.623402 -152.322733
54.800701 -159.802261
27.572131 -99.515978
59.172496 -154.172944
57.688568 -155.583513
41.64023 -71.233234
59.591899 -150.538104
59.111239 -154.251233
49.3 10.5833
70.976805 -157.421001
45.234873 -70.885029
44.927585 -85.491286
46.864532 -90.718544
47.689419 -122.403841
38.767361 -76.559884
58.002168 -154.774719
58.43007 -134.769806
29.273942 -94.885425
47.353797 -68.365728
46.730527 -87.582745
44.084274 -68.781772
41.504948 -71.378914
44.276511 -68.668213
46.891154 -87.816794
38.061786 -75.216117
48.113725 -123.314578
60.687333 -146.188159
64.96433 -166.61511
58.093482 -136.538708
57.030218 -132.813684
28.584884 -100.398385
34.669623 -76.990262
71.067683 -155.533347
48.230801 -92.378449
23.731037 -166.170227
54.83512 -132.314146
63.407853 -171.795297
55.061352 -132.624575
41.911699 -70.025553
45.920152 -70.263315
58.601234 -137.608804
41.306318 -71.857432
63.62995 -162.425419
36.07171 -75.793974
47.205491 -68.958414
48.476849 -122.689121
46.870422 -87.778752
47.362593 -122.813778
20.604895 -156.56714
60.838734 -151.796723
55.910677 -133.459637
55.197115 -162.644734
52.878028 -168.97171
26.200709 -97.296598
28.406044 -96.79805
48.710316 -122.95182
55.912903 -131.639175
70.809988 -155.906615
45.515058 -70.721611
55.420918 -132.479688
21.075796 -156.794136
57.236124 -135.637289
34.010136 -120.230001
69.855498 -142.081696
64.516738 -164.548298
24.899305 -80.693314
46.853844 -90.643218
48.753962 -122.661111
26.462857 -81.967112
56.486073 -133.361615
45.275456 -71.110735
45.149377 -87.242924
56.167024 -131.972809
63.73487 -171.648935
28.982844 -103.273357
57.485202 -153.919897
29.586928 -85.051033
60.327889 -152.386334
57.737961 -152.874498
42.045553 -124.270464
27.765076 -175.906647
45.604665 -67.455406
38.649449 -123.40301
64.204158 -160.946857
33.065362 -79.335346
45.845431 -86.721113
26.842188 -97.563266
47.019288 -91.660248
41.188671 -72.170074
44.873987 -87.838359
29.125464 -95.161919
52.87749 172.754236
32.617119 -114.809393
30.360744 -88.399062
58.502644 -134.970276
56.723321 -159.263113
29.710957 -89.644562
56.054481 -131.129383
42.330284 -70.898155
27.960307 -82.700134
21.585892 -158.190704
29.47343 -89.840509
58.231892 -135.712398
45.322464 -70.807058
52.097881 -173.019588
59.235137 -135.542547
64.378649 -161.525246
48.265527 -92.290368
45.278873 -70.921474
55.924839 -132.279962
53.66556 -167.071823
59.209544 -151.305724
60.206513 -166.909802
46.990196 -90.878235
41.667317 -71.382049
70.359068 -148.477044
41.845233 -87.60945
48.00229 -88.994163
48.057292 -91.573015
45.012555 -71.560562
29.512995 -83.383973
35.459028 -120.976122
30.565985 -87.904168
63.382606 -162.432169
48.609344 -93.405269
47.068317 -90.730179
44.665344 -67.309302
58.380672 -135.669846
45.092693 -85.681096
62.014032 -165.756386
59.678009 -153.12174
46.245491 -123.909306
48.115966 -90.606402
58.435795 -136.062165
44.355395 -75.939664
47.77813 -90.187636
48.198844 -91.749075
54.753545 -130.737423
41.527201 -82.711632
41.631008 -83.194524
29.760083 -91.874761
21.872814 -160.147609
55.540043 -130.784488
43.985022 -69.069569
48.778066 -94.690889
69.282661 -163.236121
48.028404 -89.99305
44.308197 -86.300264
43.84128 -83.404422
62.976617 -169.734938
27.752599 -97.116277
54.720091 -130.685213
54.979302 -163.067008
23.861296 -166.218231
24.67954 -81.535323
36.924531 -76.345569
60.908776 -147.210324
57.31996 -135.855849
68.336324 -166.829715
60.539558 -164.97128
41.607483 -70.916581
51.605546 178.919136
35.599318 -75.47861
46.592166 -70.019747
36.998347 -76.373567
47.381325 -122.401764
42.644758 -79.06376
30.046305 -83.933432
45.933376 -83.78611
35.178472 -120.734231
53.519329 -167.789164
60.43066 -151.940079
38.192649 -76.088639
52.223677 -174.084042
28.991532 -103.227801
38.82966 -76.19109
60.121591 -152.658418
28.15249 -82.790724
37.701565 -75.572464
63.441975 -169.857078
57.314342 -135.840359
48.542873 -92.634931
30.31548 -87.267827
53.25734 -168.501365
57.610062 -133.174032
61.532672 -166.075524
33.588083333 130.373027777
29.783038 -101.791003
47.897917 -122.328546
47.736228 -122.740159
27.848462 -82.553946
33.760317 -118.1569
44.860047 -87.405541
41.576846 -69.994357
59.38084 -153.571442
46.531589 -124.026019
44.127749 -68.346724
32.602783 -114.807906
52.449952 -171.30417
28.601738 -96.233998
39.346608 -76.294978
60.179555 -147.820159
37.607391 -122.14636
45.682007 -86.584771
48.642658 -123.146736
48.651424 -122.593346
70.437332 -151.605581
46.484868 -84.63102
18.478488 -67.169016
29.646217 -94.132577
46.235327 -123.998052
54.918686 -159.312733
45.772739 -85.495575
55.066981 -162.190348
59.75491 -140.102591
52.404072 173.385704
38.277153 -76.102549
56.574578 -132.367088
61.120926 -165.175321
57.612648 -153.846828
29.277044 -89.950233
70.332812 -148.089676
59.424245 -135.34071
41.29862 -72.251895
45.541207 -67.429057
37.36202 -76.258277
20.205157 -155.906035
60.81212 -146.724844
42.013346 -70.695809
41.622523 -71.30555
60.92117 -147.50601
48.139279 -123.628819
59.775711 -147.919144
58.121582 -154.452096
59.490906 -161.70253
57.390141 -158.049932
39.024857 -75.345763
63.197108 -170.279881
27.832952 -97.227317
27.956868 -82.821975
60.813694 -148.396614
28.34932 -96.794306
38.249145 -75.9445
51.73152 -176.343756
37.977038 -76.427487
59.065199 -153.746201
45.423477 -67.471255
55.876709 -134.208251
18.310488 -65.302536
24.836158 -80.766965
67.20996 -163.74082
37.91831 -75.860727
56.178177 -133.009125
18.378212 -65.566355
57.668049 -152.44303
25.75107 -171.730728
28.637144 -100.445529
43.777113 -70.17544
54.700398 -163.185401
58.083444 -134.18937
22.219456 -159.591596
30.338509 -88.128052
30.221357 -88.569138
46.708973 -124.022413
57.45756 -152.762676
36.482124 -75.899908
56.287017 -134.232195
48.096008 -90.556838
44.934393 -87.393405
57.447852 -152.742678
48.804475 -122.693683
38.838715 -76.489878
52.038768 177.505319
39.000113 -74.786356
30.79093 -81.455287
45.178274 -67.244012
54.918404 -133.114944
17.954853 -66.046585
45.624461 -67.666456
55.619194 -133.582184
57.88252 -134.121904
54.997163 -162.646472
47.280052 -68.590605
41.651457 -71.362869
46.500749 -87.351071
48.562313 -122.934212
58.747728 -135.025598
55.901564 -133.697985
55.665394 -159.530117
51.896765 179.521868
46.599863 -90.586249
58.922081 -152.019318
21.40329 -157.723794
37.573056 -76.383188
31.781807 -106.528643
29.161741 -82.887211
58.123534 -154.330013
37.799149 -75.514921
48.257045 -122.503786
57.293461 -133.866501
37.160367 -76.34405
45.27324 -71.259614
40.955842 -73.144673
54.044186 -166.046438
57.004629 -156.547667
58.376424 -152.227835
28.30039 -82.735463
35.708045 -75.715188
29.547709 -91.985725
59.958013 -162.760007
32.580889 -114.803879
58.218298 -134.500927
60.061995 -143.194276
27.061193 -97.450233
51.697195 -176.930872
41.61081 -70.920074
57.056309 -153.595819
59.395274 -151.908015
45.420764 -84.983836
39.355808 -76.311679
37.969422 -122.791739
37.734979 -122.375854
58.349168 -134.651428
58.097323 -135.260951
61.013826 -164.998172
41.567963 -83.043079
44.016067 -76.278691
55.665302 -160.416452
41.868912 -80.900342
41.471634 -82.181598
47.339637 -68.214551
28.30221 -96.581019
56.405625 -134.636506
26.339386 -97.392019
48.497622 -122.701644
56.570709 -133.68605
17.943549 -67.197668
39.204791 -75.023437
55.95995 -160.533685
42.420621 -87.80337
58.552617 -153.911749
31.719448 -81.203572
21.886263 -160.231028
29.592442 -92.018349
63.214615 -162.72408
57.865233 -153.089419
35.925569 -75.723782
35.448808 -76.565039
47.33047 -122.725738
57.672013 -133.441215
31.654484 -81.131728
51.963966 -176.017242
59.943984 -139.682456
60.222572 -144.666556
24.640172 -81.448623
58.050577 -152.706831
35.553556 -75.462491
45.45841 -70.681074
48.999418 -120.001199
53.547267 -167.131239
58.073306 -136.445256
56.002854 -158.729567
57.244067 -135.561853
18.342399 -65.568702
46.582703 -90.909815
36.630753 -75.890946
51.866769 177.334229
52.960545 173.172406
59.139821 -135.341114
41.294453 -70.266776
29.064995 -90.955673
29.801057 -101.987539
60.989547 -150.310334
40.869079 -73.785502
40.022657 -124.072509
47.199542 -67.955669
47.209242 -88.194218
30.52357 -88.090734
35.034853 -76.364367
57.672388 -155.580658
57.506227 -136.014529
31.620413 -106.303536
29.599041 -102.739991
37.903882 -122.367582
55.377576 -160.147993
30.347753 -88.446495
58.732856 -135.026193
57.983501 -152.74736
38.918829 -76.256397
30.317814 -87.319518
48.363279 -92.162161
38.203813 -75.888073
60.013318 -148.273844
54.090158 -165.212264
29.886763 -89.272179
38.297012 -123.004122
29.322661 -90.034275
59.366566 -153.345871
45.874043 -67.804724
27.884121 -97.11895
29.978752 -89.432785
58.018748 -134.098652
55.064665 -130.187541
26.808481 -97.373056
47.169143 -122.614855
20.916677 -156.226757
47.153914 -122.619614
31.332301 -108.851105
36.050363 -121.590395
32.560652 -114.791988
46.624941 -90.794775
40.453407 -74.139886
39.496568 -75.542693
46.231452 -70.260645
20.926254 -156.971604
64.656213 -162.21662
45.595818 -86.691704
48.174438 -122.363479
38.15063 -122.40358
20.26032 -155.811459
55.355072 -133.633331
30.23039 -88.023991
55.576767 -132.514798
48.574246 -122.534719
44.823359 -83.299736
29.663987 -85.18453
31.783599 -107.422246
24.759336 -80.988082
46.631555 -87.466537
30.071422 -84.167881
38.065743 -75.860072
47.407711 -87.617531
41.250557 -70.803856
48.463814 -122.971451
30.160362 -89.572093
44.094888 -69.050814
61.285456 -165.635791
48.698054 -94.486503
48.108148 -90.224692
29.793095 -101.814889
44.445075 -68.892073
27.741683 -97.368355
60.030726 -149.041599
28.988114 -103.270357
29.493813 -91.770065
39.07421 -76.423081
59.294085 -135.441045
58.885243 -136.868184
54.94859 -131.232268
57.563095 -133.565478
46.218228 -123.666751
52.132911 -174.048451
41.594064 -70.927393
52.558254 -170.767378
46.064667 -83.677872
70.463564 -151.936783
18.387771 -65.622761
63.470171 -161.470043
29.719027 -85.072123
48.766115 -94.66711
34.403154 -119.691749
37.331943 -76.014251
28.607336 -96.222293
29.105103 -82.801166
55.103244 -161.654918
48.484039 -123.008934
46.692362 -91.857462
56.725419 -134.401407
58.86349 -157.016088
31.326237 -81.274513
29.383278 -104.143692
45.004186 -72.270869
43.270113 -70.585184
41.876625 -70.009013
65.335824 -166.51864
25.218482 -80.49315
48.282061 -122.558332
35.142271 -75.910265
29.760377 -102.559343
43.765189 -70.116176
62.806254 -164.87564
58.089367 -136.457153
70.974306 -155.201466
59.224789 -151.287063
32.687751 -117.213068
46.885155 -90.702049
37.48054 -122.452087
61.690734 -165.856791
26.066419 -98.20496
57.522732 -157.573472
55.246592 -130.030162
45.282653 -67.489464
56.912979 -153.550674
57.50872 -135.294837
34.604406 -120.640244
70.834828 -154.352604
37.225408 -76.494008
29.18882 -102.944911
39.285367 -76.185674
26.489221 -82.186441
36.302674 -121.899642
47.210498 -88.204849
51.947572 179.767251
59.778411 -151.867713
36.931447 -76.189959
69.700372 -162.922009
58.035052 -136.563223
29.284962 -103.880606
43.859486 -69.310829
54.416113 -162.552718
59.212137 -151.009238
55.649731 -160.353494
29.441021 -91.24164
46.471655 -86.686468
56.540935 -169.568984
60.642792 -173.083206
44.34688 -75.978281
48.03403 -122.387382
48.057567 -89.997852
29.442884 -104.19599
44.622445 -124.065202
19.438126 -154.86854
48.99874 -95.340962
35.370813 -76.069281
44.33073 -68.049334
30.096209 -84.000716
60.862709 -146.613519
32.423721 -80.446075
56.397545 -133.789978
29.20755 -89.47231
26.740915 -97.468609
42.094257 -80.188085
24.711244 -81.476642
48.193573 -122.711508
55.573387 -133.369217
70.431372 -150.112899
47.426651 -69.042702
44.564354 -67.497589
31.733245 -81.192784
35.955096 -76.496961
27.503005 -97.347489
56.501982 -157.823072
59.562632 -151.266733
46.995373 -90.603172
13.4373 144.713
43.738053 -70.041351
43.754101 -70.132054
26.665614 -82.093023
47.637659 -122.870647
25.08925 -80.431032
48.999624 -105.607542
55.073602 -132.637866
35.263917 -75.581935
47.756681 -90.313958
35.690344 -76.036393
44.850007 -124.048814
51.409606 179.236253
59.123235 -154.180691
25.268125 -80.342683
45.801473 -86.576858
44.251968 -68.967074
48.196639 -122.45493
59.320738 -135.530472
48.578972 -123.01416
34.02482 -120.044004
36.186367 -76.016984
60.732376 -151.703802
28.034194 -97.129807
46.873201 -91.140165
59.175175 -135.468308
48.390691 -124.653243
17.959376 -66.215355
36.033018 -76.60384
40.433707 -74.076185
30.220405 -88.909752
48.287839 -122.371693
43.066993 -86.250517
45.189497 -85.386726
30.128559 -89.429031
46.479072 -86.768516
41.623448 -81.50044
60.823463 -164.939313
43.511978 -76.330911
56.055706 -132.176955
60.742352 -151.822596
48.515825 -93.771741
59.421855 -135.067356
61.220708 -165.631996
43.507202 -70.379123
58.969911 -153.438144
51.576591 -179.034393
60.686008 -165.027535
22.214831 -159.359842
22.232715 -159.480158
55.543017 -130.824344
45.06266 -85.976883
28.654629 -96.574367
59.934461 -164.208475
46.040279 -83.711777
29.55529 -81.163581
49.324068 -94.836876
52.911337 172.469022
38.383576 -77.317288
48.481659 -122.945877
38.357077 -76.012149
30.13213 -104.695366
55.710845 -160.078992
45.010535 -86.156689
17.986948 -66.750312
29.158425 -82.827073
56.289932 -133.961823
59.905036 -139.605909
44.000363 -76.18732
29.796991 -101.546797
48.99956 -100.920577
55.877152 -132.592085
58.121989 -134.081012
29.08773 -90.231984
51.91976 177.373934
56.399448 -133.784256
59.477048 -151.50589
46.551422 -86.469306
27.950531 -96.966996
45.573714 -84.139462
56.320518 -157.79631
57.43486 -133.928667
54.040003 -165.289109
55.051651 -133.006088
36.260478 -121.83935
59.764467 -153.458549
60.27854 -162.453176
29.12594 -95.092439
46.46993 -84.861448
46.290274 -123.741478
45.180381 -85.585986
40.925297 -73.345561
45.451955 -67.484328
48.021694 -89.773944
42.48892 -79.351989
30.247837 -87.913762
29.116611 -90.718035
59.625159 -135.153113
67.017922 -162.850964
58.377127 -134.68593
58.240962 -134.09624
48.174891 -88.547033
57.158821 -153.779087
26.7572 -97.478024
56.598864 -169.47155
58.770964 -136.447941
38.40921 -77.110586
48.520325 -122.972046
56.236332 -132.664212
69.852179 -162.76721
36.981085 -76.522971
55.915436 -133.259762
28.094207 -100.056983
37.3978 -76.418719
60.268644 -166.826169
58.922081 -151.962219
55.907967 -160.824814
34.467077 -120.301822
56.183155 -132.01813
33.299075 -118.325244
18.195001 -67.155185
58.728851 -160.38559
30.239092 -89.424493
24.692912 -81.562917
44.608725 -83.314517
43.642986 -70.190323
57.381298 -133.870327
36.121023 -76.346418
70.806828 -155.971935
29.961929 -89.22377
59.44685 -135.331787
60.471414 -165.015155
55.37669 -161.720096
59.585236 -139.798172
55.80253 -159.847359
58.327689 -135.39826
47.146827 -124.189725
60.260006 -148.216863
42.64211 -82.630922
41.611331 -82.691123
60.770956 -146.070967
63.788067 -171.673296
54.941006 -133.129227
70.418734 -151.06043
48.624926 -93.17999
47.468961 -88.085252
57.324222 -152.909051
45.187785 -67.261542
52.77178 173.897452
64.691761 -166.451788
25.153803 -80.901617
48.155113 -122.679556
47.586721 -122.483805
55.430027 -133.578018
26.041548 -97.770077
38.11199 -76.03962
26.336455 -80.070564
29.525659 -94.768676
34.787482 -76.604796
60.044631 -149.096621
29.058881 -89.332769
4.35981 18.57915
60.935105 -147.731054
58.304732 -133.994399
55.133663 -160.059599
70.831258 -154.430229
21.329172 -157.90482
41.329861 -71.982194
33.969623 -119.979913
30.059172 -89.342163
55.958615 -158.653214
26.827938 -97.552579
54.233756 -165.625609
38.04259 -76.522354
56.75565 -133.862981
59.462811 -151.706462
18.511706 -67.125655
58.403952 -154.023713
55.673854 -132.462531
30.246299 -89.063989
56.143674 -133.622437
55.848101 -133.903184
41.606591 -71.303352
43.265701 -77.436831
60.591587 -145.764038
48.513783 -122.982162
54.919006 -133.099045
44.548278 -67.767285
33.725 73.117
55.918519 -134.173104
61.645866 -166.015134
48.784153 -122.967949
60.333576 -148.123901
26.471558 -82.177017
29.533434 -92.280392
56.647316 -157.412842
44.207722 -68.612749
27.061942 -97.482257
44.01142 -76.287821
59.344958 -151.96313
35.901393 -75.768809
56.486465 -132.64917
52.040763 -173.831555
34.784389 -76.620606
56.294354 -158.207387
56.278816 -132.58207
26.470131 -82.062551
45.789951 -85.379036
58.219425 -151.888489
56.804965 -131.871725
28.23221 -100.220284
25.53416 -81.203175
47.665534 -124.395983
60.946509 -164.921256
48.006566 -89.607821
20.776552 -155.987944
57.1703 -135.544632
55.367696 -130.030182
29.957943 -83.757249
20.588273 -156.322944
60.858187 -150.886964
57.065363 -153.49885
46.551928 -86.45993
29.752371 -89.414536
51.920093 -178.124786
45.65636 -85.007026
26.876621 -82.059101
55.071282 -132.56708
55.495902 -130.983046
36.104886 -76.265037
44.321591 -68.725657
43.27815 -77.303979
52.058701 -173.313705
54.687 -132.844879
58.367261 -136.282604
52.061417 -174.995237
39.450204 -76.002513
28.400175 -178.298874
58.487831 -153.96037
45.724762 -84.431412
21.210063 -156.984464
56.143673 -132.927628
43.9779 -76.236864
46.939946 -123.882884
60.343902 -165.883458
32.517506 -114.804958
55.187457 -160.819487
44.746821 -85.538285
44.008929 -76.148297
63.620625 -171.791881
48.357228 -92.177354
18.254678 -65.617658
56.708347 -154.120789
29.175098 -90.302846
54.831047 -133.546768
20.65432 -156.053385
70.004478 -144.512258
66.073732 -161.775537
58.411313 -152.787776
45.75629 -84.364197
42.312756 -70.949364
17.985618 -66.510143
55.111652 -163.079006
37.39594 -76.393958
45.795551 -84.408211
47.243412 -122.832799
48.759143 -122.606787
48.069331 -91.332589
39.651012 -75.587147
36.290351 -75.79641
60.743081 -146.2001
58.848538 -158.550784
46.065779 -85.266385
58.618515 -152.453817
55.959365 -158.74856
60.622315 -146.253074
30.060263 -84.277168
44.050952 -82.889831
43.861215 -83.427794
48.115864 -123.360923
45.014098 -72.968039
51.769926 178.335664
59.648171 -151.448669
71.013801 -155.163938
27.842294 -97.056713
29.263259 -100.839016
29.284257 -90.016288
28.584436 -96.573949
56.159142 -132.915146
44.189472 -86.380062
44.741957 -67.073439
26.120301 -97.282094
38.638917 -77.240604
57.149986 -156.368524
40.848027 -73.799543
63.517952 -162.151574
37.930362 -75.693942
41.138675 -124.163988
42.280791 -70.953833
38.366483 -76.273003
57.04599 -153.98896
27.873949 -97.268982
39.795637 -123.839797
32.667693 -114.747848
57.149161 -135.602057
66.709857 -162.068253
45.869974 -123.962736
58.925888 -151.978394
47.912401 -122.397349
55.474174 -160.651523
47.341421 -122.336934
55.506763 -133.541733
37.937262 -122.413725
55.942079 -161.076383
57.35746 -135.695563
47.268665 -122.634666
56.400176 -160.146252
56.427364 -133.89304
29.282733 -83.128027
45.780463 -84.793153
29.33521 -89.177351
42.420297 -70.901992
53.609677 -166.525596
30.353108 -88.613745
27.094098 -97.495836
48.460243 -122.819168
29.192545 -90.2828
40.945198 -73.686473
19.023762 -155.853943
57.894602 -152.39475
37.9822 23.7552
24.587956 -81.715944
52.598364 -170.696488
41.624616 -70.640003
18.052342 -67.895921
30.332702 -87.809266
48.01078 -89.688879
58.309295 -135.049062
43.541946 -70.328806
48.998767 -95.322946
48.11297 -123.332699
41.341723 -70.709826
47.129943 -67.893266
51.908512 -176.797799
70.585219 -152.169944
57.962563 -152.857773
57.329229 -153.056007
35.045484 -76.989778
66.984451 -161.589218
66.88261 -161.7929
48.425349 -92.481152
27.30504 -97.517465
38.699744 -123.441774
46.090084 -83.59861
39.211008 -76.535885
41.05925 -73.385735
43.991529 -83.743806
48.55452 -122.827316
57.672961 -135.622557
46.31438 -70.203119
55.50304 -131.84024
29.867984 -84.613154
42.330627 -70.87822
54.863121 -132.798141
27.372593 -97.689797
70.374382 -160.732703
60.207157 -162.347528
54.299469 -165.502775
47.151137 -88.23947
56.960072 -156.882464
41.290171 -70.229541
18.453462 -67.161746
59.983082 -149.388349
41.645995 -70.816351
26.716784 -82.079799
45.834217 -84.613441
45.161348 -67.302568
45.014212 -71.500069
64.090067 -160.951641
55.914301 -133.752381
44.84222 -83.314429
55.777094 -155.474682
61.29457 -165.662892
52.087018 -172.960751
29.119684 -100.709966
42.613888 -82.518782
48.10343 -90.447384
29.31201 -100.904835
48.999818 -117.268247
57.265895 -135.849974
55.544802 -130.859441
29.97332 -89.283562
36.04259 -76.705606
46.233968 -84.118175
46.321963 -84.106247
55.183327 -133.236908
26.137617 -98.335204
44.207308 -68.333227
55.249092 -160.33194
38.942518 -76.232038
41.064021 -71.961563
54.800841 -163.373207
42.051736 -124.299649
57.383435 -135.768018
39.207554 -75.114748
55.21377 -162.499019
61.63159 -166.132162
70.240693 -161.633888
37.921881 -122.486375
55.385257 -130.971744
60.430817 -146.127029
45.749095 -84.679546
48.200183 -91.003353
41.649978 -71.301396
59.714679 -139.495502
55.931497 -133.264521
29.617608 -92.744126
44.839016 -87.878218
47.209342 -67.986071
54.656468 -163.472016
27.640275 -99.665422
30.206162 -88.404581
59.66249 -153.315083
25.772715 -81.361875
70.947796 -155.995681
47.25766 -122.841858
27.865124 -82.437683
28.859022 -95.439594
35.592262 -75.778138
20.586099 -156.415313
25.630498 -80.288416
56.501944 -158.131729
48.528912 -122.548744
27.63286 -97.221955
55.197953 -130.096546
46.601669 -87.411167
70.135066 -143.769015
48.121501 -90.570481
36.099695 -121.622009
27.327941 -97.499144
27.650158 -99.658295
43.524728 -76.259858
55.393118 -131.033054
41.771459 -124.248704
56.187695 -132.997833
27.626758 -99.638929
43.811123 -70.029808
31.230681 -105.818835
57.479233 -133.894195
41.70341 -83.337977
56.449169 -132.791872
32.298796 -80.517871
30.384907 -88.811615
44.278838 -83.463049
26.066841 -97.154271
27.96771 -99.932161
52.723007 -170.185684
61.031008 -151.307796
55.029491 -131.240601
44.484062 -68.261708
47.226645 -68.752104
18.383751 -65.583571
48.719494 -94.591018
48.229458 -122.732326
44.626345 -67.274122
52.438694 173.69386
57.121225 -135.755997
37.117535 -75.962596
56.674149 -132.533463
38.91316 -75.304078
44.771403 -124.075473
58.946827 -152.063095
58.678277 -157.855396
21.846923 -160.174796
56.104275 -134.227437
34.770297 -76.593453
18.002826 -65.875122
27.765072 -175.895187
38.94928 -75.312546
37.402133 -76.415167
38.853115 -76.496579
63.261204 -164.036565
46.493295 -86.612173
70.197318 -147.250586
35.060607 -76.982904
48.57596 -122.534787
45.629865 -70.592252
44.549043 -86.223788
29.397471 -89.484354
52.078828 -173.107933
51.772758 178.367465
58.390065 -158.896067
39.486701 -76.113929
44.099722 -68.502942
46.881027 -90.67524
46.909051 -87.956
58.861756 -153.254798
29.017224 -100.65611
28.607845 -96.485907
33.979894 -120.011123
44.104442 -124.122406
36.490601 -75.935473
48.460887 -122.500721
56.861519 -153.696693
34.784579 -76.386804
60.807882 -146.754847
56.475402 -134.222814
25.2523 56.3652
56.429749 -134.190494
48.109725 -90.164227
58.452477 -136.087087
59.577622 -139.649691
58.865432 -153.294726
70.248091 -161.309118
58.223685 -136.283886
51.73248 -177.842267
37.055351 -76.518242
61.2535 -150.074793
53.728498 -166.552078
48.010618 -89.663212
55.723556 -160.668102
57.401456 -158.010538
60.240661 -152.698634
19.65936 -156.034994
56.884055 -158.870584
58.837372 -153.281147
55.733407 -133.382899
41.282926 -72.261487
40.884199 -73.775176
57.454212 -135.168056
21.312509 -157.950736
48.06665 -122.927975
29.82206 -91.860113
30.069757 -104.692778
19.932162 -155.892533
48.616089 -122.868065
41.256197 -72.894745
45.858691 -84.792763
55.937324 -161.585604
59.452164 -138.001128
56.841099 -154.072878
34.069361 -119.923337
56.905881 -156.804432
55.420509 -133.644043
59.691562 -153.051559
35.538172 -76.48358
25.160478 -80.82653
59.597135 -139.614513
43.749695 -87.702985
56.105807 -134.038695
45.722553 -85.649353
56.078389 -132.196479
19.867882 -155.095032
43.250406 -87.911787
63.580431 -171.044486
55.760617 -131.682013
63.285596 -170.364806
59.942632 -148.688073
29.137354 -103.525027
60.451883 -147.70916
29.370638 -91.235348
60.633869 -146.143249
41.609097 -71.329559
28.647071 -100.474494
58.634248 -158.036593
26.219277 -98.481646
29.162864 -103.65318
56.634748 -157.45486
29.086671 -103.474815
34.842751 -120.609898
46.756812 -124.095041
52.228088 -175.14064
56.942629 -153.600664
55.297081 -160.449799
41.419145 -70.463833
20.967757 -156.528246
55.798653 -133.234589
47.66532 -122.900093
55.228771 -131.684961
60.105268 -148.091662
32.497989 -80.423454
61.106902 -148.161261
38.28796 -76.030532
28.635326 -96.072165
21.220873 -157.263163
27.845927 -97.485937
58.675043 -158.330216
28.25402 -82.759072
32.622475 -114.794102
56.061582 -132.936557
60.38878 -148.075362
56.277856 -133.975809
57.30773 -153.11427
47.063309 -91.604949
57.598221 -152.467756
26.359595 -98.847707
64.918178 -161.195202
55.193445 -162.668346
59.413914 -150.697052
55.859866 -133.167559
68.879524 -166.214433
30.034767 -89.333221
54.978515 -160.164117
18.147761 -65.334289
31.20224 -105.794386
55.337631 -131.656998
29.347246 -100.948972
70.342801 -148.107231
55.36697 -133.648804
59.256651 -151.104328
46.740324 -89.918466
38.01253 -122.367909
38.07166 -76.329308
37.199982 -76.898541
48.058697 -124.693676
54.836349 -132.654785
29.652834 -89.583336
48.153472 -123.124816
56.31584 -134.63401
54.990301 -132.598557
41.918291 -86.597899
35.806689 -76.050485
45.940944 -70.240162
29.398845 -89.816916
32.496964 -80.472068
47.020129 -88.944045
58.104787 -136.500119
43.781197 -70.113197
48.202813 -91.798099
34.052869 -120.411314
56.595693 -133.694973
56.620739 -169.763506
60.822085 -147.872113
38.727705 -76.544475
24.59828 -82.141403
25.200665 -80.584771
56.151274 -158.339759
41.532357 -70.643627
48.68224 -122.883766
55.95601 -131.187429
28.459454 -80.525094
31.877095 -81.065255
58.401502 -152.348389
56.846992 -158.646812
34.047908 -119.726437
30.110667 -89.669182
60.800903 -148.539833
55.068946 -130.98373
38.730708 -76.312756
48.004608 -89.653208
54.946362 -133.163727
58.996484 -134.400293
59.653954 -153.307199
37.645817 -76.332562
46.578035 -86.34989
37.187249 -122.397065
44.729265 -83.290665
48.647976 -122.879486
60.365522 -151.377281
57.705821 -134.91479
56.318615 -157.813446
56.894897 -153.612534
60.023057 -144.234912
48.630779 -93.886934
46.815157 -87.662261
34.016785 -119.366591
45.795915 -70.401857
70.140199 -145.955164
64.81874 -166.417028
58.794722 -134.99407
58.587989 -137.568216
59.638415 -153.253408
45.963634 -84.583954
45.920366 -84.713614
19.838584 -155.085674
47.483131 -122.482742
65.13632 -166.906687
17.943389 -66.930313
29.139242 -90.26901
60.443124 -145.561523
55.528179 -133.527451
46.305278 -123.700764
46.477197 -123.943667
44.855119 -75.26825
57.156769 -170.32484
47.874194 -89.87158
55.98313 -161.290777
35.935089 -76.673865
29.574257 -95.00767
42.978015 -87.857182
45.776627 -85.359047
38.203731 -76.048786
41.623671 -70.364744
70.139454 -145.783327
63.5475 -162.470029
45.376026 -67.419007
40.955297 -73.392862
64.370747 -161.228941
56.779447 -133.233646
52.105892 -173.824087
55.882526 -133.524277
48.543146 -93.481471
55.244984 -133.467117
55.851037 -131.56304
55.161935 -161.73781
29.870485 -104.633275
56.835211 -131.9301
41.483121 -71.360403
59.242751 -135.53874
30.270396 -89.379547
60.946727 -151.637346
47.197281 -122.647751
65.592239 -168.099046
46.680432 -85.482096
56.988625 -158.679293
29.454702 -89.528429
69.68419 -141.210456
58.134348 -135.451444
44.419728 -124.080989
35.092395 -75.99188
27.053639 -97.487693
55.864719 -131.583862
55.081341 -161.598297
27.917255 -97.016384
60.073978 -147.833374
55.852821 -131.589218
39.2857 -75.244357
59.630635 -135.162745
29.47301 -104.213239
55.322104 -131.255107
57.705447 -153.888099
43.704822 -70.23199
38.821787 -76.19343
41.6917 -69.928261
33.941554 -120.00096
19.756836 -156.052315
27.092602 -97.447856
48.999234 -109.000708
53.517947 -167.816998
55.216977 -131.445293
38.957234 -76.353828
48.132872 -90.787563
51.908944 -177.054768
56.385338 -132.443344
35.528892 -76.55679
57.177997 -134.641706
48.095016 -90.353713
37.833072 -76.251358
57.887077 -133.573294
48.282445 -122.530976
64.519314 -163.033231
55.902256 -160.80101
40.85139 -73.789512
28.437779 -80.562877
70.078188 -143.051291
29.755649 -93.590786
55.5194 -161.69886
58.393185 -136.946663
46.702337 -124.003458
55.891026 -158.800674
57.960502 -157.623886
46.543914 -86.709325
38.17567 -122.953629
59.916457 -141.418582
68.088937 -165.688018
29.144747 -89.032004
36.298166 -76.184702
55.938934 -160.876945
29.0577 -103.100266
27.948998 -82.541218
60.162108 -148.346535
46.669817 -90.74809
45.327744 -70.810266
29.469047 -94.925914
45.114464 -71.440577
60.02972 -144.24443
30.235618 -87.966847
60.971584 -148.19897
27.678579 -97.266064
57.368651 -133.472039
55.132403 -131.739093
21.205602 -157.185553
55.858665 -159.161407
45.125435 -67.340806
55.60276 -130.124084
55.856767 -159.3964
42.037116 -70.66936
56.724278 -132.741709
46.879882 -91.093714
44.943305 -85.879934
55.340202 -133.55957
48.090516 -123.004128
18.505485 -67.14283
38.15406 -122.949074
53.269121 -167.488215
56.276905 -133.920605
56.286957 -133.928513
33.840324 -77.959766
26.412082 -99.032316
59.561984 -139.837817
58.947111 -136.1503
46.069897 -83.572571
28.177446 -96.937888
39.215415 -75.035672
44.123337 -76.358163
58.513947 -135.032135
53.619857 -167.070082
61.036227 -150.401859
39.449201 -76.009452
24.736209 -81.4527
35.355638 -76.374475
56.022421 -134.171281
54.753666 -132.654785
44.805563 -75.346527
29.069074 -89.121542
52.254336 -172.528095
58.629987 -136.383327
47.683761 -122.885221
41.548262 -82.85677
47.272888 -122.832336
21.455944 -157.731777
44.938147 -85.854304
45.895648 -67.785344
55.301381 -131.049076
52.990422 -168.871387
48.99932 -101.456737
46.051582 -83.846214
57.574423 -154.500282
34.910177 -76.311442
59.95786 -149.034523
55.762535 -159.279434
51.917328 -175.760254
58.456577 -136.072691
55.300907 -130.75415
25.195123 -80.605275
46.9921 -90.875854
43.529256 -76.235834
44.040726 -76.323677
43.689202 -70.115961
47.355559 -124.319379
55.57554 -160.595771
56.352506 -133.582116
27.658365 -99.711511
41.086484 -72.103152
52.679978 -170.727717
55.832153 -133.595856
46.097591 -84.00576
59.752154 -166.121464
25.157588 -80.695037
47.746387 -90.332686
61.162582 -150.228775
41.325739 -71.785957
56.151189 -134.226882
30.049691 -89.731545
55.431002 -161.013662
48.999455 -101.220754
57.307019 -152.734989
45.578198 -85.534064
60.648898 -145.924923
44.864285 -87.501578
29.338755 -102.879805
55.850694 -133.166429
48.114243 -123.395048
56.22279 -133.006149
28.662298 -96.208552
56.759737 -131.896722
41.892216 -87.611659
60.275449 -166.832877
48.794906 -122.699507
59.253989 -151.437695
55.977322 -133.541041
31.136534 -81.368241
25.28651 -80.364034
60.235065 -147.499054
34.67967 -76.616758
41.666646 -71.37791
44.50084 -67.589259
58.219475 -154.140109
55.037945 -131.53214
52.118374 177.368149
57.649835 -153.983015
41.56516 -70.653899
27.291097 -97.65708
26.070808 -98.084755
58.215369 -134.712801
56.330036 -157.866745
58.645744 -136.23378
55.273951 -131.58907
34.872881 -76.368274
28.535071 -96.514406
44.336113 -68.421619
48.099238 -90.508141
43.74944 -70.156116
52.078334 -174.937497
53.433107 -167.332792
45.431159 -70.781471
43.676839 -70.254144
27.782473 -175.816559
29.499016 -91.77253
56.452363 -134.236978
57.168882 -154.529844
45.333223 -86.869041
29.798496 -89.342781
46.980499 -90.637672
38.267902 -122.977082
44.06127 -68.588098
44.193207 -68.599372
45.000012 -83.435822
4.9202582 114.9545324
60.50275 -147.963617
28.273491 -100.289384
65.138763 -166.886677
38.523818 -76.2473
35.432639 -76.012514
42.66205 21.15042
47.777474 -122.845612
43.746788 -82.617213
41.542989 -70.611081
46.864396 -90.634048
41.504258 -71.327804
55.648975 -160.433602
47.355745 -123.15598
55.103405 -133.185745
48.123784 -90.582217
25.047497 -80.495569
26.321662 -98.749054
45.069023 -85.366412
70.495891 -149.581348
27.700217 -82.693748
56.461483 -132.576599
39.126709 -76.432481
44.327784 -83.373607
41.987103 -70.698981
63.348381 -169.281422
21.212198 -156.984032
28.528199 -82.66804
37.933313 -75.832414
29.551073 -89.684486
57.330003 -134.88478
56.884487 -157.034624
47.296893 -68.478983
55.268175 -132.102716
66.440783 -161.863387
37.812597 -76.280544
55.06831 -132.934708
60.12012 -148.09723
48.628464 -122.967522
46.267239 -124.080671
42.689158 -79.04886
46.046009 -84.675835
41.723433 -70.728933
51.979724 177.413484
60.10759 -162.316922
29.965672 -89.40538
43.136015 -86.280756
26.521729 -97.276425
33.952211 -120.198602
51.825965 -176.236246
57.609974 -157.684282
41.359919 -70.028805
55.061489 -159.331131
57.90255 -152.333209
37.826696 -75.71659
33.284929 -119.528141
41.622664 -70.86836
55.039158 -132.890686
20.744245 -155.985413
47.149287 -88.236721
55.291382 -133.266647
29.209843 -90.485786
29.913785 -84.443652
55.35826 -131.287016
47.541862 -122.479523
28.073118 -100.028725
36.604559 -121.871364
33.753217 -118.132698
42.984451 -82.420346
60.625326 -146.007747
46.305504 -124.071384
46.684733 -85.924047
43.956132 -83.26898
33.430528 -117.631682
48.251678 -91.954432
55.518475 -160.660117
60.234938 -164.619501
57.998447 -153.276536
54.779797 -132.936493
35.811361 -75.726689
45.244707 -70.848319
37.915008 -76.032491
44.009177 -76.281928
24.714518 -81.451881
29.578319 -83.405256
57.898529 -134.746108
33.947703 -120.18984
55.459982 -130.910744
42.300663 -70.881242
41.715401 -70.656596
59.876759 -152.950662
32.888606 -79.631149
54.818672 -133.514404
61.016097 -165.115681
30.363049 -86.2987
66.907021 -162.52987
42.062409 -70.155415
47.073895 -90.582947
27.095624 -97.461739
57.595906 -135.511012
45.015377 -71.500164
27.725398 -97.34698
28.627693 -96.61975
29.519967 -104.338113
43.352099 -87.882392
25.772245 -80.127987
48.198458 -91.744973
70.495375 -151.728579
63.385563 -169.565439
59.211403 -135.36406
48.643416 -94.043187
40.641333 -124.312558
20.602079 -156.423141
45.269835 -71.360664
35.227514 -75.664512
56.892589 -135.368899
57.161196 -135.596921
55.131747 -161.678389
45.884186 -84.647346
38.57929 68.71277
60.803991 -148.35046
41.46454 -82.193375
60.771842 -148.431078
31.206332 -81.293359
59.894566 -144.424316
41.204097 -73.020149
34.970917 -76.332044
54.484509 -164.336042
57.216068 -133.514404
26.057118 -98.191534
28.449571 -100.341533
42.53552 -82.679522
60.600914 -172.919495
45.602493 -67.583341
41.947772 -70.598078
55.555542 -133.732681
42.919007 -86.216209
39.435287 -75.982585
40.454468 -74.138415
60.65528 -148.210516
30.110406 -89.674633
35.427155 -76.710083
48.562561 -123.022018
69.972266 -144.867623
26.925491 -82.162017
57.478286 -133.910821
41.053187 -72.162898
44.10597 -86.446883
46.833727 -92.013405
45.948452 -84.000033
41.790953 -70.517411
48.107357 -90.46321
57.60795 -157.599644
41.129822 -124.165414
35.190334 -75.728897
59.403446 -150.639938
59.720151 -151.829137
66.520591 -161.29321
59.053765 -135.200269
44.416278 -67.955737
29.586335 -92.105923
54.895974 -160.254765
65.149242 -166.521506
35.9651 -75.938343
29.039741 -90.79768
55.21167 -133.308289
55.338259 -130.023558
38.257951 -75.911143
43.333805 -82.530128
26.273737 -97.311866
48.015901 -89.95059
50.1342 8.91418
40.504954 -124.387023
26.358638 -98.844057
30.358933 -88.599249
2.03583 45.2947
60.635293 -145.672345
61.700437 -166.158976
64.495956 -166.219681
48.583668 -122.824341
34.855476 -76.395269
64.703851 -161.902429
57.885241 -135.131957
59.394878 -150.617096
26.014576 -97.162755
52.356456 -172.311427
57.367477 -135.687696
24.660448 -81.278312
54.68418 25.27039
46.274714 -124.081729
63.526412 -162.288532
25.822015 -81.352731
55.0376 -160.077872
43.941806 -69.203668
58.214122 -152.998094
56.343549 -133.636119
39.438321 -76.083269
47.360389 -68.284101
48.075166 -88.575869
57.999209 -133.765019
41.483445 -81.87736
57.185136 -133.569725
48.590866 -122.987511
57.448909 -152.570527
60.383794 -147.62202
56.016922 -134.118132
51.49728 179.013516
58.841893 -159.806676
38.400833 -77.127737
32.026676 -80.852276
19.867811 -155.098716
55.754831 -130.939017
45.242251 -71.144801
28.115559 -96.857165
37.254831 -76.48284
56.6019 -158.032379
37.787929 -122.492883
70.948659 -157.502459
40.953997 -73.400862
56.475777 -157.860914
19.121183 -155.921389
53.288048 -167.598428
41.096307 -72.397
56.502322 -154.304371
44.331148 -68.746164
59.973209 -147.681198
42.825187 -82.47864
60.21335 -148.339155
37.751779 -122.243947
47.748827 -122.722686
44.322262 -68.411965
47.140175 -122.695343
38.311525 -75.102947
39.387871 -75.521682
44.248171 -83.53771
19.260907 -155.205892
44.002266 -76.218729
46.763088 -89.892355
48.652336 -94.233575
6.35083 2.40303
60.613403 -145.774185
45.800236 -85.45433
71.182471 -155.657178
41.60521 -70.652449
35.204429 -120.846674
52.827933 173.284417
30.61026 -104.972071
28.281391 -96.611527
44.415858 -67.947342
56.182494 -134.65987
58.922773 -136.961361
69.973524 -144.863111
44.590527 -67.538635
53.489062 -168.295793
59.859829 -153.144747
51.88068 178.024017
53.185911 -168.341678
55.002129 -131.533264
48.00378 -89.637995
44.196608 -68.318476
29.755802 -84.890066
36.138208 -76.373571
57.230679 -135.871865
65.387737 -167.10186
66.282629 -161.846022
25.905016 -97.372365
35.742913 -75.502427
52.009863 -174.71461
59.653767 -149.802368
44.47147 -68.268004
45.586028 -85.622741
27.513614 -82.724522
55.852226 -131.815262
46.272502 -123.679125
42.4833 26.5
44.333039 -68.563209
56.230526 -132.934769
55.89878 -133.38052
55.383142 -160.646214
47.007271 -90.680504
52.434804 173.702252
42.567078 -82.57738
20.59377 -156.610734
54.991614 -159.330403
51.542328 -178.734589
44.86199 -87.410015
44.551636 -67.845772
36.919313 -76.344663
46.267072 -70.248421
29.255331 -83.077265
45.216812 -71.407405
54.933532 -160.244253
34.807906 -76.383827
58.836822 -157.003401
66.259869 -163.843108
57.872248 -155.082139
48.999357 -99.376068
56.558276 -134.31976
55.556066 -160.706883
48.60672 -122.610847
29.368525 -94.86379
33.592322 -117.87679
20.954662 -156.518707
60.866071 -146.173131
48.184422 -124.704153
59.973166 -164.11508
26.311396 -97.34698
17.969386 -66.589658
27.05691 -97.456902
38.610741 -76.203065
29.868722 -89.692004
37.744795 -76.61971
34.689294 -76.647004
60.088033 -151.623799
29.6952 47.4212
45.591488 -67.490923
33.378988 -117.571722
70.148569 -145.790386
55.115898 -132.881165
64.82237 -160.935974
46.295058 -123.724038
31.783898 -106.750547
44.222893 -68.339498
38.772911 -76.334619
44.03082 -76.149724
47.299774 -69.051337
56.861675 -134.19095
45.598059 -67.54612
60.388779 -151.97435
66.233126 -161.000026
55.791088 -159.345108
44.93457 -75.059966
48.79146 -122.7112
43.836597 -68.876224
44.197956 -83.553834
56.535639 -157.003409
55.895592 -160.932358
60.722008 -146.230706
55.245015 -159.926171
59.651793 -151.173984
59.948818 -149.727184
49.197791 -94.797527
41.321651 -70.046088
29.414681 -101.037642
40.422105 -124.402623
29.129848 -82.805703
48.163235 -90.800693
-41.272878 174.779008
60.655754 -147.381989
51.978294 -176.627155
41.128482 -72.265124
60.236711 -148.200779
55.917638 -131.579114
60.735643 -146.22825
39.563098 -75.992633
71.060685 -155.548283
17.951469 -66.371591
56.116696 -130.102761
55.876116 -161.000677
52.27674 -172.414419
38.757004 -76.39035
57.216713 -153.163333
70.81796 -159.160836
45.80151 -87.058844
59.972137 -148.938393
55.796445 -160.385878
47.16391 -122.634369
24.935587 -80.622896
52.389656 173.455586
44.926743 -85.602034
55.081841 -131.175751
36.358269 -121.905446
36.086458 -76.337168
48.258972 -124.255109
66.716796 -161.881671
29.946349 -89.71291
57.514756 -156.047585
45.287758 -87.034206
32.496098 -80.363956
45.974469 -123.957438
57.012533 -133.335785
66.7885 -162.096878
29.820663 -81.263396
35.812532 -75.994117
57.383393 -135.628016
47.503471 -122.4524
55.172147 -163.032256
41.448892 -70.855265
54.425452 -162.86005
56.15667 -156.759445
27.887107 -97.108157
58.192279 -136.354836
47.624213 -122.367819
56.11512 -132.87767
37.404608 -75.97997
46.818469 -89.790663
43.714607 -83.513461
24.700341 -81.516433
38.115287 -122.314567
55.171219 -132.933517
58.983716 -153.547283
57.921717 -153.528697
60.962059 -149.753082
19.484921 -155.930523
54.835804 -133.539154
35.408471 -76.025441
60.330482 -145.299484
42.548935 -82.851016
28.367154 -96.417217
39.332094 -76.170422
38.851992 -76.361141
48.240213 -122.535209
39.756173 -74.101443
57.494505 -152.809036
45.17305 -87.175068
60.695141 -173.063217
64.55 -160.940493
45.296197 -70.912111
34.03734 -120.057637
61.066927 -148.293559
51.705184 -177.608055
31.74113 -112.365043
32.27188 -80.726975
28.606584 -82.664055
40.408508 -73.976982
38.242949 -76.126623
56.213272 -132.918716
36.90322 -76.447413
55.119316 -131.999644
44.173693 -68.82284
45.961198 -84.730179
58.129813 -152.482674
56.000971 -134.134181
47.298289 -69.052614
60.168649 -148.090876
53.566053 -168.004624
46.500821 -84.254434
57.27812 -152.712008
43.122162 -70.634311
59.937873 -148.714723
48.613267 -122.686136
59.98451 -149.121135
57.289978 -133.442436
46.016963 -84.6927
48.504484 -122.676922
25.17662 -80.640275
60.219088 -167.04582
41.346452 -70.496162
38.124209 -75.937089
66.078819 -162.139516
47.940478 -122.603861
29.154149 -100.74614
48.017553 -89.723019
48.120469 -123.06621
31.72831 -106.378039
47.376394 -122.632463
45.789254 -86.369918
24.897243 -80.703285
38.140542 -75.85954
34.031537 -120.459635
48.522087 -122.542709
59.784039 -147.927475
44.718969 -87.721816
60.368198 -147.085144
60.862751 -148.294475
44.331926 -124.100587
56.792468 -133.890005
57.12743 -156.43511
60.120922 -148.369109
25.9121 50.5931
41.68997 -82.790561
27.679597 -97.259957
27.650144 -97.200743
29.511914 -91.402214
30.241748 -88.87366
48.710272 -94.378216
28.354689 -96.399469
30.360239 -88.818411
39.154709 -76.471483
49.308442 -95.153331
19.633201 -154.974342
55.835819 -158.72644
29.819118 -104.610166
42.990875 -70.607574
57.306786 -133.846512
55.871357 -160.966413
42.491496 -70.847391
60.167063 -148.126291
47.649615 -122.856611
32.616673 -116.125848
55.492928 -131.83786
26.490829 -82.01368
44.864024 -85.545891
25.958753 -97.229226
69.011962 -163.893881
55.052946 -132.630865
21.403311 -157.724324
63.335393 -171.333089
65.463463 -167.620388
43.133157 -70.632067
29.329825 -91.276647
71.260566 -156.301938
66.239912 -161.548429
47.029873 -90.574615
45.77905 -86.427183
21.034371 -156.606238
27.223341 -99.445238
41.696967 -70.744396
54.933685 -130.9604
48.103102 -122.698465
63.377158 -169.554375
35.578773 -75.851767
58.489555 -134.9673
32.324704 -80.722216
38.214075 -76.962311
27.998474 -82.62959
55.699944 -155.581366
52.011499 -175.302683
58.554611 -136.145027
30.269257 -87.581362
40.350046 -124.362796
47.306333 -122.443008
55.176861 -163.080719
38.131185 -76.090649
46.046227 -83.686195
55.784608 -159.875994
62.110026 -141.002492
29.174784 -91.023955
41.553037 -70.015059
48.002214 -89.838689
53.866774 -167.140992
48.999582 -105.411972
60.110027 -148.039307
46.209833 -70.272054
65.466589 -167.621371
60.890307 -147.681196
21.670101 -160.551041
34.660174 -76.579467
47.86749 -88.998939
17.972899 -66.996738
52.772465 -169.222595
45.127364 -71.427208
43.890255 -76.445999
42.762819 -87.778174
38.246648 -75.90845
44.289574 -68.73143
45.075458 -67.094735
55.884349 -131.586239
66.398763 -161.8809
43.593462 -86.529507
30.023081 -89.275826
38.557231 -76.27964
43.867817 -69.306664
70.240606 -161.396757
24.696557 -81.078716
27.407734 -97.30447
57.634072 -153.879943
34.05537 -119.766081
51.844605 -177.200825
55.191916 -131.829585
66.804872 -162.544381
48.245723 -91.977725
56.596744 -158.042011
55.731028 -133.388253
41.734312 -70.290957
26.064483 -97.876983
37.806826 -75.784599
41.521544 -71.229444
55.855299 -159.498022
55.032467 -131.256653
48.630108 -93.851618
45.604157 -67.476704
56.737693 -133.31986
27.093554 -97.453567
57.534379 -156.031804
57.161377 -135.550583
44.390255 -68.01399
44.396971 -68.019533
38.133453 -76.022515
44.235819 -68.52348
70.422588 -148.610566
45.249117 -86.982669
45.996162 -83.480637
59.887547 -147.804932
65.412744 -167.474024
46.841835 -89.513938
44.031296 -76.276788
43.844012 -69.572697
41.019844 -72.549853
27.841644 -97.385524
37.544939 -122.516589
59.643039 -151.461253
25.3731 -80.31036
57.006094 -135.764949
40.590684 -74.001591
61.026364 -151.312653
29.780663 -101.475269
57.405331 -134.527594
57.839284 -153.45156
25.282835 -80.288184
36.45862 -76.020216
58.634633 -153.601257
48.997632 -113.692982
29.759046 -93.347331
34.075671 -77.874384
40.511729 -74.199923
43.767786 -69.958056
57.78553 -152.230545
51.87326 177.235523
60.869019 -146.620419
48.165894 -123.1644
61.245552 -150.425
41.593302 -71.278806
52.951442 -168.741851
45.295185 -86.899891
60.084923 -141.273911
55.020718 -133.172058
25.952147 -97.276707
30.55142 -104.892228
60.521443 -148.238554
58.61637 -135.142322
45.731189 -67.781892
48.722291 -123.009787
38.3833 -28.2667
58.777471 -135.002993
27.907506 -82.451591
26.2086 50.6097
39.623584 -75.571759
57.576865 -133.840838
42.539928 -124.399065
48.183807 -88.459735
54.01003 -166.373689
41.067874 -72.283093
41.587549 -81.562844
58.290338 -135.060452
60.610304 -145.88835
29.196421 -90.408578
27.928299 -82.710022
41.245297 -72.861344
58.635578 -161.078491
44.394839 -75.871496
58.132558 -134.166332
18.280214 -65.283269
59.521575 -150.631577
51.807031 178.335631
39.558509 -75.565636
21.910808 -160.080012
55.114419 -132.624518
27.25364 -97.467083
41.353386 -70.833802
36.372085 -75.847258
55.582873 -130.758909
46.035519 -83.743896
41.98872 -83.212479
37.358416 -75.725634
18.48845 -66.562916
60.214 -148.332652
66.454162 -161.435312
58.459484 -137.278612
30.077254 -84.184493
29.702042 -89.592979
26.553637 -97.416955
55.759303 -155.826207
28.052278 -97.173589
43.84397 -68.8947
48.228859 -122.45371
60.118355 -148.019089
29.14238 -89.03873
45.142333 -71.437216
42.416696 -70.987694
44.703177 -124.063406
32.813627 -79.716761
58.492346 -154.001918
38.177882 -76.02217
52.993228 173.107249
56.338555 -132.52936
43.376505 -78.370221
45.364888 -86.863563
43.701907 -70.227909
60.082363 -152.575271
57.013112 -133.346778
20.928005 -156.495883
63.164439 -169.303477
54.66818 -163.125738
48.268239 -124.299146
64.53482 -163.451482
69.50689 -163.02617
30.041836 -89.256149
56.167026 -134.668151
21.669 -157.939
33.883913 -118.412708
29.74375 -89.530258
37.405301 -75.697914
54.913153 -131.469097
43.427644 -70.376638
29.692191 -84.776954
28.243476 -96.92956
34.755895 -120.637415
60.783198 -148.033953
40.549601 -74.248641
29.351195 -89.272543
33.717367 -118.181367
59.362845 -150.79547
29.492127 -94.594211
70.884545 -152.735892
46.437576 -67.784509
56.856152 -132.792089
35.410719 -76.020945
26.476257 -82.180717
42.570734 -82.821016
45.98825 -84.484009
51.87367 179.649484
65.770484 -168.915518
48.587059 -122.999886
57.169327 -170.423548
29.134023 -83.030453
55.185247 -159.994027
45.652122 -85.490252
44.414043 -87.511635
26.214289 -97.183983
43.813551 -69.604179
46.831727 -88.483748
42.29586 -70.897123
41.311959 -70.768015
41.543385 -70.658659
45.224036 -71.421372
55.865402 -161.85843
58.415585 -152.358724
58.920935 -159.60261
26.77153 -80.03212
13.5792 144.923
35.174701 -120.754823
70.185917 -146.885771
30.786454 -105.206161
41.117496 -73.262358
54.985078 -160.115775
41.153239 -71.611706
39.597408 -75.611873
31.822687 -81.057181
53.786272 -167.075859
60.202827 -147.315964
57.880588 -153.462011
43.861902 -83.448416
29.523423 -89.699698
31.191283 -105.779725
58.384242 -137.073969
64.564552 -164.147059
55.165121 -131.326257
34.304383 -119.349187
63.187579 -162.840187
27.886308 -97.108921
28.107403 -82.830688
48.593246 -122.979897
36.523084 -121.954915
48.444438 -122.557298
37.255198 -76.421765
30.603939 -104.939873
48.021637 -88.931487
38.791816 -76.527479
58.021837 -154.730726
60.547611 -173.044189
41.240682 -124.106389
47.102426 -67.878124
47.765334 -124.453927
30.69802 -81.42742
48.159055 -122.617464
33.716905 -118.207476
41.670594 -82.813781
58.91161 -151.988861
41.72399 -87.524141
34.016468 -119.619343
48.611481 -122.598
29.727477 -92.151002
59.205632 -135.447369
55.871037 -159.319404
36.084879 -76.323478
33.03535 -79.522449
19.478611 -155.922609
18.111914 -65.350493
60.074979 -167.342885
27.578652 -97.252071
56.679468 -157.754141
46.489016 -84.445149
38.149976 -122.39638
48.435261 -122.873299
28.193594 -96.842143
44.06949 -69.056093
41.430842 -82.268479
60.842547 -146.576602
54.891633 -132.373154
47.113401 -67.889193
24.723931 -81.435715
38.629361 -76.515554
56.302227 -160.315896
60.309949 -162.534078
51.579445 -179.060089
57.300772 -135.601782
30.503679 -81.447087
43.223908 -124.395607
45.282774 -85.355478
39.113209 -76.432981
58.391449 -135.521358
60.818955 -147.915116
44.375696 -87.517597
47.356809 -87.954796
59.838886 -149.385727
38.766281 -76.390694
38.363159 -77.216729
59.971809 -162.622569
37.004868 -76.449891
39.239416 -76.39888
45.797494 -70.406334
59.878322 -152.810058
60.37187 -166.41457
25.342853 -80.249865
20.232325 -155.746893
45.98021 -70.309725
59.992245 -147.697861
47.01317 -90.413428
34.009898 -120.048926
41.548965 -70.522327
58.199084 -134.146685
61.073432 -165.338136
42.577393 -70.698574
38.351047 -77.155191
45.056022 -87.491345
29.810276 -101.974548
47.285173 -68.539587
60.651214 -145.897145
27.847342 -82.471624
47.026491 -91.644564
61.060103 -148.001637
55.614825 -159.667511
45.88002 -84.624153
51.682745 -176.837514
63.414229 -170.865412
30.377246 -88.107274
42.850613 -70.817731
57.871236 -134.121337
17.929406 -66.155387
42.00997 21.42738
27.047996 -97.37913
41.890708 -87.611659
26.788262 -99.242444
45.265738 -71.120112
55.093212 -130.182707
30.372423 -86.909679
27.821758 -97.164391
45.376558 -70.806244
48.689377 -122.898994
61.456683 -149.424755
56.540968 -134.634207
35.398354 -76.063661
38.246902 -75.940697
22.2781928 114.1586562
57.288177 -134.879535
55.701209 -159.659104
60.845283 -147.671928
45.072993 -85.977082
32.401782 -80.429941
28.144728 -96.953949
47.399619 -91.128131
66.58111 -164.400724
30.02644 -85.571907
18.008882 -67.177893
55.315549 -160.658867
44.001179 -86.483331
55.177086 -159.860786
35.228421 -75.544809
60.878454 -146.757004
60.04053 -149.037439
30.354785 -88.397082
55.987856 -131.307248
56.070061 -132.206591
37.444878 -75.976491
59.611249 -139.67631
47.86386 -122.650083
55.603624 -159.743282
56.083592 -133.56533
58.354684 -152.493991
18.294404 -65.300238
70.313609 -148.46615
54.921383 -130.97544
36.114452 -121.629634
29.650282 -85.16252
63.159224 -162.83785
27.564494 -99.511119
17.954499 -66.8224
56.326909 -133.656415
33.95587 -6.8238
45.563981 -70.688214
18.362329 -67.27135
27.882668 -97.117779
29.718748 -85.101682
32.848947 -117.26497
36.7558 3.0392
56.788656 -133.884755
66.283804 -161.061034
71.207157 -155.920202
56.802275 -157.14099
46.785418 -90.716456
29.569 -94.542532
66.306423 -161.903129
45.915247 -86.315981
57.100087 -156.44461
17.979606 -66.807924
51.817078 178.246209
35.976156 -75.84989
29.879287 -89.711158
41.573214 -71.373618
55.27695 -132.028163
41.315631 -71.833755
34.018126 -120.151663
45.075617 -87.610395
58.344505 -135.538498
60.187169 -162.446514
34.458789 -120.341369
45.341891 -83.477794
20.235787 -155.901452
47.149609 -88.231797
43.995502 -69.068336
45.000047 -74.678428
48.549111 -93.812278
56.343361 -157.817245
58.669274 -158.33286
18.214166 -65.598544
41.361125 -71.487772
46.106221 -70.252411
55.08814 -159.614759
66.488195 -161.864156
48.617516 -122.836182
43.51287 -76.297103
51.571831 -179.057236
58.281279 -134.779354
48.130841 -122.442383
58.32002 -134.650833
58.088024 -134.102966
56.542512 -154.362361
48.09559 -90.342939
56.083818 -133.659241
20.932669 -156.370729
43.908127 -76.388603
56.398427 -132.347574
55.426872 -163.171692
55.856392 -131.838455
38.318373 -76.258189
43.704822 -70.216832
70.601242 -152.365736
62.976879 -169.568016
27.843402 -82.594819
47.868002 -122.69376
55.778776 -132.184982
58.232669 -157.366928
36.112728 -75.800378
60.465431 -145.668841
56.415881 -133.006575
59.977655 -141.530294
43.923314 -83.890912
27.853246 -82.480137
44.017309 -69.128052
29.304026 -89.726162
45.967279 -84.723039
46.027833 -83.963808
48.337934 -122.442678
60.210676 -165.698339
59.130134 -135.238267
48.532818 -122.968483
21.667128 -160.54332
56.452544 -154.668517
58.056433 -154.644666
20.527237 -156.703673
42.407098 -70.990595
40.499205 -74.26829
47.400621 -122.328434
43.675136 -70.168227
26.059161 -98.200871
41.490234 -71.247422
36.110903 -76.334965
45.119968 -87.054342
56.333573 -133.067556
55.573692 -160.435859
38.113091 -75.945297
60.899503 -147.077772
32.282076 -80.545688
29.525858 -94.740699
57.764535 -133.576269
44.60347 -67.418923
45.81506 -85.606598
45.665625 -86.593613
45.785439 -84.398697
60.809402 -146.550577
30.249709 -87.656888
47.809255 -122.482437
27.292881 -97.63388
46.100258 -83.661163
47.937976 -88.923573
29.499901 -83.356722
47.474872 -87.898036
52.10275 -173.372574
57.510836 -135.294491
54.916023 -132.904968
60.041023 -147.357605
57.220236 -153.169724
29.334235 -94.745529
28.98024 -103.245121
55.396967 -161.496123
55.783042 -155.836804
53.33552 -167.790928
43.984611 -69.093816
45.048478 -86.117908
27.348637 -99.507831
38.94037 -74.971995
56.352644 -134.292353
46.839159 -87.68793
60.420397 -152.312226
55.059509 -161.764169
55.526533 -132.240921
26.222335 -98.465077
42.986681 -70.761474
48.644192 -94.110031
57.883565 -153.755054
31.197563 -105.782895
51.66025 -176.814437
45.966704 -86.094753
44.028881 -69.113113
42.800658 -78.859356
34.897298 -76.273986
51.908445 -175.984993
37.708634 -122.378599
55.272804 -160.380478
45.790057 -86.363808
44.200244 -68.31606
31.367214 -81.278798
41.730959 -70.708193
55.914055 -133.482056
31.593476 -81.14997
41.207197 -73.022549
52.027032 -175.32707
56.411094 -160.082592
57.218449 -133.529282
29.27934 -89.134337
60.726383 -146.16022
36.035124 -76.653332
48.612282 -122.861877
41.594688 -71.337048
56.857055 -158.663659
21.438424 -157.73582
37.390284 -76.391437
18.479751 -66.441852
44.741311 -67.098931
29.790524 -89.33197
45.869379 -67.803678
26.410859 -81.90191
58.050544 -154.721884
48.570889 -122.881035
30.588292 -88.064898
56.660465 -132.350845
60.476959 -146.505447
56.511779 -158.027621
58.851631 -160.212357
53.855048 -166.119922
26.067537 -98.105505
55.251971 -131.672468
52.003238 -176.579975
45.853043 -86.529208
56.986342 -156.762718
57.479475 -133.949487
33.032813 -79.506923
29.742943 -91.864277
55.413179 -132.398799
29.094055 -95.122896
48.094583 -90.74152
47.803619 -90.082354
46.857313 -88.368767
48.596405 -122.803886
42.269081 -70.945547
55.298264 -160.441895
45.3242 -86.925681
32.727777 -79.870336
55.573829 -131.661192
32.631459 -114.781282
58.848878 -153.336826
39.488743 -75.994135
55.065735 -161.550354
55.643581 -133.602402
35.081513 -75.982812
48.52652 -93.578333
52.076246 -176.205324
25.086133 -80.460592
54.838102 -130.474605
64.412913 -161.529053
46.546397 -85.025491
33.320065 -118.374768
29.240673 -90.096038
71.077495 -155.125994
56.229485 -132.373749
37.858809 -122.316944
20.664902 -156.043786
55.747878 -159.503768
27.199459 -97.377508
27.016568 -99.420447
35.674109 -121.284973
55.361552 -160.518955
36.908817 -76.095508
41.552692 -70.010644
30.252931 -88.718104
63.490072 -161.191163
24.584977 -81.773808
41.132059 -72.300044
60.007355 -147.861923
60.026772 -142.100059
60.116332 -144.198744
57.470941 -156.036722
53.62032 -166.547534
60.982523 -146.862709
55.048084 -132.926971
36.082267 -75.791637
59.419466 -153.807119
27.706207 -82.677321
37.947345 -76.343848
28.902839 -100.631611
55.99758 -158.445696
56.681029 -157.550792
49.356405 -95.014415
18.410663 -65.816691
29.539394 -92.347236
30.053202 -88.881454
29.859997 -89.269897
55.236806 -162.041236
57.40967 -134.849477
42.467096 -70.887992
45.476928 -85.088386
54.375085 -162.781239
60.762896 -151.259343
57.834274 -153.48735
60.595124 -148.254852
43.271218 -77.033875
43.84449 -82.647467
29.761592 -102.565661
59.537728 -151.420966
42.081579 -70.63848
60.38955 -147.630081
29.981292 -84.432958
58.504429 -134.990494
70.759531 -159.275634
54.146362 -165.631242
27.890378 -97.107511
45.164595 -67.16787
32.672187 -114.745345
27.820991 -82.475273
44.426351 -67.887323
41.166697 -73.177774
58.213677 -135.589198
59.524731 -136.234229
25.747668 -81.343984
48.611595 -93.35541
56.102032 -132.891342
29.522188 -104.327483
48.099402 -90.517075
55.523596 -160.73215
52.378095 -174.324935
27.481596 -99.480419
44.497492 -67.853746
28.421585 -96.46148
41.112274 -72.300374
47.392148 -87.800294
56.681336 -133.232516
33.015832 -79.488727
29.765163 -101.654578
27.321325 -97.413138
38.034375 -75.87319
29.34469 -83.175518
20.731287 -156.452895
60.265526 -147.496201
42.082337 -70.189305
44.070795 -76.20588
41.285187 -72.205109
24.653197 -81.47641
59.070878 -135.381162
64.559167 -164.044839
21.3093 -158.0245
43.70832 -70.124136
58.571053 -134.922684
21.962881 -160.122262
55.110477 -163.071468
18.069914 -67.183938
47.135414 -122.695938
33.865515 -78.509042
47.749819 -122.471844
45.485784 -83.909472
59.225619 -135.478778
45.522949 -86.728142
43.757 -69.761587
35.442243 -120.896862
27.955798 -82.720522
20.767496 -155.984587
41.224207 -71.561093
66.561215 -161.92544
28.248235 -96.930749
46.818986 -90.676133
25.181901 -80.609609
56.776083 -131.8865
59.146465 -151.505112
59.119324 -154.239842
55.537506 -132.41724
60.154045 -147.979828
59.187666 -151.579261
57.624607 -136.130611
37.368548 -75.987122
38.252115 -76.811927
45.648175 -86.695275
19.968885 -155.856588
29.434615 -89.964563
52.467067 173.550002
59.546678 -139.861306
29.211342 -102.915554
45.585775 -123.951246
56.332797 -133.328577
55.018197 -132.154061
52.295345 -173.987917
47.493763 -122.460442
39.354613 -75.494158
46.927199 -91.826068
53.519691 -167.888901
35.183079 -75.801444
26.945615 -82.124645
43.75594 -69.752801
30.382876 -88.282635
35.483351 -76.979206
56.084972 -133.293074
52.581154 -171.115692
38.540223 -123.287156
45.720797 -86.525166
19.975527 -155.838692
57.522395 -134.598452
38.948612 -76.463081
43.685483 -70.201893
48.189163 -91.043613
48.304491 -92.426077
60.243791 -147.950532
35.757531 -121.326319
18.277744 -65.287257
18.068572 -67.927841
21.957038 -159.671872
57.941968 -152.487666
60.789487 -148.45089
24.749722 -81.330376
34.73077 -76.497731
22.22668 -159.583965
26.528014 -97.292399
46.288725 -123.728585
59.367516 -153.55336
61.848041 -165.640216
32.541659 -114.804776
58.413052 -152.355073
43.126855 -79.056767
37.974694 -75.99473
45.154114 -67.390579
56.371063 -130.810707
46.532723 -87.008724
46.090248 -83.758179
46.94391 -90.968419
56.434182 -154.806114
64.961235 -168.050232
70.859221 -159.156511
45.296694 -71.27232
37.576138 -122.518088
29.130839 -83.053207
24.579838 -82.111061
28.227314 -96.662462
35.174657 -76.536346
45.04501 -67.099749
29.097428 -89.102913
44.820657 -66.986318
60.929394 -149.64652
29.265632 -89.129688
57.504682 -153.888891
46.071808 -83.682632
28.988547 -103.113922
39.55014 -75.967221
59.679451 -163.964432
42.554973 -82.640916
63.577607 -162.707559
48.999015 -102.021144
29.482806 -102.813954
55.756531 -160.036162
60.713214 -146.303398
42.250547 -124.410982
44.857651 -75.255517
47.349827 -68.224174
58.273777 -136.317947
70.458158 -150.895452
58.171637 -134.608911
29.196554 -90.640223
56.004996 -158.827232
38.839474 -76.375086
28.325075 -82.73146
56.56588 -132.459702
46.092593 -85.440191
28.780776 -100.537772
27.830351 -97.228951
45.306232 -71.078407
59.628067 -139.670624
18.382125 -65.568979
48.3972 -122.627809
48.732486 -122.638082
57.44007 -133.970783
20.937361 -156.275116
60.218687 -152.624648
48.5233 -122.82869
56.283833 -158.203083
56.347417 -133.850314
29.797076 -91.853569
-15.80453 -47.87283
40.989263 -124.118147
51.692557 -177.899416
34.675754 -76.490989
29.783219 -102.508313
57.297268 -133.832245
63.606329 -170.816581
37.88634 -75.687584
57.086983 -132.81841
26.466106 -82.076924
63.687321 -170.359363
58.398707 -137.0718
56.110445 -158.594188
48.513048 -92.625151
41.499047 -71.035514
66.311603 -165.882496
63.179147 -170.263032
41.559925 -71.303652
41.852965 -83.39622
47.940772 -122.611956
39.314108 -76.327579
26.740394 -97.367557
33.895712 -120.121817
58.578332 -135.145521
38.528988 -76.515706
55.662304 -160.128485
71.338012 -156.645615
44.067881 -86.508764
55.092829 -161.678537
41.904232 -87.624052
29.275497 -89.950409
59.81989 -163.349027
-15.42115 28.36818
38.0446 -122.262861
30.23859 -87.879343
26.980865 -97.551053
55.830424 -159.643739
55.390626 -161.509306
40.920235 -73.406074
58.555609 -159.187347
44.374641 -68.421432
60.223049 -147.305252
60.665311 -146.02502
61.921572 -165.703482
48.265421 -92.006577
55.31353 -160.028961
37.128861 -75.970004
26.007069 -97.167208
57.299765 -134.812769
51.464635 179.164531
46.811715 -88.415225
56.529892 -132.476059
55.030281 -163.219018
42.285946 -70.94902
59.940047 -139.527455
20.778408 -156.537752
38.686234 -76.347998
42.168783 -70.714301
41.641157 -70.804664
46.1102 -70.255069
37.280874 -76.015507
37.279311 -76.369029
27.659974 -99.668942
55.470323 -131.82716
56.267768 -134.246307
60.939831 -147.143314
21.207644 -157.192439
59.712953 -140.601672
45.095311 -86.052424
70.400748 -151.297598
48.695772 -123.047058
39.261997 -76.219338
22.23317 -159.488558
27.862702 -82.552918
38.78278 -76.373848
48.208664 -91.814473
45.704387 -70.438878
66.2551 -161.341189
47.863085 -124.559034
21.057801 -156.865795
29.678682 -94.934167
64.13803 -160.955132
29.286611 -83.16073
29.347342 -100.964325
30.827452 -105.320108
55.153223 -131.729575
47.285493 -68.582984
29.130126 -89.026031
38.813346 -76.308922
60.167616 -151.488721
57.214658 -170.239557
45.138363 -85.976803
30.261221 -104.733822
43.845032 -69.613215
21.091094 -157.032045
29.685015 -85.344986
43.821925 -68.899108
37.8477 -75.709114
45.679372 -67.710464
20.826603 -156.991834
25.434188 -80.20657
45.244203 -71.37763
58.228091 -157.389237
51.807991 -177.735909
52.421033 173.712323
42.494795 -79.323079
57.592068 -136.061747
17.971854 -65.985358
44.194756 -68.625715
29.813137 -91.828585
57.289654 -133.824631
46.991189 -124.019727
27.882596 -97.116078
58.293407 -136.13533
42.25392 -70.788724
56.003343 -158.854132
58.888955 -135.339948
48.587059 -122.918983
28.903734 -100.627206
28.810285 -82.716497
44.668114 -67.154479
21.175963 -156.946159
56.702466 -133.703615
35.048705 -76.093349
55.982433 -160.526362
55.122776 -162.131878
59.895364 -165.712875
37.576657 -75.595716
55.483373 -132.392255
28.987121 -103.284749
47.290065 -68.375848
41.564114 -82.855197
55.880932 -133.375763
55.224178 -161.399353
27.01463 -99.438721
58.162296 -133.191526
36.14141 -75.866323
29.7426 -83.554993
41.15501 -72.272997
27.098423 -97.47548
35.897181 -75.97783
37.573699 -76.357835
43.644593 -86.540787
66.945647 -161.485121
18.460024 -65.992349
57.52053 -135.577831
59.436758 -150.412469
51.782623 -178.873024
45.299254 -87.017036
43.049681 -86.244277
48.068853 -90.010013
60.167728 -144.263458
46.212401 -123.67538
28.580401 -100.3968
38.239686 -122.993235
55.143705 -131.722437
55.031826 -162.957826
48.020162 -89.72221
45.687862 -86.689102
40.331425 -124.353124
37.138179 -76.666542
36.306379 -121.902729
17.935651 -67.196924
29.185849 -100.766031
47.186601 -68.877914
47.005246 -91.704649
-34.913499 -56.176121
60.123181 -167.343303
28.11713 -96.886887
58.22383 -134.278031
44.197534 -68.364469
70.140402 -146.006411
56.62029 -134.276735
45.239858 -71.180905
45.835522 -85.595177
59.810225 -138.662972
25.962114 -97.178362
27.472145 -97.276091
-18.11702 178.43964
48.049979 -91.438877
57.14536 -135.5986
48.068806 -91.45033
48.0029 -89.841673
55.501814 -132.564766
42.292436 -70.895778
53.416775 -167.112008
42.146057 -80.07198
60.02401 -144.372925
52.602485 -170.683854
36.482124 -75.924127
29.089421 -90.26629
17.966552 -66.08141
43.388389 -124.315012
48.439465 -122.551221
33.712818 -118.317205
47.355605 -68.361559
48.708001 -122.646323
18.091135 -67.199314
55.104444 -132.000834
45.012565 -87.139384
29.535374 -91.531471
57.660137 -133.868134
27.163325 -80.159554
29.127855 -89.409371
57.113158 -153.804787
63.73661 -171.652664
38.007621 -122.481466
47.31346 -88.477733
48.310041 -122.506568
59.138851 -151.823013
47.238066 -68.705314
55.248438 -131.31736
43.281509 -77.173088
29.639457 -95.015636
26.4081 -99.089413
63.366464 -171.285411
60.222324 -147.945158
41.075701 -71.889543
62.592082 -164.770232
60.508635 -147.721824
42.162272 -124.360318
48.101138 -90.073873
24.597647 -81.678595
56.139804 -134.125902
55.300713 -130.925069
29.149965 -103.579462
29.209128 -90.633819
37.83668 -76.722156
53.977136 -166.359925
60.831717 -148.31622
46.032488 -85.102899
60.903704 -147.178969
40.937697 -73.463708
60.818122 -148.151597
70.494998 -150.719845
39.257256 -76.343826
48.532818 -122.842964
38.233231 -76.716376
27.352877 -97.520518
60.000625 -148.490475
18.4108 -65.794925
45.39527 -70.722734
55.064032 -159.381841
45.131654 -67.329829
53.933557 -166.210964
59.273526 -150.887825
55.135982 -161.767507
37.130795 -122.337085
17.961192 -66.982206
36.149285 -76.05927
48.055247 -88.810461
53.687267 -167.067674
41.54692 -71.310533
55.435113 -130.922985
48.557079 -122.987038
48.123922 -90.579897
27.641066 -97.234612
55.957671 -133.379925
29.684838 -85.093902
45.347239 -83.520258
55.363995 -133.631546
26.356435 -97.358176
44.14069 -68.396634
42.128227 -87.741662
27.889407 -97.134344
45.882895 -67.803908
25.518406 -80.174544
44.045486 -76.379593
27.927268 -82.820715
66.189514 -166.330971
29.2614 -100.83404
42.490496 -70.835991
57.728171 -135.201461
36.393603 -121.903195
58.19432 -134.899665
58.069283 -154.484207
45.756897 -84.924664
31.52906 -81.258809
29.068597 -103.457386
46.986389 -90.865387
29.717 -101.398362
48.010386 -122.58178
51.984877 177.483712
44.066036 -76.220632
34.008814 -119.884896
54.611644 -163.585967
31.568183 -81.204315
51.911584 -178.175023
48.999197 -110.215516
51.84597 -176.507989
43.966878 -69.436495
30.130278 -89.446564
25.76039 -81.355116
55.719411 -160.085655
39.740719 -74.113655
59.128537 -135.446417
41.24085 -70.096967
34.56622 -120.637805
58.086212 -135.496739
42.576863 -70.737044
29.17091 -82.974676
58.864264 -158.767748
42.968064 -70.7718
26.527626 -82.187315
37.732331 -122.370094
55.828551 -131.070138
57.65853 -134.054183
59.222589 -151.217481
59.967506 -162.143049
39.594251 -75.53954
57.984451 -152.720718
28.123365 -96.962755
48.512916 -92.625374
55.079574 -159.561459
42.024896 -70.089578
38.032165 -122.499465
48.246316 -124.192692
17.961229 -66.583233
44.169459 -68.347416
55.044467 -163.646834
66.757926 -161.848104
54.88012 -163.318885
21.6057 -158.1095
55.665133 -133.399885
28.89518 -82.688657
30.373909 -104.837493
55.785595 -132.187494
40.912599 -73.756776
57.786769 -155.545676
47.954275 -89.638285
17.963127 -66.930414
44.058421 -76.183513
69.914096 -162.593773
57.726999 -133.880423
44.654377 -67.298449
21.014416 -156.645966
29.830575 -85.314783
55.981685 -158.49905
27.877501 -82.529918
29.920717 -88.828247
45.011543 -72.582371
57.075943 -153.21544
53.487119 -166.656234
47.994866 -89.915341
52.458935 173.695719
55.877284 -131.828176
55.988282 -133.48513
48.585155 -122.928505
40.547603 -74.112585
26.077044 -97.199651
55.641205 -133.611328
58.475775 -152.610955
33.215432 -119.464725
47.305962 -122.795694
21.421352 -157.774455
58.843928 -137.924608
27.000458 -97.484131
29.047591 -89.143453
54.9913 -131.007787
45.999542 -83.48835
65.077053 -166.82091
39.039798 -76.240905
25.056604 -80.481197
64.486401 -161.479093
58.12877 -154.269027
51.644422 178.689903
30.822206 -105.29563
29.073206 -100.664065
55.823261 -131.777033
38.386791 -77.024866
26.851898 -82.156267
37.740214 -122.36758
46.832222 -90.762543
42.0819 -70.206899
44.034779 -76.381378
47.674838 -122.896524
56.125564 -160.451417
55.035712 -132.000449
42.652232 -82.780817
26.370715 -98.824571
19.872467 -155.107541
53.97755 -166.264519
59.965175 -165.539367
55.430679 -163.122208
48.575054 -123.174301
52.391439 -172.448182
64.489296 -166.229202
58.226626 -134.455717
38.106039 -76.421214
55.557706 -130.874008
45.246348 -71.173367
35.391652 -75.486771
22.186817 -159.315613
66.910026 -161.727145
46.116131 -123.947531
37.77168 -76.595939
48.588399 -122.554577
30.757059 -105.160153
29.671163 -94.056506
44.401588 -68.11229
25.216207 -80.530207
34.012426 -119.441116
52.78929 172.809387
37.133601 -75.92552
55.681342 -131.831407
47.187293 -91.387021
53.425269 -168.398232
34.630789 -76.550423
59.01986 -158.294754
45.596944 -67.489018
28.167476 -96.822859
60.476193 -147.792822
56.181419 -156.763245
65.64084 -168.134663
63.113579 -169.436748
47.342299 -87.93825
24.817789 -80.790497
56.358589 -157.864838
44.244818 -68.611669
59.299627 -154.113577
18.235484 -65.626731
45.919439 -85.913769
56.006411 -132.427286
45.759855 -84.995105
29.784828 -89.394608
42.889216 -87.84778
48.10051 -90.686617
54.932048 -159.261647
60.184234 -148.079884
63.511927 -162.108597
55.83795 -131.524968
58.893224 -136.670412
21.586739 -158.12561
29.829059 -84.692053
29.545987 -94.523743
56.411069 -134.146136
36.962847 -76.411768
43.170738 -70.592177
56.2908 -132.35871
47.73373 -122.859047
45.24646 -71.155734
60.248574 -148.188298
46.689981 -90.739549
60.166004 -144.453957
58.273323 -134.139071
44.762671 -124.066325
29.192089 -95.112902
56.089691 -132.035858
36.968147 -76.297663
39.199482 -75.027824
59.647207 -150.288852
52.219053 -174.400139
52.116097 -176.143914
39.359169 -75.505276
58.659835 -158.327038
47.140766 -122.731033
20.524372 -156.603844
38.178135 -76.353516
45.64479 -84.270238
37.687609 -75.868355
59.521136 -150.253956
52.824349 -169.102465
26.255568 -98.677766
39.164885 -123.742221
45.180765 -67.246697
47.053074 -90.651947
59.849476 -147.494415
43.727559 -70.138711
57.221161 -135.871865
57.371883 -135.639556
65.125965 -166.911922
66.324269 -161.934062
29.133389 -103.523384
71.020153 -155.705487
55.207996 -161.574478
39.304041 -75.271629
44.349129 -75.94954
21.948632 -160.13705
26.055702 -97.825546
45.161096 -71.423616
26.952112 -97.552325
48.686047 -122.91803
54.264639 -165.675447
-16.5129 -68.1217
45.865934 -84.715481
45.810776 -85.617538
40.454672 -74.133727
19.069377 -155.555326
27.830223 -97.470709
44.465272 -67.868774
58.375914 -135.496624
46.260502 -123.581642
58.619067 -159.24229
55.545429 -133.448334
55.196205 -132.879974
59.982606 -148.541499
40.880099 -73.766976
43.74739 -70.14983
55.770135 -131.670115
61.345324 -149.721711
57.683663 -133.522243
45.742888 -85.510091
59.192532 -135.283964
20.850731 -156.825237
46.059671 -70.278169
44.581317 -87.903689
45.546814 -86.630348
28.76328 -100.533017
57.139565 -153.345533
29.928614 -81.295268
51.95472 177.607535
55.130971 -159.588109
37.118037 -75.897298
18.111306 -67.934479
47.185142 -67.950569
27.820493 -97.130299
44.89715 -66.985901
48.998494 -113.098147
42.023966 -80.371869
55.797087 -160.010322
52.706059 174.158146
55.488323 -133.437027
26.549848 -99.171404
29.041224 -103.341463
65.381967 -167.026782
56.320783 -133.045383
55.954697 -133.283557
41.718662 -71.305759
29.974138 -88.835495
47.93742 -122.358812
47.135981 -88.247628
28.347284 -96.688453
45.983695 -85.648581
48.092451 -122.798464
29.531988 -94.566674
55.910488 -133.47551
30.311701 -87.772758
51.817716 -176.26649
19.426425 -154.887817
48.110549 -88.695353
51.921135 -175.81546
57.109699 -133.208726
60.121091 -149.420709
27.868217 -82.424278
40.462119 -124.396642
27.607264 -99.562869
48.176963 -90.836313
48.01912 -122.522793
40.962798 -73.678073
43.282998 -77.660359
60.270971 -148.284807
46.030363 -85.603785
38.278233 -76.394171
71.128682 -157.119621
48.501635 -92.654039
59.995034 -139.488702
63.330622 -168.936333
41.439579 -124.063076
19.81491 -155.094414
48.068065 -91.488646
58.12075 -135.524668
42.043601 -70.10806
44.22832 -68.470323
55.72417 -160.078992
19.027412 -155.576599
60.862823 -146.171897
44.962014 -85.897626
58.519299 -135.021439
34.319486 -119.370356
42.196379 -86.404146
36.922747 -76.353765
45.91043 -67.763725
30.063858 -84.342022
41.481302 -71.245992
32.546354 -114.80583
41.759944 -81.279925
56.928479 -153.691659
55.075447 -132.924591
44.488068 -67.580288
51.469442 179.143656
44.260354 -68.241142
64.482628 -166.192078
43.724793 -69.992615
29.320156 -104.038282
43.717666 -70.001645
59.792194 -150.948132
59.128071 -134.481241
43.379656 -70.424421
60.440981 -147.750864
55.129871 -160.525226
48.160412 -91.120047
45.268139 -71.244499
58.093779 -152.529036
46.827656 -87.727358
48.091232 -122.733257
54.655928 -163.439361
47.322303 -68.384622
55.44014 -133.810608
45.199066 -67.429083
61.832408 -165.955265
29.636713 -91.648657
51.882449 -176.173871
38.985948 -74.807917
30.262125 -88.130631
38.036805 -76.004592
52.493257 173.739385
47.756627 -90.30634
47.386309 -69.039818
48.247131 -91.952095
58.874637 -153.305216
59.849087 -166.381986
59.864679 -164.160319
55.902944 -133.250244
56.968862 -153.556762
34.048167 -118.954722
58.043491 -135.563434
39.193621 -75.026179
47.460093 -88.150571
45.729051 -86.841818
43.209717 -79.053109
21.779518 -160.205851
60.735912 -146.201912
18.386553 -65.624975
45.883718 -67.803318
24.586444 -81.602998
46.174114 -84.114941
48.155844 -91.13858
29.741498 -101.410024
60.147741 -144.290116
59.966904 -144.354843
61.100361 -165.578127
55.610488 -131.682849
56.334811 -132.403678
34.029383 -118.706215
22.228811 -159.45619
55.424671 -133.423355
48.215342 -122.763042
41.581812 -69.982768
60.303833 -145.219528
61.900275 -165.667939
32.931245 -117.26047
31.4803 -106.218843
44.346256 -68.553873
56.078732 -134.109236
59.820327 -149.7624
38.779287 -76.323768
42.593173 -70.681428
54.828304 -159.708984
60.578475 -152.13616
38.251793 -75.963453
45.630959 -67.675417
64.54866 -165.919704
18.103683 -67.183921
38.333282 -76.953928
58.741226 -160.416992
43.916208 -83.400985
29.572348 -102.766124
41.592504 -70.901381
43.596717 -70.217087
55.245022 -133.632141
59.200085 -151.558151
41.690025 -71.441896
46.437892 -86.816026
47.171442 -67.939168
56.825177 -134.674238
37.232839 -122.415822
43.749188 -70.151959
55.207047 -161.335587
51.629052 -176.991322
32.274736 -80.748866
35.206487 -120.856047
44.903277 -66.983558
29.104891 -90.877583
34.460447 -120.008077
24.944265 -80.621658
48.642738 -122.76384
35.573152 -75.895045
56.082323 -132.68462
48.744143 -94.645083
45.49724 -67.476855
27.402411 -97.336132
26.066108 -98.081567
57.996425 -153.297756
56.458508 -132.623001
57.087392 -134.386052
66.051277 -166.827684
26.20472222 50.57083333
35.511326 -75.964178
48.297391 -92.01298
56.104601 -133.620353
58.409384 -152.88886
44.9915 -74.146814
48.162715 -123.672445
46.917577 -90.995149
55.837214 -131.712608
60.836119 -146.611756
29.681296 -85.259719
43.950504 -69.19633
60.228766 -152.642361
48.789352 -94.694312
57.303164 -134.946626
48.59753 -122.988464
64.883324 -161.213756
66.578054 -161.533438
29.699321 -84.79816
55.63593 -131.726322
48.695503 -94.464481
48.006211 -89.701438
58.814257 -158.789632
60.481102 -151.841095
35.484348 -75.987222
47.804128 -122.485214
37.900184 -75.724505
44.201683 -68.453843
18.179324 -65.695856
47.195048 -68.920253
21.318615 -157.918939
55.407421 -133.463211
37.251779 -75.799343
30.458645 -104.869872
25.130487 -80.377084
55.775452 -133.261948
44.784963 -87.320397
25.957556 -97.598043
49.35317 -95.058404
48.15186 -122.609568
45.410943 -83.737321
52.043312 -173.820692
55.180306 -160.468969
18.382078 -67.216998
48.690331 -122.960388
54.969937 -160.190062
53.02958 -168.546059
48.389776 -124.716947
37.006747 -76.348066
19.982775 -155.831948
31.332365 -108.788711
59.042877 -135.395021
17.6641 54.0255
59.749567 -151.859327
46.757453 -91.511077
29.110861 -80.944376
37.324145 -76.291324
59.323494 -150.661835
48.101914 -88.728198
59.736568 -139.562134
21.512085 -157.837372
59.505754 -153.733853
29.79785 -101.912406
43.369159 -77.976438
57.022144 -132.84816
56.475777 -157.890657
38.977612 -76.450481
45.818194 -67.780082
59.74381 -153.44962
20.61595 -156.236145
60.334412 -172.366516
39.074727 -74.738316
36.065062 -121.592853
44.377245 -68.466109
48.863711 -94.690302
46.583524 -90.905572
54.773941 -133.538193
27.115217 -97.452324
56.124638 -132.940125
30.382381 -88.260695
55.120739 -159.929086
21.557514 -157.85257
57.797797 -133.902695
58.524654 -134.835241
41.228436 -71.573785
56.68718 -133.76278
21.190739 -157.047757
43.791688 -70.142792
59.147573 -135.378841
45.821879 -87.052043
25.622195 -80.296719
45.467513 -123.972953
26.409816 -99.045466
37.195731 -76.691918
58.506214 -135.002991
55.095912 -161.674539
49.354397 -95.153407
48.252977 -91.971779
45.018102 -86.154557
48.112742 -91.651624
21.17202 -156.738341
44.3968 -68.427874
55.291865 -133.244343
42.254115 -124.411534
60.368008 -162.414153
64.719267 -166.474714
57.363077 -135.69512
60.336194 -145.315663
67.136802 -163.737724
41.329871 -71.956747
47.291531 -122.527586
28.234092 -100.2462
27.278577 -97.532223
47.327219 -122.57134
34.037729 -120.055107
46.893972 -124.046344
46.556165 -124.061953
60.684712 -145.978105
27.271708 -99.496615
70.886933 -152.590148
26.4843 127.955
48.95597 -122.817226
42.690036 -82.6855
41.605329 -70.437246
44.471644 -75.807778
45.165872 -71.424616
18.076828 -67.198212
42.975475 -70.610634
60.508705 -148.635011
42.626333 -82.820118
55.401176 -163.119354
59.313617 -151.991618
33.07454 -117.309771
41.583187 -71.317474
48.364666 -122.507437
47.05347 -90.455024
70.093458 -143.503487
48.238177 -90.867079
45.040251 -86.141644
58.836767 -153.358917
60.327477 -146.392853
52.445935 173.691601
31.318735 -105.938452
45.968167 -85.861157
37.514118 -76.288167
55.896713 -134.145803
60.72535 -146.168059
60.253303 -164.646332
18.923358 -155.687716
27.706807 -82.738022
45.995384 -70.284571
36.636746 -121.93643
60.712417 -146.124073
30.320943 -87.206254
45.044582 -71.497179
24.739982 -81.035192
48.031801 -88.896327
65.757144 -168.954515
60.527837 -164.956788
26.327712 -81.844555
20.506775 -156.682939
46.968904 -123.889402
26.070932 -98.080495
48.157312 -122.671235
48.69128 -122.816666
36.159226 -75.863914
47.007271 -90.618637
70.976993 -154.594048
28.459244 -96.410589
60.493362 -173.044189
45.587856 -86.654739
54.051243 -165.85024
55.056412 -132.690216
55.066487 -159.93099
43.639023 -70.22299
43.195114 -86.316259
24.716732 -81.297401
21.027273 -156.612065
34.028949 -120.419021
45.564878 -123.947556
56.099059 -133.605186
65.626584 -168.127044
43.96705 -76.101064
56.756294 -135.29643
29.164572 -90.636973
61.013107 -151.42512
28.044758 -82.823063
59.791145 -151.857339
27.362206 -82.623863
55.764439 -159.328918
44.421314 -68.11271
27.799427 -99.877677
54.947557 -130.946292
56.021322 -133.487595
18.491693 -66.944636
46.586926 -90.525498
28.658736 -95.996338
55.539482 -133.632141
42.557229 -82.624907
57.649095 -133.993974
42.152343 -124.366028
41.565239 -70.93783
44.355882 -68.948164
60.443751 -144.834059
43.77186 -83.446752
45.502147 -67.416462
25.955443 -97.583044
30.143682 -89.417694
56.135305 -133.061465
39.435659 -76.102232
55.418062 -132.475532
57.136522 -133.224656
52.116423 -173.467877
33.202762 -117.39148
37.174403 -76.696735
56.020166 -132.897675
29.582113 -91.774803
42.58732 -87.810873
61.277732 -150.606961
55.052583 -163.790733
43.351337 -124.341587
46.863504 -124.066349
55.326328 -131.627258
60.86627 -146.727226
59.467715 -150.584342
65.189897 -166.46005
56.05654 -134.190863
47.846718 -122.339944
29.064305 -90.709105
40.688445 -74.044451
45.026323 -71.499945
45.507606 -70.723167
48.017154 -89.795224
54.770874 -132.718765
47.870377 -89.250936
60.991736 -148.414435
36.964547 -76.267962
63.625115 -162.587527
47.401795 -123.137444
60.876225 -146.774155
48.999591 -105.522636
63.731332 -160.809089
55.271157 -133.109002
44.511354 -87.483696
43.338953 -124.373037
41.620698 -70.25621
55.764781 -131.634423
55.418688 -160.148511
35.030945 -76.431855
17.957286 -66.412131
57.003109 -132.856476
46.646289 -90.755287
61.029211 -147.950619
60.302052 -172.240875
44.431807 -67.926357
59.809858 -149.59679
70.423944 -148.959443
28.622604 -96.212624
53.02147 -169.745743
46.434114 -86.850111
55.266879 -131.373278
45.333065 -86.937368
29.935894 -89.742727
45.300379 -67.460554
48.44499 -122.568348
55.644207 -160.325419
30.797029 -105.255416
24.716901 -81.023794
26.569347 -80.038863
58.099918 -134.111893
42.560634 -82.845916
52.328465 -174.331065
55.218175 -131.430501
55.905727 -133.272064
48.604668 -122.992744
58.350955 -152.476814
61.332951 -149.730277
42.460896 -70.894292
34.008219 -120.167306
51.748612 -178.776661
48.998533 -113.095436
28.261192 -82.746188
27.646647 -82.712555
35.728515 -75.496086
48.678633 -123.041645
25.473331 -80.192336
42.881421 -82.470032
40.603678 -74.053125
48.16084 -123.934921
58.453159 -137.239366
48.466749 -122.537355
58.267231 -136.4048
52.123669 177.356934
44.642023 -87.765774
20.940888 -156.263107
61.000587 -146.848112
56.440305 -134.179214
56.201892 -133.900558
48.534603 -122.969673
46.650262 -123.921913
57.533253 -153.929265
58.620786 -157.251462
56.769185 -157.41344
21.455379 -157.82489
45.348751 -67.430489
41.664692 -82.793069
40.971938 -73.110368
58.574679 -153.886482
26.476977 -99.091635
29.784693 -81.256711
48.50486 -122.871513
29.607284 -101.265347
47.757744 -122.757885
43.812093 -70.002874
54.996773 -131.539215
54.224648 -164.763718
56.593313 -133.872837
46.683672 -123.895601
42.489076 -79.331483
63.217069 -162.769536
21.016167 -156.562773
55.538998 -160.77295
57.464671 -135.084338
66.798482 -162.117304
70.185256 -147.385271
66.081165 -163.502704
55.102911 -162.11874
59.555694 -153.635262
48.553635 -122.592901
48.208636 -91.845821
53.43791 -167.858337
69.966876 -144.672305
55.560148 -130.9652
43.222054 -79.052868
52.431843 173.380058
60.937008 -147.250403
38.134886 -75.866
43.841347 -69.552606
18.226983 -65.601809
29.761844 -84.694939
57.105241 -153.48785
42.129796 -124.351535
46.653576 -123.920916
62.654671 -164.942688
58.286765 -136.762198
55.216564 -161.42601
44.855802 -85.502182
56.213194 -133.894015
21.2604 -157.7931
21.783755 -160.218044
55.256374 -160.527617
48.188087 -122.478535
40.887499 -73.772276
24.681026 -81.542116
25.935438 -97.277163
19.05576 -155.886278
60.012589 -144.386246
26.706435 -82.246535
22.214906 -159.367563
19.549172 -154.852618
57.950309 -155.044803
44.912557 -66.984466
53.033779 -169.698128
51.869685 -176.161052
4.85565 31.58618
33.021269 -79.55756
55.118927 -162.506887
26.455418 -97.441383
40.371709 -73.971381
34.417396 -119.648664
57.432816 -133.955597
60.394268 -145.505458
36.460537 -75.891484
52.049435 -173.901075
70.825558 -155.978421
59.430486 24.751649
57.466134 -152.646017
29.406222 -89.482318
55.477461 -131.807529
47.28225 -68.553896
57.789511 -155.568437
58.981521 -160.264054
44.320523 -68.771489
53.88399 -166.597182
54.969416 -164.119196
63.03645 -169.575873
41.054884 -72.0972
63.146009 -168.871465
47.306471 -69.049118
47.902445 -88.899698
57.187091 -153.073982
18.294974 -67.209963
37.204211 -76.73432
28.688762 -96.268604
47.974916 -122.51778
55.563717 -131.702835
44.391081 -68.464262
47.232376 -122.685226
38.253647 -76.09972
56.05323 -134.177053
36.10199 -75.847785
55.954506 -133.338684
59.925024 -149.730991
30.497678 -81.440108
52.228392 -174.106533
41.251018 -72.711208
55.240705 -131.316171
29.025486 -89.18215
57.401072 -133.448967
48.590659 -93.465199
60.096877 -165.671567
48.724222 -94.595855
33.972376 -120.209372
41.349176 -70.774974
52.828799 173.423819
33.271129 -119.562042
27.302637 -97.364676
48.56279 -122.982758
25.34522 -81.118208
27.231248 -97.520009
45.232765 -71.438545
66.153194 -161.627008
45.491596 -85.782646
43.943705 -87.716037
56.150862 -158.555122
55.026207 -162.280512
55.515395 -132.325728
37.880974 -122.438268
39.244659 -74.614481
55.223739 -131.694487
28.301093 -100.287554
25.879337 -97.454727
43.262454 -79.070469
70.178826 -147.21921
55.392206 -131.736654
58.990588 -136.684153
58.811379 -134.989906
58.15035 -153.209672
27.110383 -97.455887
58.97994 -136.895866
48.530985 -93.626447
56.720718 -154.064636
37.689 -76.302545
28.152881 -96.898123
28.655468 -95.986066
51.286006 -179.137239
35.680564 -75.507385
29.029701 -89.197871
26.808604 -97.351413
66.291552 -161.900154
51.876431 177.212422
70.327744 -161.016416
45.752066 -84.866976
47.123114 -122.775056
45.925203 -70.262198
29.828604 -91.974327
54.405702 -164.582778
58.082292 -134.783772
28.148408 -97.027014
61.040625 -147.947785
57.78883 -133.556097
48.004332 -89.594749
42.413317 -86.276878
48.093348 -91.569746
37.644035 -122.494085
55.135972 -131.77538
45.736893 -84.95084
37.702918 -76.597868
60.896082 -149.345756
38.956667 -123.729053
41.146932 -71.599993
24.24 54.551
29.325645 -91.162038
27.837519 -82.393383
57.925441 -153.011006
44.222787 -68.769833
48.127709 -90.787122
20.267744 -155.873921
46.062464 -70.308967
55.549998 -132.525505
43.925465 -69.24271
36.184952 -76.27699
44.343856 -76.008361
43.659132 -70.240987
57.123834 -133.206655
46.460245 -84.849767
41.268098 -72.571136
29.772901 -84.920917
47.347519 -122.55584
55.547024 -132.445198
62.522452 -165.096155
44.810816 -85.641652
60.861341 -147.916652
56.806006 -159.038354
59.416771 -150.297303
43.600454 -76.199138
37.804917 -75.987301
57.320206 -135.683828
38.053697 -76.341404
59.661379 -150.073634
54.06287 -165.901649
34.076465 -120.368278
21.557568 -157.872528
44.719228 -87.343508
55.890073 -159.008171
48.070502 -88.772077
33.474119 -118.54453
59.304459 -150.762726
60.032575 -141.291995
46.487434 -86.557731
37.957544 -122.408383
56.081213 -133.578417
45.302434 -71.284396
45.364091 -85.054805
15.435 121.091
54.016936 -166.746095
51.950836 177.579823
58.808424 -158.790786
38.917438 -123.725367
60.108955 -152.582535
34.475131 -120.47661
37.863184 -76.782826
60.182934 -144.253978
70.30943 -161.849998
48.441979 -122.674085
26.556558 -97.31073
31.136375 -105.709491
18.924835 -155.658486
57.27159 -134.094447
41.426644 -82.361784
38.531207 -76.274057
54.055714 -165.896308
58.848538 -159.803289
56.289873 -134.237906
63.157564 -163.650294
17.967759 -67.076534
46.047867 -83.547203
29.284412 -94.934442
46.093941 -85.442293
25.162034 -80.900066
45.282324 -71.320922
20.62294 -156.225338
52.574493 -171.161377
47.912923 -122.588235
39.344414 -76.136971
41.750885 -70.182076
48.637151 -93.963375
25.750568 -171.74614
36.882898 -76.469914
52.514813 -171.291387
60.741894 -148.220978
42.031329 -83.18824
58.190934 -134.262386
55.79155 -131.551737
24.704266 -81.075855
41.140664 -72.322381
47.00561 -90.429397
48.148624 -122.567936
45.963456 -70.316936
38.362999 -76.983582
38.115873 -76.481036
37.822677 -76.701606
47.021545 -90.692398
43.650249 -83.595579
58.707958 -161.372711
56.253125 -158.253331
39.258315 -76.402355
48.714932 -122.612562
55.023993 -132.566729
48.150208 -123.116479
41.554704 -69.988215
48.134196 -90.787305
56.017753 -133.257383
20.130545 -155.568368
41.761563 -70.471552
30.068094 -84.270792
47.738271 -90.393823
60.378116 -166.123805
25.190674 -80.605275
55.035809 -159.455434
55.765556 -160.293924
48.788624 -122.971039
38.242879 -122.968569
45.153175 -85.590434
44.527922 -67.702649
55.69738 -130.901872
28.999707 -82.764055
48.599911 -122.827141
63.167104 -168.963577
45.587014 -67.499444
34.407996 -119.853771
54.995129 -130.999182
48.460838 -122.857239
58.833548 -159.766927
58.15249 -134.306483
36.482815 -75.927333
60.128394 -151.545579
48.20935 -122.442051
29.000209 -103.117238
18.156601 -65.758728
41.750543 -81.301626
59.980389 -148.188751
29.069403 -89.069611
30.684956 -88.008396
59.242024 -151.379612
46.444908 -86.710573
71.190057 -155.88418
56.256699 -132.960358
41.140845 -124.149674
45.388532 -87.364368
48.720992 -122.515511
21.331123 -158.114196
55.773857 -133.329361
32.756816 -79.84035
40.973058 -73.081582
56.54239 -157.142219
27.882602 -82.402615
60.040189 -144.216828
46.259988 -123.613544
34.692095 -120.60197
55.298528 -130.723217
19.621947 -154.947718
59.59298 -151.278827
61.103571 -146.64602
44.00331 -69.058679
45.043038 -86.138095
59.824827 -153.197352
44.430936 -68.387678
53.485349 -166.662276
45.932104 -85.926017
36.252481 -76.136637
63.314284 -170.430656
62.602917 -164.81955
46.440313 -84.493401
21.461335 -157.764572
64.400874 -161.313668
38.658083 -76.155611
26.71054 -97.363105
26.774279 -82.061401
53.308668 -167.851511
29.456303 -89.596533
51.985178 179.539223
59.820327 -149.750027
56.528155 -157.328898
56.796648 -158.868797
48.114878 -124.695088
24.737641 -81.421595
45.504933 -67.449968
41.386316 -82.460599
33.979547 -120.003815
39.365071 -74.408237
47.29419 -68.128226
70.139915 -143.617407
34.031561 -119.604287
45.014656 -72.936365
28.88766 -100.602654
29.081831 -90.520241
28.519879 -82.669416
44.999592 -74.661478
35.970891 -76.024162
48.125822 -122.365078
54.128569 -164.921307
34.355839 -119.435888
32.819921 -118.36053
43.527262 -70.321116
43.765576 -70.135513
44.983402 -74.972463
41.299098 -72.11182
66.825364 -162.572224
42.61582 -87.819674
45.316408 -85.294848
28.172181 -82.805097
56.14284 -133.548802
30.103791 -84.256439
59.827942 -149.807134
20.271548 -155.853293
55.077307 -161.791606
28.344764 -96.434108
20.542657 -156.556021
60.293602 -148.148651
55.773956 -159.364136
29.810293 -84.604736
53.26215 -168.343994
18.981837 -155.763598
60.289728 -144.942134
36.072243 -76.412984
40.449144 -74.175074
52.057519 -175.044344
55.032089 -163.909222
57.290432 -152.774155
59.91503 -148.636677
39.594384 -75.539949
45.747688 -86.518281
48.244626 -91.976903
47.234756 -122.588264
35.885618 -121.462264
71.344209 -156.62014
44.228971 -68.711792
21.6843 -158.0372
44.15838 -68.700987
29.551269 -92.402165
28.008387 -82.821408
41.911525 -80.784682
39.212002 -74.646595
31.425367 -106.132782
55.087741 -161.678171
56.326028 -158.329735
39.587984 -75.531133
59.382753 -154.062453
68.464683 -166.303464
48.102941 -122.423703
57.140457 -153.501175
36.164188 -75.904999
60.718098 -148.617879
33.956693 -119.976857
57.423137 -152.34666
60.640832 -145.999198
42.588417 -82.688061
48.517948 -122.774551
58.904081 -136.6946
58.482759 -158.704052
34.693722 -76.817453
39.460559 -75.536431
60.838023 -146.248174
64.049729 -160.93374
58.595525 -135.159062
60.449191 -165.124792
46.468868 -123.994181
44.394356 -87.517965
47.319121 -122.423535
64.506575 -161.469046
29.576387 -91.774689
45.523788 -84.122309
54.88163 -162.236806
33.168437 -117.362572
48.478092 -122.816788
45.279557 -70.831535
29.938487 -85.405052
58.336277 -136.303092
56.594503 -133.830602
60.721441 -151.760301
57.297312 -153.11628
57.000428 -135.767654
54.929816 -160.250814
45.295134 -87.068586
44.184222 -68.378872
36.523147 -121.928769
70.8855 -153.525976
29.606049 -91.821693
43.321886 -70.553854
20.831872 -156.090291
41.454158 -71.428652
57.106041 -156.456497
56.41366 -132.242
35.93362 -75.727251
57.997157 -152.871415
56.773919 -133.748129
44.631825 -67.363158
32.648047 -114.765067
61.111169 -165.590682
52.493502 -171.312658
58.774937 -161.769501
48.005603 -122.303455
47.731612 -90.437712
58.135907 -154.330013
58.742912 -161.337982
52.599985 -170.833364
31.822383 -81.050946
41.503088 -71.323125
48.323957 -92.295412
55.705135 -160.106594
38.289458 -122.997106
66.703681 -162.074634
63.42342 -171.100855
67.036173 -162.83042
17.933963 -66.147912
60.623086 -162.235218
58.249169 -154.177728
31.026847 -105.581404
29.579355 -92.030243
55.019527 -132.694977
39.361896 -76.02299
55.929523 -133.331543
57.842525 -152.892517
46.057529 -83.679657
29.113566 -95.16525
55.06026 -162.189247
56.962169 -153.917703
54.962429 -130.964732
58.757266 -136.150772
61.249107 -150.394411
58.214312 -134.242815
42.047972 -87.671894
42.789793 -124.524439
48.117069 -90.555845
45.971349 -85.770938
56.061493 -156.682343
56.093262 -132.029327
56.576411 -154.399389
25.177881 -80.654219
39.24354 -76.402317
52.107628 -173.119255
38.862616 -76.202598
56.327179 -157.795364
39.527223 -75.570362
25.840378 -97.422636
19.522377 -154.809561
54.074764 -165.810747
26.99028 -97.555378
51.93446 -176.02771
51.219862 -179.126856
59.599514 -139.770569
29.982667 -84.429865
57.407229 -135.664449
28.636344 -96.61059
43.757259 -70.046165
29.499901 -83.370288
48.08538 -123.016651
29.477005 -101.151877
51.829458 177.303314
28.387753 -96.398932
44.974233 -87.696492
55.269559 -129.996092
25.163868 -81.141024
30.144369 -89.442093
48.11321 -122.411649
47.148205 -122.635315
48.657093 -123.135742
21.318742 -157.951881
46.692739 -91.987889
48.596602 -122.694672
55.56744 -133.386475
27.597541 -80.330956
48.111013 -88.705586
43.287945 -77.111866
45.827675 -84.58905
57.213356 -153.215107
19.954172 -155.866919
26.48393 -82.094748
57.624809 -152.179531
57.810405 -152.909791
26.363338 -98.832909
21.876789 -160.124283
44.411661 -68.505562
45.620581 -86.616972
38.015148 -122.494556
58.038455 -154.72898
56.215803 -131.863354
52.125996 177.363068
44.925226 -87.398368
55.33231 -131.494146
40.419472 -73.995486
19.586328 -155.970969
29.160246 -89.070553
46.480315 -84.934432
60.663372 -147.460037
68.553888 -166.24449
29.97275 -89.218071
55.984656 -130.015364
42.644922 -86.226638
55.721315 -160.017126
54.791239 -131.957914
34.855476 -76.400242
37.81235 -76.307482
28.501833 -100.338518
58.063358 -136.559999
44.225101 -68.317588
58.924736 -136.80925
37.647056 -76.497564
30.065287 -104.698233
27.9145 -82.491117
37.472124 -75.666178
29.287113 -102.891022
37.120854 -122.338856
27.927259 -175.733627
29.792832 -102.038412
18.249918 -65.6069
45.428361 -70.755567
48.710948 -94.416191
55.593581 -130.724407
54.672263 -163.05097
29.580545 -92.021919
30.04336 -89.173401
56.276329 -132.97998
46.694675 -91.790132
58.171913 -136.239246
26.965344 -97.549526
37.319107 -76.282555
44.911806 -87.405005
24.555449 -82.147346
57.880103 -153.648798
29.185008 -103.71377
43.6918 -70.093704
45.909925 -67.759665
47.140589 -122.631987
60.434648 -151.286819
51.359433 179.399469
43.943451 -69.307776
20.919563 -156.386045
28.337039 -96.450998
70.255411 -161.779794
55.180949 -131.977397
44.526453 -67.742942
58.681698 -134.936963
21.2638 -157.7139
54.945038 -133.133469
27.59868 -97.297616
25.14547 -81.111943
55.028975 -162.219326
48.183745 -122.53722
60.329937 -162.409394
58.320569 -154.166648
41.47444 -82.165373
60.340836 -146.999496
44.079036 -69.031878
45.803546 -67.801989
58.047625 -134.967723
22.205987 -159.507811
27.151072 -99.439971
41.254061 -72.819372
57.336138 -134.559794
55.779364 -160.751236
45.349322 -87.399973
27.638573 -99.594038
56.704136 -131.862035
27.556393 -97.257832
57.119788 -152.950736
44.488929 -86.243745
58.941868 -136.861603
28.345859 -100.314198
48.171157 -91.097892
41.78333333 123.42638889
65.348485 -166.851646
64.542118 -161.081001
44.04651 -82.999283
60.760022 -165.032074
43.773615 -70.172525
49.365886 -95.15333
43.641842 -70.211062
47.280575 -69.050465
26.756836 -82.264682
61.123558 -150.228775
48.645863 -94.099898
45.932068 -83.768852
33.007639 -79.461047
55.892296 -161.014954
60.345592 -147.007812
44.070503 -82.915976
55.80662 -131.710448
59.9917 -167.124867
30.250199 -89.067128
58.211094 -151.7957
60.137824 -164.461194
58.48643 -154.065121
20.078652 -155.866931
55.357393 -162.542568
48.333183 -92.037721
35.076411 -76.463468
18.203493 -67.152665
57.792739 -133.709141
42.753632 -124.516236
53.160749 -168.788756
60.15418 -147.766484
47.585181 -122.375421
48.999992 -94.750218
60.380215 -146.095886
20.122497 -155.590923
25.16177 -80.791186
55.832155 -133.169342
27.779791 -175.818054
48.769489 -122.598033
24.747464 -81.451267
41.683425 -71.389432
29.087377 -90.799444
26.088566 -173.969421
57.930851 -152.426458
26.098802 -98.277218
54.899301 -132.484579
46.480269 -84.955307
44.976865 -87.630298
59.957859 -148.217896
39.452927 -75.505672
48.287268 -92.012066
25.791224 -80.127394
47.23108 -68.745241
48.010278 -89.67979
43.643022 -83.814674
45.286941 -70.82979
58.365444 -135.727905
-1.233985 36.810552
53.775254 -166.975635
52.093648 -172.958523
48.701066 -122.605733
29.139307 -89.062938
25.786631 -81.340406
60.162018 -144.312012
63.222308 -163.885059
56.689312 -154.017044
45.386242 -123.965728
29.34064 -89.853699
37.022548 -76.577531
51.781535 -177.995272
51.603241 -178.597534
60.362129 -152.053345
58.651742 -153.587799
44.964559 -85.938589
44.316549 -68.828377
63.749536 -171.638246
44.537155 -67.685861
46.085164 -85.44699
38.6056 -77.148651
70.985644 -155.762068
58.664989 -137.687627
22.149748 -159.297808
27.767904 -82.770023
58.119174 -152.343522
45.417975 -70.802216
53.070961 -168.763689
29.613798 -94.941336
25.893579 -81.654493
54.749464 -163.364626
58.898832 -161.782123
19.268375 -155.159635
27.816099 -97.155586
42.216701 -79.90105
38.803812 -75.093805
58.871218 -158.729581
55.319977 -133.572067
29.069242 -103.469167
44.357938 -68.044296
41.623988 -71.325877
60.841568 -146.819008
46.794511 -90.652219
51.933817 -175.730011
46.026596 -83.735573
55.09092 -130.771996
57.438961 -156.254462
48.181215 -91.065549
36.923247 -76.385867
44.477576 -67.860994
55.14407 -132.039009
55.572441 -131.945303
46.580059 -87.381649
37.297222 -75.780766
42.356382 -70.979927
59.797485 -144.601349
41.153718 -73.108352
28.057292 -96.927085
47.205582 -68.96113
59.002352 -137.264752
56.79262 -158.853294
29.468459 -101.115254
47.206087 -68.952511
47.281721 -68.588725
57.422108 -153.8958
40.967198 -73.664472
41.048809 -71.981098
56.491244 -157.96442
62.608864 -164.818359
57.66583 -133.322532
55.270424 -162.888118
48.62308 -122.69806
55.783817 -131.610629
25.976594 -97.608283
52.112952 -174.035082
52.559265 -171.15947
19.331317 -155.020537
45.623688 -85.075686
29.911112 -104.672327
44.956631 -87.374805
56.491972 -132.382379
57.401601 -152.620377
42.563634 -82.784514
58.899574 -136.619908
56.193214 -134.030964
53.4531 -166.789062
25.140913 -80.798356
52.102314 -176.173155
58.621304 -152.56771
35.839266 -75.734587
29.832273 -85.312911
56.115866 -132.069772
46.841653 -90.578263
55.853264 -131.713745
34.059794 -119.825865
55.228176 -131.726601
34.011674 -119.882531
38.259284 -76.39932
28.585962 -96.611099
30.263644 -104.751567
51.649946 178.681998
27.078517 -99.43447
71.18677 -156.044754
41.212957 -71.554067
58.42858 -135.630425
55.17526 -161.850057
65.530249 -167.841836
29.628433 -85.124913
56.39795 -131.016127
34.587507 -77.240991
46.916203 -91.005199
56.497482 -133.829941
29.795649 -89.284134
46.206461 -84.249164
48.049324 -122.74229
48.142974 -122.784076
33.901946 -78.383964
56.196648 -156.804184
57.763125 -134.97812
52.738136 173.96088
52.808563 -169.886671
46.095465 -85.393832
54.969924 -132.612531
58.576244 -135.189368
40.706985 -74.019526
58.788394 -158.538516
26.1588 -98.333316
48.609428 -122.970856
47.999885 -89.586
63.594062 -162.341892
57.469916 -135.096818
44.295248 -68.527528
27.338628 -97.483877
41.61897 -82.68015
27.884199 -82.424622
38.512344 -77.263599
55.294959 -130.859441
58.055887 -154.539367
57.759392 -134.010728
45.856448 -70.317154
58.04112 -135.565443
57.710766 -155.37861
60.557371 -148.192033
60.314301 -166.738323
60.358208 -172.72438
29.03658 -90.811473
47.243218 -68.619749
29.910092 -84.535873
43.099011 -87.876084
18.389908 -67.202167
47.164359 -122.852046
44.479445 -68.159298
19.53009 -154.814417
48.6013 -93.425483
29.517242 -83.400252
22.226263 -159.548594
21.359207 -158.13324
42.330627 -70.952805
53.600159 -166.536303
21.4301 -157.8059
31.101111 64.067222
29.964107 -84.435708
46.283675 -124.038797
42.906887 -70.810681
55.182606 -159.667343
48.480469 -123.074959
52.378249 173.606767
43.452264 -70.367364
43.143655 -79.042366
52.682029 -170.579913
39.552803 -123.766475
55.562481 -132.148383
39.47786 -76.083286
40.695802 -74.051184
47.39808 -69.04079
55.895393 -134.136647
42.677603 -70.663548
55.535742 -132.043772
46.795711 -89.848652
56.552127 -132.65091
27.682827 -97.215538
52.01497 -175.300639
30.703017 -81.432725
47.449112 -87.730804
60.468731 -146.352875
41.809422 -69.935952
54.751211 -163.344791
59.216598 -154.141192
62.588699 -165.071243
61.529171 -165.807627
64.467077 -162.615452
54.189783 -165.871973
29.524379 -94.546994
59.773338 -141.013338
58.06088 -135.544529
69.804411 -162.877165
18.488639 -66.420921
60.903331 -147.543002
36.009852 -76.547505
51.955402 -176.134308
33.963759 -119.750438
70.870067 -159.209082
47.646178 -122.904042
57.291022 -133.278836
60.816975 -147.733252
60.039833 -148.14282
46.09694 -85.5001
55.155896 -131.362319
45.938093 -85.926213
66.639596 -162.113311
40.447128 -74.166193
40.122814 -74.030181
45.113367 -71.445613
52.773579 173.861653
38.304101 -76.05022
55.48396 -132.231936
24.790414 -80.88402
56.155585 -133.052004
48.107071 -90.233797
24.752989 -81.425483
56.160927 -133.003784
57.639858 -153.663007
29.573882 -94.553988
51.839985 -178.172666
44.543661 -67.753854
48.441208 -122.866165
41.631348 -81.48864
59.914078 -149.352417
58.232136 -136.373276
51.670461 -178.109378
57.373663 -135.720478
25.573366 -81.232705
47.987305 -89.551555
57.871648 -136.474424
55.153408 -162.126369
41.687763 -83.357073
26.434263 -97.243167
38.299419 -76.375023
46.47629 -84.969464
26.4938 127.851
41.204837 -71.580228
57.883773 -155.068148
42.271222 -70.996097
20.656018 -156.443673
59.803853 -163.930798
26.422059 -82.075015
30.340092 -88.522494
34.554017 -120.622575
47.24963 -122.6073
55.286723 -129.979511
24.567942 -82.157463
57.556876 -135.443404
47.779719 -122.397043
55.930681 -155.581134
42.228673 -70.754488
37.216016 -76.471799
45.977764 -84.480436
69.596605 -163.111605
67.031883 -162.851315
55.124993 -160.175182
46.720471 -87.573203
44.276117 -68.528611
46.223808 -84.14922
70.799729 -158.3895
48.261796 -124.296924
55.55901 -132.141118
26.858797 -82.056801
56.742168 -154.129017
56.62878 -157.705382
57.742012 -152.892875
58.184607 -157.383099
41.491649 -81.768856
56.510583 -158.136487
29.347672 -89.200599
54.938499 -163.418042
30.683637 -105.020142
28.342704 -96.698122
58.30352 -136.118668
41.751982 -70.189254
62.641048 -165.003662
19.170623 -155.432519
54.087752 -165.203413
38.248913 -76.163249
48.211748 -91.815772
41.383634 -70.490758
57.229787 -135.571398
55.037224 -131.241196
62.06228 -165.743522
44.067194 -87.653483
63.198076 -162.834354
35.581314 -75.460061
51.69822 -177.570973
57.192844 -170.418919
56.447657 -133.203584
29.802491 -102.021919
38.351286 -77.28835
57.805027 -134.949436
52.106467 -176.058103
55.000938 -131.62131
64.526913 -161.362901
46.58307 -90.918266
48.01487 -89.796212
64.911985 -161.149655
43.370812 -78.473099
56.545357 -132.465958
31.783762 -107.296824
41.645394 -69.947599
48.573269 -122.885796
45.015721 -73.052438
19.875 -155.92549
38.53613 -76.281047
60.519146 -147.979019
52.397703 173.719161
45.334601 -67.442029
60.847212 -146.596575
26.192314 -97.173265
46.903053 -91.034518
18.466 -66.220148
41.054032 -124.142867
54.987841 -162.615159
55.29378 -130.871329
47.449104 -122.513329
27.884406 -99.901232
55.706435 -131.706744
30.96268 -105.502257
56.482899 -132.65274
28.859482 -95.416174
45.944849 -86.248008
28.405809 -96.775985
35.061515 -120.629931
41.671579 -70.007011
52.357598 173.644793
35.527861 -76.620719
30.342115 -88.409927
44.28009 -83.479531
60.177797 -144.558163
55.452829 -132.17861
55.856881 -160.273176
58.277535 -157.547209
61.971392 -165.741481
70.434959 -151.844375
29.774766 -94.724616
52.011111 179.571049
63.447539 -162.025552
30.252418 -88.17335
56.701633 -135.27491
44.378084 -68.47828
57.223839 -135.39711
46.98526 -90.712029
37.206043 -76.801023
21.207798 -156.982343
45.151474 -71.429981
59.60579 -153.558292
60.845637 -146.632695
55.516281 -133.720779
45.039539 -83.229767
42.352788 -70.998253
57.251324 -135.414799
42.437833 -70.933155
26.916867 -82.175241
55.983806 -131.97162
32.200971 -80.688857
58.601024 -152.549635
60.307251 -146.458328
60.358728 -151.381604
29.290107 -103.918857
58.999872 -158.487015
29.004444 -103.296614
55.308046 -130.683361
55.737357 -159.676761
70.175398 -146.713053
30.957279 -105.497964
43.235907 -87.910087
40.679651 -73.012545
60.129657 -144.253948
27.666155 -99.721519
45.837238 -87.031435
34.026087 -120.135853
44.434481 -124.073941
25.182721 -80.38835
29.093772 -90.253141
63.616696 -170.14004
42.072878 -70.238087
37.905191 -122.378709
47.519008 -90.927975
54.971152 -131.409738
27.083187 -97.386412
42.440163 -124.435105
45.440041 -85.858261
48.076072 -122.878255
58.531175 -152.372317
59.292278 -162.018982
60.090328 -142.908859
56.116337 -134.041765
43.270005 -76.958402
34.9766 -76.398466
38.126165 -76.429581
26.108342 -97.295072
70.438088 -151.118601
44.171839 -68.339029
44.47189 -68.194554
35.844623 -121.406823
20.794234 -156.515994
29.057062 -90.343293
55.500862 -160.647464
40.520963 -74.246237
55.090903 -163.188428
60.958267 -150.678438
53.521076 -167.791026
29.736632 -102.622534
56.833356 -157.472407
55.262829 -133.048921
56.068341 -134.230449
17.990273 -66.461342
25.886423 -81.512955
60.916963 -147.280437
27.889029 -97.129022
48.515568 -123.000603
36.172631 -75.917188
58.22383 -134.258995
45.96621 -83.903923
30.183051 -89.503231
38.390525 -123.085572
44.551925 -87.468093
43.941578 -69.364967
25.762859 -171.720078
47.471998 -87.816958
54.734312 -132.2631
41.736079 -124.19104
48.698175 -94.500203
44.849181 -66.99296
54.207516 -164.86557
43.77239 -69.903164
54.492254 -162.79629
55.932271 -160.860765
57.716505 -153.515205
57.077988 -153.535942
55.843266 -133.339279
45.013543 -74.813263
55.013187 -159.812012
37.096787 -76.65811
48.629944 -122.674173
47.335899 -87.94336
48.081138 -123.038727
35.153357 -120.662475
25.902039 -81.717687
40.435434 -74.207205
48.238871 -91.915772
58.194502 -153.060846
44.156768 -69.080978
44.070578 -68.584074
55.880745 -133.34404
45.131782 -67.357117
48.689056 -123.237473
48.096207 -90.338438
42.060569 -70.24354
61.136567 -165.165857
61.206351 -150.926773
38.95412 -123.738886
56.440279 -132.668127
47.154388 -122.629608
60.317398 -148.154358
29.227282 -90.073355
24.573143 -81.664209
60.242981 -146.650452
42.550678 -82.589779
55.061728 -159.983338
44.621938 -67.551133
55.297776 -131.674253
34.073056 -120.362251
46.618516 -90.265294
61.076896 -151.127357
60.567716 -148.450365
55.902095 -134.125521
47.850405 -122.681602
66.176693 -161.613943
25.475427 -81.179406
55.207506 -132.654525
37.300976 -75.784634
30.977528 -81.493651
45.666671 -70.5584
44.329397 -68.409867
57.276046 -152.707768
26.299027 -98.729196
48.133931 -122.512031
46.089615 -83.581314
54.183246 -165.797147
43.934592 -76.136663
47.208353 -122.838298
51.898605 -177.04509
57.282624 -152.97091
55.136939 -162.579765
42.66691 23.31253
28.057613 -82.818288
51.795261 -178.870118
48.775896 -94.687951
44.319563 -68.478785
43.673139 -70.192574
25.144511 -80.650326
29.939228 -89.829023
64.405608 -162.806612
29.110268 -90.234235
37.225258 -122.408982
43.52919 -70.361214
56.470919 -133.868625
26.331753 -97.336802
38.23889 -75.946414
70.835335 -154.577386
43.78838 -70.096039
39.342818 -75.490377
54.996126 -162.688131
29.639427 -91.646478
25.261601 -80.336159
51.975388 -175.948715
39.264327 -123.787893
29.168492 -100.772649
55.221321 -161.552597
57.589003 -135.52761
53.998123 -166.172363
49.363554 -95.102818
45.669427 -84.413642
58.724855 -137.795037
59.020035 -135.349335
29.549472 -94.779439
45.332401 -70.967188
69.40135 -163.104387
51.311648 -178.990684
29.641437 -94.949962
26.417249 -97.395072
45.272322 -71.116332
29.293371 -89.904175
57.513042 -134.607557
44.186338 -68.825067
46.358923 -70.148529
43.756088 -82.619079
24.90498 -80.660198
43.705962 -70.100683
55.771099 -159.342255
29.746534 -101.415584
39.143402 -76.260894
55.640543 -130.117456
47.743911 -122.515193
44.931018 -85.3958
55.527361 -160.465186
30.210987 -88.976811
57.542769 -153.87595
45.818807 -67.765534
36.066585 -76.722996
45.006369 -72.052169
43.628691 -83.770693
49.305655 -95.153333
43.750574 -70.153344
44.890924 -85.553509
45.743141 -85.651863
18.105668 -65.383203
22.604444444 120.300555555
25.656927 -81.268924
56.489441 -132.595032
46.887963 -90.751031
58.410297 -134.955902
28.267969 -100.280518
51.881376 -175.953251
45.976292 -85.825819
18.223309 -65.615033
45.941816 -84.73937
56.062016 -132.48848
40.701794 -74.0168
48.18594 -122.588138
47.825123 -122.648108
34.037479 -118.67543
45.003893 -74.768749
43.977267 -69.416165
42.564834 -82.782414
58.066845 -134.169743
18.444347 -66.006523
55.042927 -162.300378
57.219122 -170.311707
41.647309 -71.278171
25.161118 -80.782062
41.611361 -70.379151
43.86682 -76.219313
41.529684 -82.875229
40.637074 -74.038336
56.165189 -134.136065
57.91402 -152.805421
35.22298 -75.694437
55.139095 -132.741974
48.000284 -89.830385
48.153661 -91.70726
45.47805 -67.499767
28.15179 -82.799024
26.06764 -97.161462
28.500769 -82.670146
35.433649 -76.891938
50.060077 19.93888
29.272556 -90.472779
46.041978 -123.92933
57.474409 -156.210883
58.914467 -151.955551
34.018837 -120.317052
55.219487 -159.570977
42.180752 -124.361009
59.299359 -151.0461
48.018204 -89.791853
48.999262 -110.171595
24.757811 -81.327049
29.443748 -89.972934
25.235876 -80.432621
56.757242 -132.556758
43.983137 -83.195688
55.114247 -132.550502
52.305557 -174.451554
59.230549 -150.988397
43.940779 -76.139069
38.905977 -76.336104
43.093164 -70.656223
55.865059 -132.309306
56.162835 -134.227942
45.284655 -71.318397
37.848154 -122.302852
57.138149 -135.405293
44.486927 -124.084429
6.91312 79.84836
44.949814 -85.807403
55.085282 -159.644938
55.148613 -133.065582
29.365 -89.347615
38.231006 -75.885676
45.184908 -71.414853
55.816498 -133.229828
29.771334 -101.582562
45.407324 -86.805415
36.517757 -121.953884
44.475038 -68.117746
44.857771 -87.854681
47.181353 -68.89877
42.675419 -87.803074
46.849696 -90.570006
38.253648 -76.805224
46.786714 -88.438427
-26.44235 31.18888
57.443691 -156.099067
20.940358 -156.510391
63.506735 -161.13423
57.002332 -156.676162
46.47187 -84.616489
34.638141 -76.519041
45.96862 -85.882442
29.595203 -91.784973
39.312462 -76.186024
42.340252 -70.898155
40.624847 -74.042412
58.494414 -153.934852
35.643138 -121.188897
36.188318 -76.018936
60.18839 -148.133624
56.523916 -133.089215
54.050472 -165.493744
55.633967 -132.197869
60.1525 -144.430984
55.070263 -161.606354
57.060399 -153.396921
44.455531 -67.569189
47.905882 -122.527593
48.057568 -122.377114
60.428032 -146.123596
28.404275 -96.374138
59.268552 -151.429415
70.890131 -153.426265
48.102099 -90.480294
46.047622 -85.19063
47.325162 -124.286369
42.591848 -82.548169
60.630417 -173.041336
29.633739 -91.863014
29.278304 -103.838303
28.112417 -96.827049
60.92106 -164.945958
38.435821 -77.259962
39.269871 -76.203031
47.588963 -122.493933
63.217461 -163.755283
60.923683 -147.724392
29.311768 -89.850305
60.356101 -152.352294
51.685404 -176.70266
27.841169 -97.392186
44.274612 -68.41965
58.297118 -134.131456
56.42423 -154.704129
44.160978 -68.818423
30.333196 -89.287844
41.15949 -72.238211
42.610933 -82.811017
21.435833 -157.789276
44.746134 -83.2973
55.097764 -132.541802
48.366228 -124.572864
56.207919 -133.675975
40.955197 -73.399762
57.888741 -153.268149
43.799915 -83.426068
58.207323 -136.658638
28.392273 -178.339813
44.036054 -76.124502
44.432647 -68.480379
70.076804 -145.579972
55.015106 -161.910278
55.164822 -131.352654
41.632927 -70.274522
53.128891 -168.37315
52.000426 -176.180356
48.25183 -122.406516
61.03109 -147.534034
29.817101 -88.846497
65.337184 -166.796001
29.291085 -89.140275
55.280915 -131.550916
43.298443 -76.854976
26.216439 -98.483269
58.904072 -160.21814
29.626195 -91.625114
60.285717 -152.444165
24.754101 -80.991413
28.019795 -82.828625
38.389477 -76.393378
39.179802 -74.67143
29.107356 -103.033303
18.451706 -66.159796
29.472168 -89.876224
51.922254 177.601005
55.901826 -159.482226
70.074528 -145.505682
47.062592 -90.584732
45.719873 -86.982413
59.845612 -164.133393
-25.7463 28.224
37.590865 -122.317676
46.872812 -88.372591
45.736065 -84.50042
20.876926 -156.173103
59.421033 -151.886513
57.727582 -134.116097
57.491968 -134.050019
63.376642 -171.287157
27.089309 -97.451199
58.959238 -134.30639
58.669842 -161.065155
58.62109 -158.101646
59.532056 -150.638704
45.704922 -86.585847
26.085507 -98.264514
35.538305 -75.916403
44.906417 -83.398879
43.561118 -70.231963
51.904469 177.348816
45.50164 -86.756325
48.737328 -122.495301
39.372257 -76.110527
29.456222 -104.213948
35.002963 -120.63999
46.17945 -123.912405
45.166394 -87.585651
48.236237 -122.430578
19.316636 -155.061729
55.077358 -159.524444
48.256611 -122.499648
35.009633 -76.293682
55.808801 -130.949734
60.520107 -151.27881
55.184204 -161.325119
24.669202 -81.244761
46.941305 -90.908598
57.457872 -134.544853
63.293022 -168.686675
34.986901 -76.329557
41.761291 -81.248672
42.467996 -70.917693
31.333395 -108.208573
56.601741 -169.473138
56.160382 -134.024356
27.317254 -97.420263
41.595506 -70.910814
44.99969 -74.683973
64.513865 -161.321343
31.290014 -105.890872
30.069088 -89.712942
59.361771 -161.956528
44.213432 -68.580931
56.144564 -134.166141
48.633377 -123.118553
52.040212 -176.201935
68.333089 -166.85064
46.741624 -124.092176
42.99202 -70.617249
26.284186 -98.709171
57.215655 -132.252187
30.043798 -88.86972
43.271303 -77.628315
43.941955 -69.45107
55.408016 -133.409073
28.401325 -82.706322
41.339332 -70.031332
38.290983 -76.160474
68.340911 -166.680842
54.179221 -165.412925
55.155695 -132.591084
58.447115 -136.083551
48.608269 -92.949839
48.541202 -93.500153
54.210938 -165.496279
35.436091 -76.551634
47.319763 -122.822344
29.703316 -89.44812
28.123873 -96.934765
70.186044 -146.508133
58.134577 -136.303678
43.34356 -77.816533
47.831745 -122.506122
59.998834 -141.869766
60.646714 -152.058104
60.733572 -151.370515
34.007592 -120.238657
56.760839 -157.517478
29.142521 -90.280516
47.585685 -122.967284
60.742844 -148.107727
45.756255 -70.396133
44.928175 -124.025136
42.968601 -70.627045
48.997399 -121.751252
52.856156 173.22907
43.395777 -70.421282
36.582754 -121.970427
45.190711 -87.147709
29.61224 -91.93502
37.289067 -76.023475
39.31184 -76.36439
-8.54626 125.55027
63.572107 -170.907197
55.122405 -159.650927
24.556639 -82.106308
56.199381 -158.25247
61.074541 -147.949965
38.14651 -76.738938
64.980446 -168.07486
25.211252 -80.53464
48.786523 -122.659708
49.000905 -114.250971
59.431999 -150.692293
55.963759 -158.751215
41.576371 -82.859531
59.886726 -153.002521
59.869344 -149.286746
54.776862 -130.806815
36.608959 -121.959695
59.268242 -135.373148
26.024233 -97.671351
34.415796 -119.835771
29.089204 -95.12514
40.991509 -72.10216
56.5336 -157.150309
55.234993 -159.503196
30.150648 -89.587062
55.907669 -155.676747
41.60668 -83.086036
55.194991 -131.830718
18.211717 -65.61136
29.50395 -101.171663
35.655212 -75.742167
55.388978 -160.572716
29.844445 -104.619039
25.971132 -97.145567
27.249546 -80.19309
58.963414 -136.559836
18.000018 -66.76328
37.094544 -76.274463
29.505013 -94.958443
47.189333 -68.916869
60.840878 -149.034523
55.930682 -155.606876
45.747654 -86.633138
60.121804 -162.492346
55.749099 -131.719308
40.622532 -73.30974
46.358472 -70.174709
57.137937 -133.23488
46.971864 -123.921617
56.05614 -132.621793
37.852711 -75.381376
43.969021 -83.26185
60.913679 -150.070289
66.035085 -162.413452
39.476658 -75.99657
32.336884 -80.456814
65.73894 -168.93122
17.968468 -67.014744
18.39147 -67.482204
70.632834 -160.056727
45.659293 -86.627938
46.961054 -123.876136
57.254176 -135.579132
29.338066 -94.73132
35.8703 128.591
26.044729 -97.172043
29.274128 -90.367166
29.572319 -104.399591
52.921327 172.585075
58.354108 -154.139223
55.117683 -132.693787
42.196381 -124.376215
31.133214 -81.38683
54.179916 -164.817978
57.435095 -133.490002
29.254029 -102.903189
57.088844 -153.858891
29.404173 -89.819199
56.008081 -131.175187
53.630533 -166.532639
52.745887 -170.055363
27.812671 -82.402857
64.469726 -165.214182
44.18107 -68.618872
58.593451 -152.50282
64.920534 -161.145725
31.014641 -81.43471
59.989745 -149.388349
53.483566 -166.752834
47.435831 -69.108215
55.701766 -132.224167
37.731271 -76.61997
58.527333 -157.397197
55.732293 -132.260119
29.799635 -89.277298
53.934204 -168.050339
69.662658 -141.428856
56.556209 -154.041572
56.00724 -156.696625
29.604174 -101.251353
30.230024 -88.313323
48.661375 -94.254577
59.613542 -139.582528
55.870995 -160.734182
29.617238 -84.968314
44.370388 -124.092101
21.008994 -156.652419
36.609259 -121.890164
33.268517 -117.445583
56.161635 -134.180057
48.684978 -123.014449
53.540507 -167.105816
57.824314 -152.433653
29.353692 -104.091022
19.923135 -155.894099
20.104296 -155.468211
39.444627 -75.976747
57.41404 -133.887026
29.535145 -91.747055
51.871931 179.639077
27.101021 -97.377001
54.835159 -132.736282
35.180359 -75.769705
44.019623 -69.125738
28.509679 -96.21505
41.243697 -72.895445
59.587858 -153.555148
43.858733 -70.019197
47.059192 -91.613173
47.931156 -122.657722
27.38972 -82.642821
61.076197 -149.831922
60.055893 -147.813385
44.911012 -86.058862
57.495201 -135.308458
56.803053 -133.680163
29.069237 -90.652348
60.80347 -148.375416
43.375628 -78.104509
70.978218 -155.182779
28.768009 -82.696906
57.985626 -153.299009
55.506654 -160.462745
41.482985 -71.327822
45.247491 -71.167446
45.161516 -83.348684
57.30397 -133.455936
44.045486 -76.321297
47.987089 -122.501257
55.698472 -160.064715
55.220163 -130.065963
45.245423 -71.131953
29.881409 -89.598129
44.10758 -68.331032
37.967607 -75.685995
67.416125 -163.878781
46.804356 -90.728546
30.493029 -88.102988
38.802857 -123.58638
57.549732 -155.732779
27.297915 -97.482859
41.310092 -70.260632
35.078362 -120.629583
58.033147 -154.643965
57.517103 -152.29147
57.249857 -134.148767
40.892599 -73.641072
24.999472 -167.99939
37.429915 -75.672648
52.939489 173.211752
47.716519 -122.37644
29.624195 -89.657677
47.283833 -122.674342
36.189764 -76.268741
44.720224 -75.477642
51.592568 -176.954147
60.015425 -139.576819
40.831075 -73.815205
51.665193 -178.041404
60.377716 -147.119644
36.414809 -121.917463
54.875539 -164.56405
37.587265 -122.315385
43.854336 -76.295628
55.486538 -133.780273
48.284699 -124.380874
44.911838 -75.133977
35.770994 -75.739357
56.101381 -134.109787
34.144905 -119.211241
35.068832 -76.013561
29.746616 -89.572922
19.554745 -155.965211
59.530329 -151.436359
57.041206 -133.004971
48.622643 -123.105301
47.412204 -88.303447
43.747089 -69.778494
56.088745 -134.021028
28.132831 -96.9712
44.1478 -68.479934
37.691907 -123.011464
46.010774 -85.01399
55.821407 -132.072747
56.480803 -133.88108
66.934775 -161.566678
21.163911 -156.719386
37.085669 -75.975536
37.101747 -122.284882
45.726547 -84.434387
56.730314 -157.551196
41.738779 -70.375341
54.950273 -162.913684
52.546664 -170.777143
25.148082 -80.765767
57.941117 -153.533204
32.550758 -116.928055
29.031497 -100.660208
40.584404 -73.754776
42.548592 -82.604686
29.321362 -91.159183
57.62573 -136.187897
45.059198 -87.504281
55.140285 -133.056061
37.822128 -122.505383
48.628548 -93.840754
44.428695 -67.851764
41.587321 -70.853121
45.690998 -85.5028
55.500221 -133.767776
47.118772 -67.889155
57.157424 -153.80629
55.016678 -163.189447
45.044672 -71.499527
41.469888 -71.421157
60.807566 -148.488437
41.413945 -82.398086
55.160724 -161.888936
44.863152 -85.569756
26.602944 -82.214337
46.315013 -84.119629
40.965314 -72.774104
29.842336 -83.618568
55.243793 -133.21727
57.159356 -133.466932
51.484268 -178.283432
57.829808 -134.061833
29.216713 -90.494928
29.293913 -103.924976
44.032046 -68.818441
34.451512 -120.441975
60.912379 -147.493812
55.076958 -159.823441
29.779135 -89.337662
55.378684 -131.293043
41.800786 -70.008462
55.38878 -160.649234
46.637351 -90.920835
45.083556 -71.480769
38.628598 -76.23665
55.954485 -161.450442
44.332366 -83.352115
60.090634 -141.275814
56.618393 -133.106316
44.458572 -67.592755
57.780537 -135.02337
47.342567 -122.457497
59.019877 -138.192033
60.113476 -144.324387
29.827984 -83.595493
20.624032 -156.144588
42.883555 -86.214138
29.114504 -82.798876
43.999003 -69.162559
54.964185 -162.55368
46.65841 -90.915152
61.064076 -146.690552
38.636417 -77.157501
53.50664 -166.735039
38.851572 -76.264221
43.844449 -69.568325
59.211185 -151.467046
44.470211 -68.17105
55.266993 -133.057844
29.305827 -94.922069
29.849295 -85.336654
53.953744 -166.621979
47.433052 -69.061192
20.725469 -156.451038
44.900237 -75.142958
64.336023 -162.805385
39.024818 -76.208502
20.062506 -155.850385
55.538887 -133.58754
66.21717 -163.955901
44.561974 -67.489258
63.022118 -169.572777
48.179661 -90.810628
48.260061 -122.752563
59.206632 -151.190948
26.922759 -99.337297
59.975945 -148.028488
55.059841 -161.96167
52.033247 178.179962
28.544814 -82.656694
39.430351 -75.55589
42.594765 -86.225613
45.979144 -84.686269
56.356426 -133.069441
28.198266 -96.945026
39.351845 -75.491797
28.282144 -96.806011
42.310249 -70.977219
46.277943 -123.68008
29.830151 -85.405011
39.143627 -74.885914
51.575638 -178.828812
41.385391 -70.501306
55.665993 -159.695272
57.068239 -153.220953
56.30064 -133.935059
44.861454 -85.583755
66.557992 -163.606644
36.183577 -76.456061
48.746002 -122.846619
45.798132 -86.351658
34.045529 -119.892821
34.15 132.183
29.22773 -100.795681
46.175888 -84.251424
37.788646 -76.306489
54.521253 -164.936122
70.418208 -151.186516
27.827301 -97.132394
57.372442 -153.773191
59.149319 -151.793503
57.279905 -152.787994
48.552448 -122.86438
70.034374 -144.344073
28.322505 -96.528906
55.304914 -131.630828
48.660347 -122.883293
47.26991 -68.080175
30.25432 -89.419348
48.016106 -122.70184
58.369649 -136.288867
30.275659 -87.544533
57.464604 -134.022656
56.845303 -154.067425
39.38808 -76.039932
53.909727 -166.443699
41.376399 -70.038458
47.178107 -122.590829
29.313272 -91.192019
18.339392 -65.265558
18.476906 -66.258015
42.546244 -82.664335
37.297176 -75.778817
48.683903 -123.237823
19.337101 -155.887356
58.664131 -160.24472
26.565415 -97.275119
36.275383 -76.684925
39.249008 -76.347603
56.550727 -133.664509
40.103115 -74.03408
52.717359 -170.170646
57.032789 -156.749449
68.855387 -165.666566
45.782371 -123.969459
58.754514 -157.550603
45.284576 -71.110743
46.705039 -92.007989
26.929034 -99.367054
43.177553 -70.606994
58.377819 -135.700302
54.933311 -132.764832
44.345324 -86.26871
41.550772 -70.016584
56.920087 -156.935629
59.952984 -147.739502
55.048083 -132.560237
43.918089 -86.447915
45.770431 -85.049129
19.870221 -155.926938
48.761127 -122.891296
45.408147 -86.818073
27.936399 -82.720122
30.085452 -84.177405
30.776645 -105.183436
47.22135 -68.769721
25.088751 -80.450399
18.380459 -65.742154
34.052997 -119.818742
55.077827 -132.906754
48.781538 -122.645743
64.807715 -166.430516
52.935856 -168.899512
55.191295 -131.711729
42.568434 -82.789114
17.933936 -66.189726
27.83161 -97.229996
46.952541 -90.675743
45.436897 -87.33324
22.217669 -159.353795
30.400626 -81.397422
41.474561 -71.380947
47.034039 -90.652542
59.475781 -150.31158
19.604856 -154.947106
56.512047 -132.606934
29.421677 -89.843553
41.674931 -82.805137
55.136724 -130.815421
30.254244 -87.78775
31.695774 -81.131137
24.563778 -82.114037
40.67963 -124.289119
54.187531 -164.833206
35.061123 -76.61391
45.606796 -86.616893
44.29485 -76.118136
56.758912 -133.925648
45.002394 -86.154824
61.01125 -165.133937
64.418814 -161.470182
29.10462 -82.809483
57.565094 -133.578948
29.115228 -100.692327
36.229162 -76.054308
60.001033 -149.325822
45.901997 -67.768709
60.455395 -145.9469
61.106902 -148.169827
32.610236 -80.037276
46.985298 -89.086742
44.968632 -87.189407
47.33941 -68.202346
29.751025 -91.878355
45.313867 -70.921435
39.637912 -75.550645
41.645033 -70.773654
44.013712 -82.788298
58.670532 -153.577544
59.621312 -153.342938
68.42624 -166.362135
48.532453 -93.532087
64.58828 -163.311983
27.029212 -97.473953
28.554143 -82.66165
47.474973 -88.048077
29.713947 -101.396948
34.470372 -120.183505
41.573274 -71.288376
45.233839 -71.418556
41.742981 -70.216073
42.627148 -82.689836
30.029818 -89.393555
60.322993 -166.662112
48.63432 -93.914357
20.849603 -157.006243
55.877769 -133.519531
55.79997 -160.894777
29.399352 -104.166563
36.42265 -75.834975
43.277363 -77.264177
27.816703 -82.586519
38.399083 -77.051437
45.493762 -67.488001
39.212083 -123.774998
57.466031 -133.883246
58.904927 -137.013114
35.049061 -76.432565
60.118236 -149.371217
48.009522 -89.70709
57.704764 -155.634543
30.386896 -86.529067
52.336823 175.90277
57.192844 -156.355756
33.155569 -79.215453
55.41638 -161.688357
57.364217 -133.468267
46.889748 -88.31029
41.688303 -71.443082
55.026512 -159.81012
27.13758 -99.431355
25.754029 -81.346767
53.315599 -167.852333
32.664915 -79.915682
48.435261 -122.870926
41.558502 -70.476256
43.892315 -76.42263
57.613517 -153.852502
54.778456 -130.636745
61.249669 -147.715826
44.669361 -124.060043
30.5704 -104.899001
34.013331 -120.050382
20.512017 -156.647464
48.999541 -104.543636
60.810461 -151.77731
29.800163 -102.377254
38.353211 -76.010217
34.077508 -119.912857
62.663593 -164.898071
41.514353 -82.934369
55.861744 -131.712952
59.826747 -153.003964
46.52832 -84.153027
48.69009 -123.228539
46.998943 -90.565102
57.321534 -158.229883
56.056419 -133.295454
45.221293 -71.417233
56.324459 -133.643182
34.05011 -119.57341
49.7173 11.9064
61.140214 -147.913797
55.266285 -131.459534
44.230772 -68.605906
54.923203 -132.818375
45.848107 -84.720836
37.859227 -122.584289
60.531913 -148.328167
32.179034 -113.78168
51.752681 -177.946649
32.642666 -114.764382
44.707454 -67.308538
42.991689 -70.749969
45.667791 -67.754245
41.474609 -70.787769
70.119286 -143.265892
27.29024 -99.487513
37.842263 -76.72718
46.251217 -123.919581
30.060959 -89.444618
57.247213 -135.429229
54.165638 -165.601294
51.606094 -178.615616
21.317984 -157.989424
57.539249 -155.945812
24.897243 -80.695724
46.494014 -87.12744
45.860195 -86.78208
28.530193 -82.663705
56.131053 -133.59502
37.039172 -76.653998
40.502303 -74.254588
30.385608 -88.374671
57.141409 -153.492609
41.747035 -124.203843
55.033655 -131.649863
45.639505 -85.061488
43.727559 -70.005205
59.723824 -149.612162
58.080869 -135.084832
44.171913 -124.117006
21.712704 -157.968628
38.347025 -77.286202
57.783452 -152.310927
61.010004 -151.349004
9.74346 118.76
46.807417 -91.352191
38.63684 -76.147158
63.71896 -171.754336
56.225424 -134.087317
30.585893 -87.914956
54.816124 -132.638123
56.371054 -132.199269
44.056518 -76.212066
44.15766 -68.643002
12.13134 -86.30941
70.203398 -147.585678
58.227816 -134.48665
31.911768 -80.954469
30.254292 -87.817743
48.546668 -93.465392
60.73523 -146.655538
43.671973 -70.247321
17.970722 -67.024522
47.00013 -90.624588
52.125786 177.36879
61.632315 -166.139409
28.974002 -103.165923
29.208698 -90.070622
52.342357 -172.302393
43.061285 -82.457221
20.758577 -155.986851
27.930926 -82.830819
70.09497 -143.357961
42.045848 -70.218701
40.447344 -74.152686
20.780821 -156.525215
55.178051 -159.816419
41.2656 -72.521312
43.801047 -69.717804
32.608806 -114.809042
27.523115 -82.65072
42.711064 -70.772267
46.448661 -84.843907
35.957202 -76.014159
26.843213 -99.268613
25.972745 -97.607734
40.029773 -124.079983
64.403808 -163.11945
38.312261 -76.008647
29.588873 -92.037977
57.27485 -158.355066
30.062661 -89.727453
20.613842 -156.442884
44.274641 -124.115953
45.201217 -123.968187
28.01116 -82.792635
70.402746 -148.789577
47.367602 -124.324091
41.261253 -72.51866
60.286283 -166.814979
47.256231 -122.59106
66.323675 -161.904318
45.489733 -123.976544
60.779964 -148.467497
36.18088 -75.936436
61.085487 -146.607949
26.080352 -97.24698
48.632748 -122.990372
26.980034 -99.378435
52.18133 -174.404588
63.444843 -161.930714
55.615721 -132.198652
26.294518 -81.833142
60.718098 -148.099152
24.642764 -81.614829
52.046298 -173.424178
60.662895 -148.190521
25.298595 -81.159293
56.958928 -153.934781
59.653543 -151.441127
29.072084 -90.637623
25.174029 -80.645822
48.003853 -89.649057
58.2369 -135.227736
38.724518 -76.23704
24.741631 -81.337517
25.937857 -97.582565
39.453115 -76.012312
41.299398 -72.134221
39.301712 -75.30601
45.968391 -84.579674
57.255186 -135.568954
48.112491 -90.616154
41.619266 -70.913202
41.514371 -71.200788
60.616854 -146.005755
29.248804 -103.78166
48.49243 -122.483501
54.994234 -132.57783
51.72147 -177.536977
48.999566 -101.225187
38.280743 -76.802347
47.750892 -90.330254
58.255239 -134.062928
25.168708 -80.649251
29.777519 -93.226934
48.605605 -93.414026
42.705358 -78.991159
34.693151 -76.676312
48.229635 -92.377903
58.964489 -160.641785
58.328838 -136.357115
46.679939 -91.942988
31.141438 -105.717006
60.715045 -145.905477
60.16582 -152.688392
55.159321 -132.769928
46.204097 -123.950148
39.27769 -75.244056
33.985553 -120.025653
47.083518 -67.820828
38.000831 -122.980147
60.762295 -148.202698
28.671459 -96.304227
61.03647 -148.317353
46.813733 -87.641887
60.318269 -148.215848
66.945666 -162.462718
55.573355 -130.753555
30.185352 -89.44791
56.775455 -132.519457
44.840481 -87.866237
41.909635 -80.800794
55.099214 -163.165036
29.788846 -84.762998
33.734117 -118.101097
55.320296 -162.704747
45.14637 -87.028847
56.004062 -160.568356
45.352006 -86.956198
44.630398 -88.009463
44.01571 -83.046577
42.920926 -70.798153
59.205235 -151.761451
38.410646 -77.123325
47.40213 -122.42733
58.190575 -135.073269
18.300126 -65.30169
56.985261 -132.943927
41.337959 -71.936284
29.426265 -104.181273
44.582794 -67.511269
37.790724 -122.385323
36.086458 -76.355069
25.133958 -80.971765
26.117757 -97.283112
59.810807 -153.257736
42.660336 -70.595474
57.529051 -153.925905
52.92716 172.461667
55.912446 -133.943499
56.360989 -133.894358
57.293314 -153.039134
56.275734 -132.967484
66.229437 -161.035866
18.470991 -66.449184
30.245523 -88.771991
39.394237 -76.040962
45.729523 -84.481384
45.958883 -86.220546
34.709721 -120.601672
38.459862 -76.320843
57.054845 -132.984307
48.076866 -122.890313
24.727341 -81.03429
58.611603 -153.677597
27.734074 -97.1612
48.428662 -92.482082
35.115165 -75.989175
29.224967 -89.121949
56.839421 -133.689996
64.524986 -163.4129
39.139644 -123.735936
41.609479 -70.929722
45.087073 -85.984095
38.977316 -123.711149
58.195121 -134.559241
21.302 -157.6537
57.301171 -135.63029
34.692509 -76.693751
34.738072 -120.62632
54.710109 -132.018657
48.63122 -93.927004
44.567583 -75.696586
38.907613 -76.46938
42.933257 -78.909159
48.472187 -122.469634
39.052788 -76.438928
46.568703 -85.031507
30.672583 -105.00124
41.654788 -71.303746
29.673085 -93.866981
39.20985 -75.026376
40.100541 -74.031318
45.029608 -67.082074
34.057155 -119.763688
33.763072 -118.180831
29.639624 -104.507568
45.2983 -86.896928
29.261443 -90.091119
18.011149 -67.174299
55.299717 -130.846354
60.666784 -145.86777
48.706644 -122.668947
26.977717 -99.376593
59.418035 -153.823384
56.341754 -132.340678
48.22683 -122.453618
43.985158 -83.763774
41.280579 -71.935259
35.920746 -76.014353
41.299047 -72.225276
56.490818 -133.839462
59.202776 -135.328396
60.005925 -141.40145
55.874724 -133.223829
55.828205 -159.134766
19.046565 -155.557371
65.360642 -166.899681
55.281864 -133.315414
54.718714 -132.307943
56.54298 -132.473679
47.658919 -122.429841
57.211444 -153.077916
56.457998 -134.990763
59.113152 -151.723083
42.582234 -70.654727
45.532536 -86.6595
57.934428 -153.069857
29.363417 -83.189581
41.455043 -71.390275
61.468104 -149.479006
37.830648 -122.377879
59.012245 -158.179588
44.60326 -67.447464
44.247066 -68.389848
55.356548 -160.468475
59.953101 -148.471067
47.377822 -122.639126
60.788729 -151.751817
40.700678 -74.040018
47.450521 -122.383136
40.548698 -124.363545
47.181217 -122.681656
30.550879 -87.901711
46.192571 -84.245233
56.503183 -134.663839
40.34801 -73.971381
37.566321 -122.251898
66.007711 -166.956089
21.712494 -157.98703
46.979965 -90.795906
29.55427 -91.711655
68.88303 -164.967542
58.900131 -136.928643
45.759892 -84.938312
47.242361 -88.584912
55.814544 -160.315655
48.998735 -95.355819
41.694003 -82.782719
35.600455 -121.133556
42.585361 -70.668115
57.226063 -134.575285
48.580101 -122.791031
47.943177 -124.651966
58.309907 -134.674628
56.809495 -133.772302
55.105197 -130.868364
60.693829 -147.473358
29.477976 -104.220569
58.781607 -136.463258
43.464111 -82.55354
62.172616 -165.620746
55.920982 -133.638122
29.231903 -90.019772
34.469731 -120.299169
47.063425 -91.600969
29.546043 -94.479899
49.294283 -94.82516
58.914395 -136.704848
46.246444 -70.255492
55.084571 -160.142286
57.853901 -136.458829
32.565152 -114.810782
58.875029 -135.145166
45.084199 -71.471382
56.686455 -154.136963
64.567299 -163.651943
39.40631 -76.158774
52.448716 -171.299348
57.388446 -133.472454
27.824376 -99.87784
24.892579 -80.661667
58.877742 -136.065077
48.536259 -122.590194
47.292268 -68.375615
37.192146 -76.61934
37.062947 -76.526273
43.786685 -69.719723
57.613826 -135.546143
45.961856 -70.31297
29.266124 -89.951175
47.263044 -69.048083
37.873341 -75.685293
55.994452 -158.431471
58.575073 -136.089828
54.631681 -163.966307
57.945429 -152.999585
18.311274 -65.230025
52.997068 -169.666078
45.355471 -67.427797
52.698082 -170.671545
42.926866 -82.455027
38.938667 -76.250157
41.496648 -81.794157
65.763817 -168.947278
30.313064 -87.350486
36.281242 -76.188717
41.766034 -87.560646
52.100443 -173.238295
46.624485 -90.237609
39.385024 -76.002515
35.53437 -75.94563
43.821421 -70.053011
21.82245 -160.189782
25.732509 -80.229107
18.141089 -65.302295
45.746171 -84.806642
52.180711 -174.465189
48.751128 -122.490401
42.499884 -79.31774
41.274114 -72.018926
63.744938 -171.727986
44.917825 -75.119757
37.956009 -122.399832
54.877357 -132.843094
47.069871 -67.794446
45.88511 -86.593184
57.828454 -155.303044
70.14761 -146.991109
48.425148 -122.806084
58.815429 -158.56587
41.889721 -83.335961
48.009954 -89.657051
57.857383 -135.518882
65.738454 -168.903439
41.72281 -82.82572
52.325275 -173.989415
39.605216 -75.561934
67.16323 -163.736901
58.144901 -154.42657
47.355461 -87.947397
41.493942 -71.136867
30.46323 -104.868711
40.447647 -74.153611
24.892579 -80.657199
71.261273 -156.356736
45.941841 -83.835503
47.304976 -91.238658
59.198017 -135.31983
51.730875 -177.417678
39.193657 -123.765891
42.011578 -80.409776
20.508285 -156.642347
28.392807 -178.320648
54.929249 -162.435473
43.722895 -87.708185
43.817903 -76.246822
42.332439 -82.988619
58.427909 -133.379908
35.508471 -75.489618
38.34972 -75.889385
30.20254 -88.465713
45.959046 -84.017565
57.952572 -133.708864
59.634727 -149.784286
46.703353 -123.973663
57.32196 -153.079288
38.944633 -75.311542
27.730718 -99.788845
70.304453 -148.351437
35.513955 -77.016265
60.779701 -148.395962
46.918289 -90.543852
55.592431 -131.654172
32.246182 -80.685096
46.736106 -123.968564
29.099351 -103.040442
54.970749 -132.946609
55.327076 -133.419525
34.139005 -119.18864
54.95037 -160.183213
55.81863 -133.323669
58.52287 -152.38761
44.296327 -68.979005
29.754302 -102.576353
44.27471 -68.603385
48.445374 -122.922081
41.839381 -70.535487
47.002096 -88.972802
28.220069 -82.76446
18.315998 -65.330188
27.523514 -82.708121
38.241423 -75.888513
55.784412 -131.508907
45.846621 -84.722764
24.729733 -81.301346
60.317691 -166.012169
54.045712 -165.568939
43.003983 -70.597649
53.704855 -166.825408
27.232775 -97.561231
48.998798 -102.151847
41.448902 -71.337695
19.672154 -156.027427
57.968751 -153.513347
28.641364 -100.462866
59.254428 -151.925051
41.438479 -71.448948
46.722783 -124.042111
44.966727 -85.5221
46.709129 -91.74965
45.057462 -87.49254
29.172676 -102.998096
43.005829 -70.605476
43.374425 -78.482526
55.541111 -131.802765
33.533365 -79.028516
41.49605 -81.782258
37.859446 -75.36683
66.904144 -162.271769
47.32542 -68.15515
46.906724 -90.637124
25.206942 -80.488035
41.673255 -81.442645
47.914732 -122.431035
44.958402 -75.005155
24.73539 -81.440831
58.174914 -135.504671
32.108589 -80.82153
59.296349 -135.42756
44.286486 -124.1152
55.788977 -131.700951
34.032245 -120.415225
46.09798 -83.774239
35.383741 -76.059726
56.3912 -132.620608
56.375879 -132.65238
27.553194 -99.518819
48.565602 -122.73048
56.20688 -131.863949
29.86381 -88.843277
43.633633 -70.205934
48.463814 -122.960152
44.424282 -67.851697
57.786368 -133.658113
60.828505 -148.493196
60.436821 -147.619972
45.239172 -70.892822
54.953532 -164.164342
20.941414 -156.352649
57.349612 -154.793698
21.3169 -158.1211
48.615709 -93.353138
52.758574 173.931553
44.357995 -83.335248
30.159382 -89.196663
40.226617 -124.320912
40.237669 -73.993292
51.853883 -177.921569
47.281765 -122.418074
39.656413 -75.526344
29.150691 -90.27832
52.390331 -174.068248
60.30098 -145.113892
56.224854 -134.054411
29.811007 -104.599149
36.135794 -76.092555
47.165574 -122.85994
47.26596 -91.288478
34.234609 -119.265927
48.521427 -122.615183
57.930006 -134.016873
48.169997 -124.731746
41.088883 -72.1064
66.742503 -162.501415
28.914212 -100.640568
60.202901 -152.754884
63.385386 -171.269249
27.968469 -82.829801
55.019852 -159.842468
41.53145 -81.664851
58.097542 -134.148773
55.290192 -133.45462
69.6808 -162.95521
70.964831 -155.95205
45.598917 -67.491061
58.936659 -136.782908
32.957891 -118.560887
57.030312 -154.516842
28.8751 48.1589
18.349524 -65.565744
53.995515 -166.354341
59.713726 -139.516434
55.33065 -130.694664
37.762464 -75.803041
55.843437 -158.787354
66.937047 -162.310392
29.470386 -89.83442
47.174675 -122.673927
55.098639 -161.814984
45.058376 -87.492864
24.588963 -81.801378
62.613625 -164.929001
28.041939 -97.025859
57.48086 -135.265557
45.491013 -67.499445
52.121959 177.563396
45.768719 -85.455559
51.59767 -177.906072
59.91848 -147.808502
39.057884 -75.396277
55.874347 -132.319799
46.684769 -85.030078
45.916047 -84.713251
59.852211 -149.407623
60.372655 -151.366874
51.70724 -177.705261
46.21763 -123.990117
70.291599 -161.922949
51.952545 -176.031525
43.966213 -76.254555
56.463297 -134.200909
56.147839 -132.920502
31.246812 -105.835722
55.393677 -160.321132
54.755966 -159.597626
38.130014 -75.177394
63.163224 -168.818344
48.160902 -90.785874
38.954994 -123.732892
46.730657 -123.87668
57.382915 -158.06703
56.248017 -130.541173
70.183398 -146.44886
37.070047 -76.526573
34.395397 -119.709067
48.675575 -122.984657
44.001079 -83.079297
29.507669 -94.59544
47.987739 -122.718082
29.279585 -100.876049
55.0131 -163.17483
56.528591 -133.142099
43.823316 -69.578527
56.636699 -132.284216
55.051932 -162.471364
47.869418 -122.329545
29.066019 -89.317065
29.440773 -101.056957
60.145008 -151.517887
52.000797 -175.09551
48.118894 -90.774225
60.409953 -166.124231
48.245784 -90.88548
71.102476 -155.520737
59.677782 -151.122791
49.366315 -95.109535
29.236212 -89.5366
46.101964 -85.426916
37.918608 -122.478193
55.719411 -160.040921
38.580319 -77.265304
38.882885 -76.200082
44.360876 -68.039679
38.450418 -123.128825
30.076018 -89.683712
44.338193 -68.883065
61.254501 -150.254296
55.296334 -129.980487
59.81588 -163.38767
30.255024 -88.141143
6.82313 -58.16105
37.947997 -76.00313
45.411369 -70.812797
45.296839 -86.904898
48.710172 -94.418919
26.871693 -97.364726
59.638903 -153.563866
57.728316 -153.493401
44.362194 -68.814811
56.151813 -158.572254
60.917743 -151.692644
53.448844 -167.04821
48.663624 -123.167015
56.606924 -169.611548
58.493674 -152.619197
55.398012 -131.000594
35.169208 -120.756862
48.096926 -91.640175
59.634727 -139.713455
56.667285 -157.498689
21.167926 -156.841592
20.16736 -155.653966
48.057075 -91.391128
57.132076 -152.90054
60.893833 -147.071788
54.919333 -163.344402
63.42373 -170.967475
56.232459 -132.398733
56.027824 -131.986496
58.290497 -136.784326
70.55322 -151.701467
55.286469 -160.422272
18.076877 -67.192999
40.543396 -74.247808
55.231202 -159.866624
55.805386 -133.678543
29.289028 -89.671781
55.919231 -132.170198
44.885115 -87.383631
66.040302 -161.950043
27.845919 -97.064987
29.633004 -85.097218
56.562083 -134.31976
55.512596 -160.654117
39.28353 -123.801757
49.00127 -116.00103
51.701539 -178.104285
60.826001 -165.02962
44.017971 -76.281071
45.750394 -85.53562
61.035715 -151.293622
56.583482 -169.490133
45.316383 -87.431684
56.065897 -132.537336
21.645353 -160.549316
55.762837 -131.040966
70.828359 -159.132483
47.04114 -124.065856
54.05611 -165.24583
41.331567 -71.72074
47.269879 -68.598726
30.284896 -89.365747
27.81447 -97.092851
39.299055 -75.28262
36.714157 -121.807062
55.026527 -161.90361
30.661059 -104.9863
45.102282 -71.452451
57.902231 -152.414977
19.433333 -99.133333
58.02342 -135.567817
59.720969 -149.847729
48.999791 -116.757185
58.913391 -157.040625
38.54712 -77.276603
19.036644 -155.88155
58.202029 -135.976386
42.095328 -87.71096
27.843405 -97.055822
55.595798 -159.61777
44.218719 -68.95189
55.264302 -160.550759
64.456223 -163.249092
57.510697 -152.886205
32.564444 -114.79766
20.686857 -156.020044
47.643594 -90.686382
46.103367 -83.703857
30.792138 -105.195144
43.723915 -69.857927
29.889333 -104.656783
37.873448 -122.480811
28.596441 -100.429856
41.156434 -72.237731
29.684081 -85.29074
43.556874 -70.216782
55.837723 -159.162354
37.830928 -75.971705
59.357276 -150.819565
45.789301 -84.772765
27.497209 -97.293709
37.135604 -75.87767
55.879527 -160.936053
44.852962 -83.321241
38.924576 -76.264683
38.66103 -75.06551
45.198139 -71.405636
25.220788 -80.520359
48.098781 -90.496148
41.040166 -71.903736
27.090519 -97.387459
55.841793 -159.858456
42.088633 -70.640169
69.141656 -163.535314
48.594345 -122.80423
55.265254 -132.0035
56.825506 -132.404564
42.396246 -70.983426
35.622896 -75.48133
18.0578 -67.871462
41.010897 -73.567668
58.795912 -135.092223
25.66549 -80.154972
44.101298 -83.573071
51.771532 -176.90503
63.027025 -169.576965
44.440411 -68.268423
51.479507 -178.307236
26.48393 -82.105672
42.977041 -82.412965
56.001691 -133.305567
51.786829 -178.059335
46.826197 -88.482579
32.925953 -79.606194
60.262745 -164.651996
70.978023 -155.211434
45.298061 -86.994112
41.282916 -72.333894
47.913895 -89.214499
56.909749 -154.21211
59.387017 -153.951389
55.099478 -131.029676
58.35309 -136.281631
48.694889 -94.438701
59.738066 -149.849315
38.801216 -76.510078
54.992767 -130.992096
57.811215 -133.641996
56.612181 -169.528659
41.27348 -72.006872
54.959929 -163.323106
29.539503 -91.733955
55.869538 -133.929325
45.571303 -123.956711
43.88373 -82.678642
45.529554 -70.702433
55.06579 -159.650859
48.056133 -122.358375
29.162528 -89.043919
47.008461 -90.696564
30.058893 -89.499275
56.173416 -132.910385
57.005701 -133.104611
28.985593 -89.138129
70.793416 -152.239344
46.43941 -84.584167
59.678316 -153.10894
47.259275 -68.594085
55.051971 -159.318756
43.211101 -124.395302
48.444059 -122.677072
52.856403 173.224051
55.21033 -131.73017
36.965212 -76.500355
40.448737 -74.167009
52.747885 173.952793
46.872591 -87.776313
56.157356 -132.975815
59.618674 -139.589369
44.945433 -67.038299
40.838004 -73.785399
29.82891 -84.669728
38.626185 -76.285262
48.611778 -93.35641
41.650423 -70.140877
29.302802 -91.123491
57.048321 -132.93752
29.16328 -89.013254
33.461927 -117.684584
57.828929 -134.705869
56.352163 -132.431631
29.338674 -89.204703
55.240335 -132.078869
55.408041 -161.686495
48.799771 -94.695975
41.653738 -69.975719
29.670204 -89.55732
46.582559 -124.023566
60.772113 -146.500678
27.849127 -97.056068
53.433597 -166.961037
66.571317 -163.933106
55.366375 -133.632736
29.815654 -91.915989
26.701836 -82.173516
49.001146 -116.369128
57.301075 -133.802734
36.415785 -75.85147
55.317158 -130.96994
29.19583 -90.443954
60.515535 -162.2257
51.813897 -177.692118
29.462102 -91.260024
60.65203 -146.086293
41.460864 -70.802186
35.783106 -121.332449
32.099581 -80.858735
55.2844 -161.833891
29.19304 -95.119564
47.317734 -122.547408
58.459861 -152.68994
42.975349 -70.765222
47.327752 -68.161333
56.789024 -133.706275
29.658178 -94.921318
55.564385 -160.580083
43.510623 -87.797336
21.330264 -158.125459
29.333109 -100.940615
29.670204 -89.53376
44.041175 -83.029868
59.371323 -153.573349
29.764582 -101.503223
25.210595 -80.3498
58.246788 -151.790939
30.241531 -87.90046
56.198813 -133.639282
57.078424 -132.870116
59.861633 -163.109595
58.32147 -154.177161
48.141278 -123.439127
37.775783 -76.683343
59.933665 -149.30089
43.698625 -86.510319
41.097811 -72.142929
32.302337 -80.690807
59.642344 -150.283978
66.268352 -161.903723
47.197266 -68.929808
41.983441 -124.204948
42.217279 -86.385179
25.958174 -97.187583
47.709119 -122.38044
57.089769 -153.563562
60.786556 -148.098148
70.17825 -146.413197
60.848492 -149.018343
29.064619 -82.783328
20.937886 -156.507913
59.978798 -148.149368
45.015459 -72.67477
45.328482 -71.0024
58.096868 -136.469272
44.504837 -67.703489
28.828787 -100.574699
56.48763 -132.259611
44.117824 -69.080331
69.959262 -144.953637
41.161217 -72.245348
45.695231 -87.099725
41.498629 -71.421425
59.94025 -144.439545
29.220883 -90.490987
48.999258 -106.24621
47.63172 -122.386039
53.518068 -167.179947
61.170197 -150.220215
51.662154 -176.735912
44.414809 -68.249956
29.235913 -89.112431
28.305614 -96.546975
48.614334 -122.613228
42.856717 -87.834879
46.798136 -91.360804
47.746019 -122.477344
24.584148 -81.734573
24.76505 -80.912042
44.148239 -68.917286
37.959188 -122.490302
55.216564 -161.372711
37.166674 -76.606684
70.142525 -145.917674
56.785485 -132.505513
37.335174 -76.272888
37.642005 -76.306464
33.620021 -117.940591
43.756243 -70.135957
68.5109 -166.295343
44.058662 -68.590792
41.492983 -71.246047
47.249418 -68.604819
53.78709 -166.336768
58.723212 -157.721786
57.948662 -152.422573
55.418533 -132.434491
65.194818 -166.465342
35.350017 -76.408199
59.952984 -147.713333
41.587587 -82.834101
56.012399 -133.258572
58.676344 -134.990501
64.974739 -168.082474
60.028767 -144.391006
48.518356 -93.797436
41.457019 -71.358656
48.611935 -123.09697
48.097538 -122.513276
56.729879 -133.303752
42.665395 -82.623797
56.158696 -132.120336
45.813499 -86.555547
45.121644 -87.257449
46.838466 -88.38141
44.554836 -67.499969
42.317738 -83.064121
62.602973 -164.767605
47.259131 -88.108833
29.710839 -91.88075
37.392542 -122.423286
27.859905 -97.24614
55.049532 -159.649062
46.092086 -85.356214
48.407145 -122.617174
58.621835 -137.680811
55.648759 -132.358558
44.66944 -67.155119
48.228294 -90.83982
67.921694 -165.057516
54.246537 -165.612082
55.47442 -160.521335
45.057733 -87.498379
41.670785 -71.425452
55.663098 -160.158013
60.414478 -151.980057
57.650951 -135.596978
59.250447 -151.952723
55.065222 -130.986802
27.703907 -82.63982
29.652248 -84.884632
55.814904 -133.172912
55.101719 -161.862686
45.340981 -86.865499
58.345305 -152.895407
46.034924 -83.727837
45.383721 -86.955204
63.341881 -170.512102
55.151671 -132.031417
51.659064 178.675528
39.510398 -75.986298
55.129378 -160.00517
37.901171 -122.693569
54.828022 -132.65657
48.297677 -122.505828
44.760208 -85.576566
45.126241 -85.372571
46.981759 -123.959185
33.639826 -78.938076
44.229429 -86.351638
41.617775 -70.269687
34.925926 -76.233672
37.588411 -122.147014
37.97131 -75.722662
41.886938 -70.000188
37.28534 -76.381075
18.980654 -155.596521
30.162203 -104.687507
30.177099 -89.531213
34.079221 -77.870327
20.145728 -155.899149
46.755674 -91.551445
57.260684 -133.534033
64.521382 -161.351145
48.618469 -122.9561
57.081035 -132.819005
35.100882 -75.989175
46.835659 -90.745354
55.348019 -160.614256
58.330715 -157.556865
48.999431 -102.850455
54.116474 -165.198746
28.850155 -82.730245
69.811927 -141.842843
25.89676 -81.511762
57.991706 -153.302198
29.505577 -91.886818
36.879353 -121.827664
25.178064 -80.809436
57.619485 -152.152393
38.264056 -75.919448
51.747208 -176.474132
29.1337 -89.023942
29.294946 -103.943698
40.374855 -124.365357
60.235528 -148.153037
41.342823 -71.68807
57.451394 -156.012841
64.829836 -161.327848
21.888898 -159.490914
29.042334 -103.427754
51.982052 -175.475677
69.375343 -163.110318
48.049238 -124.685393
44.940843 -83.438856
48.079485 -122.613217
40.999796 -72.116368
45.796259 -70.404275
58.507022 -136.093631
18.497724 -66.988958
57.39023 -158.034246
41.826833 -87.600549
38.273357 -75.909637
29.227361 -103.76857
42.118239 -86.485223
29.096476 -89.077215
60.454453 -146.358582
57.588581 -153.813136
48.685276 -123.187981
29.514566 -101.173821
55.060574 -132.933517
54.885906 -163.14958
49.000679 -114.674398
37.447274 -76.252415
19.415455 -155.909087
59.801391 -163.559148
40.924497 -73.295059
39.243631 -75.405927
58.929695 -152.209671
63.401055 -162.428744
55.860708 -133.195517
52.444473 173.467698
70.811262 -159.290577
43.753211 -70.197593
28.048795 -80.547675
31.764808 -106.451541
59.769159 -151.869468
48.099082 -90.487077
59.428188 -161.828125
33.768511 -78.772737
55.804732 -160.426751
55.871822 -133.695007
21.4502 -157.8163
56.758528 -135.281608
45.525993 -86.656525
48.999756 -106.500592
25.24275 -80.442588
46.848331 -88.404008
54.902371 -163.398294
57.780498 -134.709024
48.518189 -92.625739
33.342928 -118.316083
63.213257 -163.73265
46.690176 -91.820027
58.20808 -153.202801
56.866364 -132.793601
70.58607 -152.200644
55.200962 -132.936493
39.091385 -76.233457
41.511228 -124.081427
67.026629 -162.465522
55.946774 -133.339874
27.705588 -82.514265
51.630684 -177.915445
24.56358 -81.814446
38.237538 -122.987149
20.704739 -156.448656
35.862541 -75.660598
41.48715 -81.744755
42.687049 -82.674287
55.208318 -131.263089
59.546213 -139.762001
49.350176 -94.909273
56.848204 -157.45759
39.580752 -75.515228
66.236431 -161.33212
63.176011 -169.198398
59.211931 -151.874356
46.309039 -123.985204
40.905121 -73.229285
45.162193 -67.159406
46.970448 -90.805901
42.637225 -82.669103
46.857028 -88.35194
26.044282 -97.792253
46.978123 -90.633507
42.453281 -79.405458
60.316787 -164.899296
45.573582 -86.62619
45.630551 -70.591275
60.935454 -146.746758
29.180091 -89.000674
48.300887 -124.414007
56.091949 -158.394388
63.629784 -162.512298
45.129672 -71.426755
36.929047 -76.007553
32.823978 -118.394565
45.137899 -71.433083
66.05929 -163.168568
34.522953 -120.511421
48.93866 -122.755624
60.461516 -165.04907
52.417788 -174.185347
63.334591 -171.562263
58.32977 -152.11953
70.961716 -154.608294
54.650957 -164.727654
25.905219 -97.528628
30.838065 -105.347695
47.07339 -67.804512
17.947098 -66.270905
21.786479 -160.200427
57.795075 -133.696784
37.236922 -75.795881
59.32704 -154.030807
26.436658 -81.923611
55.846392 -159.712816
58.817729 -157.353132
41.237964 -70.015225
27.882853 -97.115165
46.349993 -70.188739
56.142554 -134.109868
42.590937 -79.126261
39.498114 -75.528088
29.79886 -91.849405
46.688488 -87.523308
26.349104 -98.796252
29.901229 -84.404958
45.82995 -86.782259
44.987643 -87.360288
58.802715 -158.564833
28.725403 -96.593796
55.533531 -133.757065
44.355002 -68.864338
47.134041 -124.182802
48.007532 -89.655793
44.299902 -68.538595
58.213361 -134.083867
58.60809 -136.488443
45.258502 -70.898565
41.451402 -71.312694
68.235274 -166.114537
60.850872 -147.911893
69.728109 -163.010545
25.216719 -80.512928
28.46193 -96.270391
47.690266 -90.551291
36.897444 -76.407507
58.306492 -136.076447
37.16858 -76.35969
55.377678 -133.674377
17.979583 -66.017308
45.336813 -124.007756
17.966451 -66.672819
56.846871 -154.305713
56.266078 -134.268363
44.052711 -76.25918
27.732372 -97.166176
28.411916 -96.762245
46.858816 -91.204439
55.764186 -131.618362
43.534136 -70.311493
70.262498 -161.769496
56.715667 -159.279894
45.34725 -71.01081
46.799496 -90.670049
17.948298 -66.899639
52.068316 177.641864
71.172041 -156.018574
44.835333 -124.063155
35.496713 -75.961929
34.036424 -118.609652
27.585957 -97.302196
44.430128 -67.913346
58.003494 -154.819518
43.801034 -83.416378
48.605621 -122.992744
30.106762 -84.207652
59.878533 -151.803059
52.180496 -175.49852
47.623625 -122.494518
59.400589 -150.705612
46.94378 -90.964865
57.418131 -135.039634
51.952652 178.591597
33.99782 -119.554472
48.529246 -122.619858
52.385035 173.512162
28.168149 -100.141098
57.9765 -153.484603
57.854628 -133.963791
55.730832 -131.733408
30.201236 -88.453444
48.111637 -90.14523
69.545145 -163.020001
47.901675 -88.968903
21.180053 -156.771495
58.270915 -133.343725
60.322868 -145.084381
30.039068 -83.93151
56.757141 -132.532002
59.732237 -149.738941
45.216784 -123.972919
36.887031 -76.45329
41.146339 -71.5937
61.384347 -149.876852
46.860975 -91.136512
18.466352 -67.169011
36.633908 -121.938551
40.619507 -74.201812
57.605325 -133.859635
37.166771 -76.66867
32.494277 -114.813613
56.999661 -132.871496
30.249255 -88.166569
28.210173 -82.852432
29.053325 -89.283215
35.936932 -75.69115
57.488753 -135.209123
56.290527 -133.928513
58.54131 -134.856062
47.00114 -89.02893
29.52235 -101.227419
37.80563 -122.398139
36.969147 -76.408568
60.038761 -148.000885
19.217792 -155.903339
18.353711 -65.628198
64.495956 -166.1978
42.3667 21.1333
56.18487 -131.891908
51.874561 178.032684
42.270794 -70.956219
64.327716 -162.795636
56.299203 -132.382793
47.407977 -69.036882
70.036994 -145.43483
61.061408 -147.515782
45.447208 -87.333147
45.822231 -85.496948
60.345613 -152.376743
58.9466 -136.575516
48.05255 -122.54512
17.966335 -66.068678
43.880522 -83.33227
29.458661 -101.060151
66.511446 -161.87488
58.933932 -160.26215
44.420685 -68.24366
56.008279 -158.838785
48.23949 -91.957798
70.776866 -154.239166
44.453403 -67.571774
48.09136 -90.045577
42.318857 -124.427782
57.432184 -152.517004
58.475876 -134.939941
59.969281 -148.960284
57.406132 -135.647179
35.070017 -76.043621
60.452196 -151.283967
57.080077 -132.853284
41.259495 -70.832039
46.072276 -85.287693
60.830166 -146.719532
59.967854 -141.291043
29.897018 -89.591194
46.2393 -123.605487
61.081402 -147.557226
42.339638 -82.959416
55.11055 -130.82137
55.954752 -161.096617
45.172887 -87.231214
25.443084 -80.328152
51.820727 -177.649208
55.368103 -161.445196
59.916321 -166.801634
20.739533 -156.909081
41.313197 -72.203022
38.835494 -76.278151
55.803306 -159.937089
55.447277 -133.617279
48.222467 -122.628352
33.448392 -118.477646
60.21091 -152.754884
59.881812 -152.900414
55.47683 -132.604027
46.505577 -84.337732
41.295384 -70.240153
43.768806 -69.953246
56.017089 -133.495052
0.30019 32.59228
29.173529 -95.099101
41.574767 -71.23613
48.999591 -103.865336
46.224937 -84.152042
20.222773 -155.737004
54.065935 -165.767173
26.789803 -82.147068
39.607408 -75.613233
45.931962 -84.376429
60.929186 -165.155232
56.140255 -132.022183
43.852468 -82.643166
48.942528 -122.770432
40.570623 -74.002056
48.013675 -89.724044
55.049145 -163.568159
59.799626 -135.477436
55.551311 -133.62352
44.104529 -69.100863
57.57147 -133.481221
40.923476 -73.496642
29.703682 -92.165278
59.802123 -166.114325
44.437995 -68.890826
43.94487 -69.319751
35.410157 -76.059726
55.028454 -132.88414
55.902944 -133.428109
60.129063 -147.938187
65.139028 -166.89772
29.551904 -91.525523
32.255618 -80.638857
35.836967 -75.987148
47.29824 -88.054849
51.998357 178.105874
28.270798 -96.547774
70.898644 -156.014425
41.277446 -72.348643
48.106505 -90.216404
56.434751 -133.532969
44.977449 -74.992756
29.420492 -83.218075
38.338554 -75.911064
51.771529 178.339082
41.281331 -71.991117
41.987291 -83.228502
31.064842 -105.595921
38.939002 -75.302552
43.858878 -69.594705
26.489679 -82.166042
43.308261 -77.701429
45.234799 -71.44288
68.103809 -165.830191
52.974163 173.159648
57.233591 -135.361771
35.004926 -76.977404
40.519603 -74.177986
25.150694 -80.395467
55.889263 -133.403717
35.15134 -75.840438
25.859463 -97.448271
27.247024 -97.635022
60.976177 -146.861961
57.330713 -134.921651
25.484745 -81.191924
21.923592 -160.190158
45.244932 -71.183785
42.83511 -78.860445
32.4953 -80.46571
17.992993 -67.211973
29.676507 -102.693466
40.447407 -74.209788
27.924899 -82.691621
48.180414 -91.08116
18.309668 -65.245095
48.276404 -92.292999
41.514578 -71.391005
58.457436 -134.911972
30.347302 -88.692164
45.060044 -87.494543
29.679019 -85.083719
27.501715 -82.710621
71.067042 -155.275814
43.744466 -70.001708
35.847606 -75.619772
48.265081 -122.652639
53.916151 -166.436526
27.322343 -97.502706
47.936717 -122.311148
27.981268 -82.810605
38.036697 -75.850531
29.955645 -89.844202
58.868641 -137.059513
18.226411 -65.604666
29.482061 -91.814606
55.889817 -132.049547
39.548488 -75.526003
52.919387 -170.092221
48.187566 -91.056562
45.708795 -123.939448
60.416799 -145.501549
56.283023 -132.391594
55.862396 -160.697591
47.857723 -89.930844
59.089 -135.37641
20.89072 -156.687804
41.470258 -124.066057
55.74921 -159.384125
48.102512 -90.298099
34.953867 -76.274856
47.976417 -122.226346
46.019501 -84.540995
29.084657 -95.128251
48.11933 -91.692366
66.939955 -162.492224
58.10175 -135.540712
38.013511 -122.315549
55.146178 -131.076646
45.99182 -70.287754
46.908219 -90.552318
47.583087 -122.370167
60.683438 -146.649059
36.89274 -76.453941
54.079641 -165.468221
58.169456 -151.871841
56.03084 -133.288315
47.643657 -122.508164
70.308437 -148.450639
36.006598 -121.51159
30.352493 -88.39415
37.799652 -122.335675
43.9505 -69.325111
46.839512 -89.437047
44.125082 -68.511266
29.105301 -90.174273
44.259957 -87.521755
60.576934 -152.163517
45.052379 -71.504542
57.660469 -135.589839
25.13728 -80.67591
60.014967 -149.172532
58.132566 -154.222465
26.265595 -97.331967
60.467178 -146.63739
48.976139 -123.083834
41.573963 -71.370194
59.577961 -151.203835
43.944553 -69.339386
52.515305555 13.378305555
47.247497 -68.607906
56.743263 -153.990158
55.261525 -131.411944
57.299453 -153.012992
56.511439 -133.124726
54.704348 -163.415045
65.769665 -168.902235
57.950906 -134.159296
42.981083 -70.601349
55.892726 -133.840833
63.453803 -161.765832
27.242953 -97.628916
65.119778 -166.826753
60.028768 -141.368138
28.411993 -96.854562
30.950494 -105.496856
40.846552 -73.791044
56.004071 -133.476888
63.666611 -170.257808
60.77235 -146.545131
38.23288 -76.131332
44.306864 -87.544716
45.753296 -87.062406
55.215882 -132.982166
48.035981 -122.753859
41.195372 -71.564119
40.555041 -74.229002
41.9117 -69.968598
58.515822 -137.408758
48.164693 -90.781263
57.437454 -152.426433
59.144161 -154.24422
60.233757 -147.25528
57.290052 -133.307565
47.435093 -88.227446
45.572213 -85.561634
43.460299 -76.53181
56.231712 -133.000214
52.007 -175.014807
56.333016 -133.197009
31.333965 -110.140512
32.268549 -80.716505
57.401162 -154.700598
48.001368 -89.842568
55.198482 -131.828395
57.555546 -155.731412
18.314047 -65.316885
29.352093 -102.871857
57.992185 -152.79626
29.357144 -94.889042
46.677368 -85.750606
51.968884 -176.079181
41.674661 -87.027888
47.111664 -67.888658
37.50054 -122.472388
45.318462 -70.929923
46.060679 -70.292845
56.365116 -132.559341
47.385052 -69.03928
48.019971 -89.743046
55.264557 -130.001735
7.07394 171.31853
28.127591 -82.781324
18.131936 -65.276214
33.434381 -118.563442
28.644487 -96.563262
45.05263 -71.502768
46.67439 -90.028392
48.146127 -123.641108
42.331746 -124.429287
54.008903 -166.36746
43.343972 -70.472933
46.794339 -92.086089
18.299935 -67.235137
48.999564 -106.518201
60.024009 -141.368138
51.672084 -177.640524
56.379521 -134.244042
56.864922 -132.797107
55.391956 -133.416214
26.446766 -97.421026
45.241516 -71.406973
29.838894 -85.317464
47.620743 -122.917103
37.329366 -76.308581
61.07902 -149.857168
48.112136 -90.136191
43.814862 -69.605928
45.955949 -84.937134
44.918761 -83.404596
46.074921 -83.572639
44.029868 -76.202073
61.20314 -150.947425
48.239511 -90.839176
25.148682 -80.719153
47.368679 -122.517799
54.635011 -163.747316
44.817419 -66.949895
45.79457 -70.417674
44.929484 -85.967169
56.487017 -132.290475
56.662251 -132.422821
51.993667 -176.032156
48.52586 -122.640414
55.693365 -133.386432
70.124668 -143.782213
41.708971 -82.835118
54.002343 -166.357117
55.174735 -162.614497
39.500171 -74.302531
45.157119 -67.301729
44.429919 -68.2445
55.937292 -131.613008
42.99143 -124.462619
42.317223 -70.928055
47.038799 -90.649574
21.633853 39.127599
63.125597 -162.901643
48.361837 -122.497686
64.541295 -160.992894
58.469902 -136.074595
41.355745 -70.812309
26.249055 -97.308049
60.166779 -144.308197
47.221605 -68.780557
57.649966 -133.251126
59.911156 -149.555261
33.327246 -79.162332
37.51924 -76.360474
31.021645 -105.579114
33.456627 -117.691984
64.75325 -161.518211
29.684765 -85.353885
45.303355 -85.323941
58.853535 -160.224731
17.983786 -66.806866
43.972615 -82.728528
46.630822 -124.035874
38.941759 -74.882309
58.366826 -152.774048
60.699539 -147.357239
62.946154 -164.783858
43.917189 -69.278113
37.663614 -76.491799
61.251089 -150.711291
60.747603 -148.238117
39.213609 -75.052326
26.409107 -97.406014
55.888073 -133.375168
41.690598 -71.208371
28.687235 -96.55919
42.331746 -124.429288
46.926431 -90.785606
9.59517 -13.63629
70.32751 -148.076865
29.485886 -91.335742
41.460379 -71.362743
41.766549 -70.096061
41.839557 -81.05192
42.930037 -70.797806
37.537196 -122.196593
55.515238 -132.014613
70.498151 -149.740188
45.683949 -86.715781
56.430348 -133.859104
57.164798 -152.880321
58.192557 -134.710513
70.16035 -147.182123
46.962654 -90.932129
64.797036 -166.478978
25.236247 -80.462833
43.709468 -70.092137
31.527284 -81.217948
32.319469 -80.733637
23.872631 -166.283691
44.344662 -68.87169
47.866186 -122.63636
46.092595 -85.335911
43.955856 -69.325111
29.678039 -85.222546
38.406237 -77.106571
32.84459 -118.487908
60.2798 -147.421967
65.744705 -168.893219
45.31211 -86.913995
26.376093 -98.937556
37.586489 -75.601018
57.136562 -134.302721
57.61694 -133.85801
60.522197 -162.311361
45.218001 -71.415553
62.108365 -165.706155
45.687021 -70.496603
58.14388 -134.32736
48.50962 -122.484996
27.24992 -99.441549
56.432018 -133.839238
53.521113 -167.796866
70.439333 -150.074461
28.119618 -96.816574
54.985976 -132.135544
51.944381 -177.154842
48.1053 -90.312386
59.449229 -135.36272
39.937635 -123.962655
57.001103 -153.5475
24.706332 -81.474186
44.375077 -68.818703
48.354933 -92.26228
60.165112 -152.639648
61.257467 -150.303688
60.7417 -146.216811
52.384621 173.465442
58.08167 -135.58682
52.005705 -176.185086
55.12567 -160.806009
57.460713 -135.161017
46.830343 -91.302295
45.054948 -87.490312
53.439752 -167.393985
24.621062 -81.395096
26.784054 -82.233311
56.960693 -156.788341
26.88237 -82.066575
57.68139 -152.467679
27.614454 -99.55495
43.701635 -70.146115
48.56612 -122.984657
41.457931 -71.19302
45.041545 -83.340257
60.714598 -146.386892
44.435585 -67.878509
27.496415 -82.690421
41.481151 -70.598444
59.634271 -153.214156
70.465971 -160.480062
64.964264 -168.097702
58.306356 -136.47202
33.460155 -117.689284
51.968727 -175.874466
48.604191 -122.86235
60.681539 -146.474142
30.239595 -88.25837
66.892128 -161.781479
55.847162 -159.853255
45.796235 -70.399634
47.824015 -89.157738
29.206407 -89.103865
46.856173 -91.123109
55.15847 -163.205962
55.083775 -132.832382
30.092103 -84.087034
29.139079 -100.737795
55.137133 -161.697097
55.292579 -130.838026
28.124039 -82.837837
30.288896 -89.358546
55.561932 -131.67071
29.4411 -89.574653
47.238993 -91.326019
45.294589 -71.266557
31.923602 -80.975714
47.462471 -123.067845
48.023694 -122.719488
38.210477 -75.846377
18.484944 -66.679876
27.254326 -82.539719
29.619913 -91.840919
26.864325 -97.558432
58.109536 -133.14876
25.184306 -80.354019
57.476208 -157.931624
29.472362 -91.265649
48.270541 -122.463962
52.153637 -174.55708
59.840315 -139.621137
60.046852 -144.380539
60.359812 -165.005576
43.14871 -87.892285
21.202555 -157.144627
46.044878 -85.197523
46.915516 -88.261593
29.242475 -90.565378
28.932955 -82.702618
48.577616 -93.806763
55.869891 -160.532582
59.320143 -135.537015
44.885378 -87.419106
59.827285 -141.216148
56.87779 -132.796999
54.859652 -163.415872
32.664184 -114.748
26.030225 -97.204995
45.62322 -67.644206
46.254231 -70.254591
58.829819 -135.137433
52.070323 177.653614
31.005692 -81.45924
27.742649 -82.482305
48.015697 -124.679024
56.322382 -133.834671
51.284619 -179.075466
32.578255 -114.801471
38.007948 -122.368891
59.93692 -149.3172
55.843437 -158.768326
37.36646 -76.445333
58.835665 -157.259663
28.171542 -100.168438
47.930226 -122.445519
59.62164 -153.609253
45.66438 -84.329537
29.436421 -91.221166
30.391881 -86.750906
55.884052 -132.398349
45.146842 -87.600796
26.381987 -98.924926
47.135143 -67.901166
58.497971 -158.721173
47.778372 -122.690562
37.810979 -122.425942
55.991914 -158.774984
45.254302 -71.203033
41.594611 -82.680669
48.142221 -123.425586
48.612759 -123.052231
31.532579 -81.263905
45.927449 -84.718955
37.99568 -122.976764
57.455285 -156.014396
34.032087 -119.876329
46.071672 -123.933366
43.958182 -124.142704
53.858532 -166.351999
26.989809 -97.452141
54.765104 -163.342655
56.833045 -133.687627
42.542952 -70.872357
45.595066 -67.556931
28.140318 -97.133614
70.898292 -153.359112
48.230603 -90.914971
59.357998 -153.544785
59.917409 -141.486159
19.401107 -155.913849
39.450786 -75.580185
58.180489 -134.864299
25.207037 -80.358696
38.283096 -122.994603
55.919074 -159.062025
47.653363 -122.804498
57.1823 -156.334404
48.005906 -89.641465
55.891453 -133.690842
42.456236 -70.94702
59.814972 -147.66098
45.900111 -84.852916
29.732223 -83.547172
46.773303 -91.449327
43.787607 -70.005205
29.923721 -84.333746
40.68236 -74.023982
54.774912 -163.184295
34.019866 -120.115058
43.683343 -70.118291
26.359234 -97.343418
48.003625 -89.651065
29.066822 -103.463196
32.508726 -114.807726
60.009473 -151.71801
45.909815 -84.873254
58.049943 -134.977183
32.800595 -118.425634
55.786327 -159.331772
45.716412 -86.570627
65.325121 -166.625987
48.603718 -122.809532
44.87554 -75.218548
41.874477 -83.372445
41.623036 -87.324338
29.889109 -88.818146
56.07482 -132.204212
25.416988 -80.21428
34.936817 -76.284092
26.357569 -98.890965
59.567153 -139.745821
30.303441 -81.391606
30.528713 -88.082792
57.294449 -135.837601
38.403143 -76.280551
55.506573 -132.496952
47.040544 -67.78966
48.999239 -110.216135
47.243987 -68.690414
55.115417 -162.520986
58.947578 -136.834
25.004431 -167.997711
18.431865 -65.838825
43.965936 -87.69892
47.041176 -90.643623
58.954896 -136.845957
59.367516 -153.982612
60.18524 -139.989142
44.421314 -67.927616
52.108348 -173.514171
44.094674 -68.609722
48.609891 -122.657016
59.794629 -149.754786
45.331536 -70.949365
44.203129 -68.780055
45.411925 -70.743775
29.688658 -85.114268
64.773036 -161.376985
60.881805 -147.45694
61.079564 -164.87045
57.318978 -134.106942
59.46701 -161.738312
55.849148 -158.739761
60.622954 -151.345508
57.244956 -135.843311
26.249259 -80.085565
29.649802 -95.011683
48.717599 -94.58715
53.993198 -166.818635
55.214645 -133.271393
21.955508 -160.127302
37.515424 -76.297651
51.823179 -178.767695
53.25167 -168.539398
29.522319 -102.808692
47.218102 -122.611465
51.59247 -176.930952
28.642197 -100.447091
53.545342 -168.14462
29.514001 -104.264155
29.199789 -90.293183
44.468737 -68.810059
29.632142 -102.742031
43.718751 -76.205436
34.049299 -119.739472
33.093504 -117.315278
21.403227 -157.723286
55.785274 -131.640294
51.719772 -177.962426
58.34253 -136.11193
40.476471 -74.014031
29.48208 -91.789116
41.711026 -71.308634
63.181618 -170.186485
26.23632 -98.669397
18.114157 -67.87643
45.281282 -67.489333
26.612346 -80.035363
54.728642 -132.699738
26.395459 -98.990321
47.891358 -89.793539
42.156331 -80.13043
26.696661 -82.17984
42.640833 -82.813518
30.085875 -84.203349
45.460825 -67.482353
48.650402 -94.188581
34.872171 -76.347673
58.367644 -152.08925
46.092033 -83.805168
31.113908 -105.646731
48.986535 -123.084498
60.26469 -147.212448
33.21919 -119.444269
48.99957 -100.434351
45.530781 -67.435275
60.729946 -151.3848
60.357654 -139.086669
47.936415 -122.681924
42.747719 -87.782174
45.377123 -70.651175
18.132999 -65.283248
56.997287 -135.857028
19.650098 -156.028982
46.8955 -124.090422
41.706847 -83.446032
57.933279 -152.871663
46.286469 -123.678069
46.89827 -90.754552
58.081655 -154.31764
46.293866 -123.970912
55.126028 -162.604454
29.654711 -101.350093
41.486546 -71.237175
70.425405 -151.444897
55.146495 -160.077308
42.665481 -70.623815
18.940542 -155.693117
55.518639 -133.443665
48.550663 -122.907806
56.276924 -132.990692
55.051501 -131.531485
29.183687 -90.058512
49.309287 -95.15333
44.303094 -68.88746
48.135523 -90.795308
29.282193 -100.878883
57.320278 -135.638209
31.164121 -105.763531
33.467198 -118.593969
48.201499 -91.763236
48.583432 -122.652385
29.71648 -83.512716
59.034136 -158.275719
46.94387 -124.124386
66.605963 -162.091453
46.69523 -69.997086
36.969947 -76.428869
26.017653 -97.151922
18.487726 -66.37282
56.778093 -135.310159
66.068327 -163.04714
21.067761 -156.953719
40.852196 -73.797252
60.432641 -166.163203
55.775489 -131.562445
59.261108 -136.486609
36.03236 -75.722082
24.707355 -81.459043
54.96133 -162.584138
52.450527 -171.236843
64.535028 -161.373572
57.677141 -133.489677
29.657821 -101.361756
55.161271 -162.48098
48.105006 -90.452022
36.040521 -75.726821
48.779185 -122.567498
57.389296 -135.669416
48.018916 -122.334524
37.750294 -122.244938
35.993267 -76.176585
54.726184 -132.280701
59.176922 -151.810638
31.404425 -81.258616
56.652205 -133.708655
18.081938 -67.845293
41.705498 -71.227875
52.018619 -175.27485
27.78336 -175.858475
58.142905 -136.304272
56.346385 -133.964387
47.773966 -122.75054
53.70371 -166.262974
27.604787 -97.298634
43.59079 -83.669795
45.957447 -84.619171
54.507542 -164.910059
55.006443 -132.730667
55.248086 -162.869478
55.303104 -131.042572
43.509213 -76.437473
48.120444 -88.675628
30.176278 -89.469792
55.480994 -132.388686
30.142725 -89.199997
57.936978 -152.437416
59.228713 -151.102395
55.200378 -160.061469
18.282306 -65.625271
42.802272 -82.480394
45.77853 -85.394264
29.877081 -89.236298
44.515851 -75.76623
63.374833 -171.288265
55.768728 -131.649625
58.758293 -136.468634
58.245153 -136.567956
45.257003 -87.108743
47.242392 -68.624964
31.441389 64.104722
54.131079 -165.140978
59.498457 -150.536119
40.870099 -73.713674
41.582841 -70.82191
29.741158 -91.860113
25.095547 -80.428318
48.005132 -89.64783
40.499852 -124.383224
32.539857 -117.062759
17.951919 -67.133733
45.253107 -70.896627
53.955644 -166.437083
52.122124 -174.604871
21.182221 -156.999108
47.58482 -122.358238
59.445233 -150.581182
66.993814 -162.23923
47.404068 -69.039138
18.418983 -67.156599
61.110863 -164.941253
39.310593 -75.315201
43.915687 -83.338067
59.401035 -151.905153
20.898199 -156.481055
45.063774 -86.013073
58.808383 -136.082937
41.485855 -71.140224
28.384953 -100.341869
39.213208 -76.534285
27.740045 -80.383695
48.999604 -100.431642
43.677889 -86.529179
71.070464 -155.275989
57.020124 -133.446204
29.218902 -102.912131
46.728327 -123.870782
27.884199 -82.435448
47.202842 -67.96347
47.925245 -89.72973
26.056539 -97.913882
55.815345 -130.932482
52.09158 -174.922299
47.855979 -124.558254
58.811379 -134.99526
33.729817 -118.088896
41.398942 -70.724366
56.419315 -134.222678
55.240818 -133.102463
60.224359 -147.908985
47.231186 -122.679871
33.422417 -118.515914
22.018411 -159.788139
44.363941 -68.396552
28.114144 -97.180727
33.320901 -118.402941
57.051155 -132.051044
35.670065 -76.013021
39.360816 -74.412692
54.096235 -165.671477
59.39685 -153.959893
24.675832 -81.246095
33.250029 -119.565641
46.655507 -124.059426
40.645521 -74.180191
29.756561 -101.415402
42.190218 -124.373175
66.491372 -163.730247
24.691764 -81.314787
48.999237 -108.994722
37.360786 -76.262407
48.499905 -92.647114
55.55194 -130.817801
44.212498 -68.460205
46.046076 -85.130433
55.870037 -133.34761
28.284381 -100.294296
48.603755 -93.820067
44.90449 -87.406199
56.822941 -132.935258
57.572365 -133.81164
58.212055 -152.203699
59.990697 -141.487111
45.41649 -86.829143
29.789323 -101.831232
41.052884 -124.147216
55.407421 -133.271652
48.576591 -122.902802
18.338965 -65.63419
55.550015 -132.098521
28.978836 -103.166235
58.010631 -133.734562
38.020834 -75.975494
51.229216 -179.136196
43.825793 -69.604616
27.32084 -97.655295
46.813275 -90.683356
59.88881 -151.792594
55.927011 -158.999598
56.791453 -133.818194
45.793766 -84.558716
51.758482 -176.51933
57.054778 -153.675736
45.665243 -67.71799
34.685524 -76.662645
48.019615 -88.927529
60.461101 -145.957404
53.929778 -167.058168
55.619346 -133.3869
24.550095 -82.164009
31.819558 -81.036958
46.601911 -90.86712
47.307813 -68.381746
60.693084 -146.402873
60.937963 -148.065132
18.451354 -65.958492
18.349535 -65.335701
43.395226 -70.400773
43.926113 -69.369125
48.3762 -124.730863
29.7509 -102.545492
35.408251 -76.823163
21.3329 -157.6938
46.664591 -90.756495
44.693849 -67.139209
65.559346 -167.997178
62.54042 -165.046045
33.774715 -118.428407
45.955326 -83.916168
27.285193 -97.609068
43.290523 -124.388891
57.509697 -135.526036
44.974272 -85.602356
46.09669 -84.072398
44.314353 -68.958889
56.826934 -133.972257
26.824885 -97.537566
41.441602 -71.441199
45.850464 -84.702295
30.253054 -87.802087
37.960337 -75.988879
30.320729 -88.136173
60.040133 -167.22021
57.444973 -133.906657
66.231018 -161.052732
50.46493757 30.43217433
57.764811 -155.310981
44.514416 -83.318279
47.747412 -122.809673
46.564113 -124.023148
56.652138 -132.328842
18.487809 -66.664364
33.858704 -78.006765
66.053685 -162.673584
61.385299 -149.701724
38.845472 -123.647387
60.242802 -166.803469
29.752806 -93.635304
48.999666 -109.06057
18.144296 -65.313476
43.042077 -70.71355
27.864162 -99.901486
52.569733 -171.115692
70.073182 -144.053709
46.109879 -83.803978
30.042108 -89.763216
21.607487 -158.108185
28.641433 -96.230944
29.49002 -89.665813
48.070958 -122.741184
48.227413 -124.14129
38.963879 -123.721347
48.23248 -92.341207
60.094065 -167.33386
55.420477 -160.349526
60.377611 -166.310655
58.931601 -159.691493
63.696723 -170.488192
32.011306 -80.840549
55.332504 -160.564427
25.288463 -80.37969
57.034585 -158.659945
37.562885 -122.133924
45.700796 -85.583724
47.100575 -88.88914
46.689693 -91.840288
36.254433 -75.96462
21.2577 -157.8096
41.495648 -81.810758
57.738296 -135.151475
29.7364 -92.164684
30.789543 -105.216685
18.185588 -65.728471
45.301977 -71.283684
30.163932 -89.56827
58.867218 -153.267407
29.942508 -84.336511
27.262546 -97.450289
33.963877 -119.742966
56.165189 -134.116078
41.459529 -71.427935
70.099203 -143.159929
30.222366 -88.014572
29.844966 -85.325008
43.7621 -70.146286
38.887414 -76.48938
44.298031 -76.111931
36.019798 -121.553716
27.29764 -97.639234
28.610899 -96.490488
35.204347 -75.734171
41.658782 -71.338696
42.833236 -86.211815
41.540169 -70.931545
55.557426 -160.638371
56.767511 -157.201724
25.170859 -80.387164
48.60702 -93.367666
59.1527 -135.329458
44.249754 -68.965896
27.849572 -97.354614
48.166783 -123.702743
32.389667 -80.429291
30.170798 -89.555013
57.685524 -133.896846
47.192442 -67.951269
32.550956 -114.795635
55.628221 -161.392613
55.495461 -133.605377
29.160411 -103.606438
28.129091 -96.977889
47.63102 -122.393739
29.11045 -90.243849
43.028813 -87.898684
41.381342 -82.481214
56.991623 -154.524695
44.115836 -68.815562
55.239564 -162.880892
55.876747 -159.145233
54.928516 -132.897827
28.185781 -100.185694
47.689115 -122.829899
43.341161 -77.760231
40.410911 -73.998505
48.599434 -122.977043
45.464929 -87.319703
26.945965 -97.389554
44.247673 -68.290818
18.481253 -66.53484
47.239554 -88.131943
43.310955 -78.859362
55.269372 -132.857374
48.140047 -123.455458
25.391486 -80.251052
41.319634 -72.084487
45.419159 -83.806622
29.309499 -102.890489
29.862978 -102.276755
42.54 -86.240642
56.203311 -131.919271
44.873333 -85.569328
59.017059 -137.004369
37.76735 -122.275408
54.680553 -163.410286
32.649391 -114.76495
55.374919 -132.22596
44.247439 -68.959468
37.994878 -123.024066
54.748272 -132.876404
60.989832 -148.376364
28.022092 -97.04876
17.986784 -66.454888
34.704477 -76.616138
64.379783 -162.645156
60.639181 -146.130941
17.946621 -67.101468
43.756707 -69.314325
45.937641 -83.732986
47.240989 -68.713638
56.005007 -158.636689
60.793649 -151.037007
36.259545 -75.808165
21.215665 -157.256935
60.071748 -152.569121
63.48965 -162.041687
55.227999 -161.957455
48.164761 -123.981032
38.473548 -76.331559
21.795418 -160.23478
29.533026 -92.309357
34.359555 -77.635034
38.141467 -122.366273
46.570852 -87.392828
45.896476 -86.553608
36.97495 -122.140578
51.961113 -175.991547
29.435734 -89.574635
45.678223 -67.730845
32.475332 -80.392561
29.202549 -90.467233
57.042039 -153.200217
44.092164 -69.043403
55.770149 -159.334641
58.415872 -152.279508
56.562016 -132.520676
55.979617 -158.50984
38.827347 -76.288455
56.128207 -133.643257
54.177741 -165.399985
44.054614 -76.208735
48.628375 -93.184091
43.448537 -76.562826
36.436808 -75.989869
44.068017 -69.050622
56.416736 -132.233927
46.820415 -87.672015
40.438407 -74.088085
45.698051 -85.590769
41.988561 -83.216897
71.015227 -155.260042
45.972948 -84.10537
41.907261 -83.333642
46.369384 -70.129734
47.048912 -90.649574
58.867533 -157.116866
56.763523 -154.050518
51.498518 179.076803
57.790361 -133.639675
41.610863 -70.259601
64.397249 -163.150789
44.543661 -67.779457
55.62006 -161.587047
60.716889 -146.239512
41.822988 -81.092716
25.993074 -97.195834
46.301161 -123.724273
30.174745 -89.461275
36.165518 -75.939047
41.685002 -70.719575
38.229542 -76.966553
24.552103 -81.765993
42.363417 -79.546262
58.408235 -135.446517
29.386168 -89.508551
28.368057 -82.706112
28.488788 -82.66447
37.197297 -75.800755
63.420859 -170.92345
29.742576 -91.632829
55.527584 -133.517334
46.199665 -123.706667
18.454441 -66.03944
46.100625 -70.252413
60.18942 -144.534892
54.284361 -165.586509
61.513464 -166.079983
56.651932 -135.147761
39.685313 -75.509342
55.260448 -133.232727
55.090996 -159.609049
25.851834 -81.394476
51.969808 -176.736549
24.745827 -81.427121
57.583449 -135.557812
61.183258 -151.01262
30.001429 -89.201584
47.978938 -88.791959
43.547199 -70.235878
36.506235 -76.003708
29.281331 -90.057094
61.369118 -149.721711
41.057096 -73.450364
29.275664 -100.856469
60.410297 -146.094254
44.898199 -87.393399
37.825654 -76.680197
18.472611 -66.710743
41.282932 -72.9082
47.83343 -89.192681
39.478935 -74.302184
46.786103 -90.790231
45.355872 -83.488826
35.153061 -120.675074
57.715095 -133.582212
52.003546 178.190963
59.962664 -162.748554
42.334751 -70.930458
56.697886 -133.221517
34.882116 -76.33382
51.562313 -178.76123
58.517254 -135.986313
41.667205 -71.24155
30.752502 -105.140207
29.614452 -92.036787
51.871772 179.614364
45.174491 -67.291707
30.06453 -104.703582
58.201553 -135.112868
20.865646 -156.166746
43.897643 -76.209701
25.782257 -81.344779
47.148143 -67.910367
58.144473 -154.320496
57.023737 -134.565687
28.695658 -82.668722
48.004397 -122.306629
21.319632 -157.894518
44.227554 -68.525302
70.147204 -143.597879
45.669685 -84.996336
45.161004 -67.157919
58.820331 -159.79207
26.888499 -97.552325
38.263998 -75.954908
58.015007 -135.564307
57.601765 -133.934361
58.557721 -137.497002
57.25878 -134.136275
60.037811 -148.01326
53.510929 -166.633861
59.360454 -151.903021
58.008841 -152.765327
55.102222 -130.899297
39.470447 -75.542894
48.712219 -122.95182
58.242916 -135.306507
43.858004 -69.604616
29.786926 -102.073646
57.060455 -132.225186
57.241627 -156.399423
46.277001 -123.954353
43.535855 -70.352826
59.929307 -148.881286
25.737847 -80.172765
45.81601 -85.612305
58.135732 -152.265111
57.307781 -154.751537
38.736476 -76.255093
53.467007 -167.193801
34.920374 -76.762931
63.022191 -164.685213
55.761774 -132.283594
29.655488 -101.316661
61.108246 -164.891286
58.858046 -134.250526
20.82124 -156.631794
42.343346 -70.873749
56.995245 -153.543429
40.620756 -73.306396
71.196506 -156.038116
56.024372 -156.733749
68.587338 -166.231432
40.985596 -72.714425
39.039651 -76.301847
25.174791 -80.838227
52.796979 172.998472
58.345322 -154.097254
59.667303 -153.275175
44.312609 -68.430853
51.611539 -177.944957
41.605859 -71.333751
38.607709 -75.060032
37.938004 -122.766138
29.146263 -83.056867
26.774699 -97.368866
35.449152 -76.923698
30.026222 -89.716377
48.690804 -122.898521
47.327568 -69.053284
36.644856 -121.831995
46.464566 -86.927725
43.981327 -76.064897
46.750205 -123.898641
57.308557 -135.705483
45.279969 -71.331733
55.128991 -130.71013
29.831327 -84.683934
60.80934 -151.012016
35.978394 -75.668379
55.993323 -131.966861
26.061039 -98.033102
55.871037 -159.284188
51.989666 -175.807846
55.799837 -131.678213
64.880661 -161.102755
43.922871 -69.423323
16.9212 8.02595
55.931167 -133.443258
33.012343 -117.28077
25.161752 -80.655887
53.254822 -168.226915
47.999886 -89.921633
36.252483 -75.867356
60.368793 -147.9897
57.438173 -135.613576
46.049704 -84.647609
39.131709 -76.428681
45.808486 -70.39662
55.845886 -133.866988
24.623564 -81.401946
25.127054 -81.094524
29.255753 -89.969981
58.069811 -153.412933
45.01585 -74.826578
55.507825 -160.944265
57.45878 -135.943766
25.17955 -80.659224
44.321986 -68.896587
59.918265 -139.577232
55.128391 -133.229172
45.292746 -70.913732
55.897512 -134.130544
43.767135 -83.438878
33.888289 -78.018689
27.156512 -97.390078
45.347724 -123.979715
43.124799 -79.060206
40.989776 -72.689341
53.060139 -169.788193
38.369797 -77.296077
45.666551 -70.525831
48.545906 -122.873299
41.087955 -72.417945
46.410531 -70.080292
47.151474 -122.742928
37.842311 -122.314195
56.724184 -133.70568
58.913533 -160.16418
48.59885 -123.098755
63.409014 -162.42153
55.217298 -131.416951
46.48767 -85.033766
47.141956 -122.691772
45.801498 -84.580727
60.476345 -146.355728
44.449497 -68.448006
24.599468 -82.134857
44.013422 -68.610703
55.951712 -161.211273
20.145911 -155.624565
41.585251 -124.097385
48.485825 -122.835823
20.6241 -156.173393
35.137703 -77.046305
35.247877 -120.89679
44.512913 -67.523682
60.448742 -151.891541
29.605282 -85.069453
55.364151 -162.64991
14.9862 120.494
60.549747 -145.828629
44.015023 -69.061966
45.390522 -70.822268
30.327748 -87.155392
30.297128 -87.419859
57.293369 -156.32191
55.915995 -130.025929
46.409315 -124.057425
44.76889 -75.413885
55.930268 -132.069772
48.117731 -91.683801
29.242886 -90.583924
59.232537 -150.959531
59.661379 -149.997491
48.139521 -90.796809
38.222121 -76.752286
54.859369 -131.266049
60.933099 -147.181257
51.973968 178.552612
26.966348 -99.390189
58.365934 -136.905197
55.669919 -160.12563
60.309666 -172.30751
22.072567 -159.780096
55.285915 -131.470241
27.786123 -175.862808
71.294469 -156.524499
43.931596 -69.237368
43.753513 -76.213205
41.657121 -82.834092
54.126615 -165.750724
52.373548 -174.329818
43.964254 -69.441596
57.224434 -135.510132
36.042758 -76.442994
58.061242 -135.0707
53.093934 -168.433734
70.49119 -149.790427
26.926066 -82.137294
29.039801 -103.334819
41.897694 -80.814943
26.626407 -82.218342
51.909968 -178.002345
58.255638 -157.515475
38.147638 -76.665127
40.968398 -73.659972
26.827784 -82.289086
27.904178 -99.895828
57.940993 -153.233229
29.602619 -101.274677
51.473797 -178.274872
44.008489 -76.296487
45.01029 -74.846175
70.794368 -159.648383
33.350925 -79.152035
27.304138 -99.523658
47.986305 -89.886528
44.155899 -83.567744
48.244606 -92.387191
39.023013 -76.320274
17.939004 -66.385059
32.683051 -117.223868
55.244388 -132.877599
57.39394 -134.527759
27.875909 -97.345073
51.838624 -176.543309
59.853355 -153.228615
34.013959 -118.821579
46.870429 -124.055085
57.247077 -135.511241
39.621486 -123.782322
48.111895 -90.62035
43.811033 -83.442917
47.294462 -68.496719
45.698614 -87.099401
29.237954 -90.311663
39.191595 -76.255831
44.437893 -68.299063
53.386489 -167.842328
59.021763 -158.522231
39.312825 -123.811387
59.262666 -154.13684
41.432986 -71.455845
38.364214 -76.249666
56.714598 -132.55429
60.578072 -172.990891
56.858522 -157.436932
56.728632 -132.517127
58.768542 -157.537543
55.058788 -133.216675
26.236078 -97.32128
27.993715 -82.678606
29.12577 -103.015028
39.555401 -75.519026
56.494934 -132.818043
42.616333 -82.819017
26.213826 -98.500575
52.455031 173.445696
29.088534 -103.074407
37.201029 -75.800468
56.502002 -154.19728
57.21179 -158.453711
55.550623 -132.114654
48.304268 -122.72259
34.01 -119.437734
47.347496 -123.140169
37.964751 -122.490302
44.748235 -85.527216
29.066879 -90.470055
40.84274 -72.469996
46.055149 -83.858116
47.980731 -89.611412
45.589253 -85.530273
60.268261 -147.110138
29.313272 -91.19773
43.813259 -70.064671
27.718963 -82.494891
42.923357 -78.905659
58.417466 -159.046105
46.026418 -84.609063
43.772022 -70.056541
55.389719 -131.245545
46.642561 -87.49286
29.081086 -89.257283
56.516804 -132.446915
55.062954 -132.969803
48.098747 -90.438449
69.96451 -144.902304
54.894012 -163.399292
46.064544 -70.310609
48.99855 -113.110155
45.965173 -85.743618
46.85012 -87.73487
56.41658 -133.797592
59.842339 -147.533676
57.009935 -134.73788
58.127438 -136.306057
35.555166 -75.908534
60.508391 -164.961439
55.92256 -132.159064
55.479244 -131.831329
47.340082 -91.188772
60.440178 -151.891541
21.973005 -159.333224
48.092769 -88.744458
46.07597 -83.871201
61.279485 -150.591842
60.581158 -165.367676
44.037159 -76.321297
60.991209 -147.047088
29.794658 -101.561569
29.789323 -101.929709
25.437153 -80.320442
59.88623 -153.019977
41.48435 -71.295111
36.357579 -75.818735
48.122118 -91.682845
48.054323 -122.448419
38.250129 -76.811647
64.492149 -166.192078
60.351662 -146.197723
29.9751 -84.343041
45.006792 -72.023292
63.487711 -162.271089
59.311614 -150.911598
60.009212 -149.204853
37.811441 -122.407452
64.395327 -162.802266
27.834982 -97.448342
22.165252 -159.699978
58.096947 -134.105347
45.33974 -124.007494
60.646713 -148.113434
43.281254 -78.971866
41.465655 -71.430926
29.371999 -91.238515
38.220475 -75.143229
44.153698 -68.652366
57.00629 -132.071126
55.982656 -133.315679
60.129063 -147.914398
47.93503 -89.179154
38.831419 -76.277411
48.628941 -122.960861
46.241238 -84.108089
59.202813 -151.186254
44.953626 -85.48574
34.661184 -77.031105
43.775095 -69.306751
64.68029 -162.168516
51.357688 179.261618
38.857399 -76.35039
40.021307 -124.068908
38.144414 -75.849919
26.055813 -98.149463
32.564093 -114.795959
19.481406 -155.924124
56.510784 -132.986907
44.329763 -83.343738
48.601814 -122.831421
55.623844 -131.939318
58.762005 -135.016675
44.15969 -87.53994
24.550095 -82.115227
48.204789 -91.760874
56.560051 -157.298635
29.714961 -84.993264
58.065272 -154.668895
57.891895 -134.279221
55.853922 -134.240537
35.166788 -76.539719
17.932826 -67.194785
55.788822 -133.422058
58.163427 -134.401512
48.246732 -92.388112
56.809603 -157.462361
56.626529 -159.534961
55.261645 -131.516651
55.78873 -133.218121
58.924934 -152.074524
34.588577 -76.535946
52.558311 -171.142349
48.444778 -122.878654
27.289264 -97.536803
55.891045 -133.423355
52.983761 -168.483063
56.190075 -132.94191
44.535896 -67.656901
55.885502 -133.483826
46.788885 -90.856531
70.87174 -155.489811
43.334555 -78.747158
59.687778 -163.965622
46.052196 -70.27965
32.610326 -116.211033
64.985372 -166.690814
55.153969 -132.894852
29.691286 -85.317661
45.114141 -87.610073
28.614461 -95.982088
26.41445 -97.394309
43.672943 -83.816162
56.623266 -157.466497
18.491411 -66.780311
28.13318 -97.153601
41.120274 -72.335271
41.189726 -124.122677
48.585167 -123.201668
44.789679 -85.560488
37.49814 -122.467888
46.98648 -89.106277
41.929154 -70.030537
32.699676 -115.000802
45.16311 -87.195213
26.077155 -98.230097
70.89139 -157.708782
58.856348 -136.676388
45.178527 -85.593064
38.596805 -123.349612
54.184673 -164.848434
48.108359 -91.667527
43.597646 -83.703446
60.41443 -147.674351
51.96587 -176.003922
60.018373 -149.416828
63.354989 -170.55895
49.443 7.77161
55.084158 -161.799113
43.849545 -68.898045
56.090326 -133.300213
51.590982 -176.938917
54.298964 -165.62555
43.804135 -76.229268
56.926986 -153.894564
29.71439 -92.152786
29.806856 -84.579987
52.449466 -171.252316
44.235071 -124.111054
44.903056 -83.39396
47.292552 -69.050699
61.489995 -149.542776
55.091248 -161.866486
44.255622 -68.623554
70.994195 -155.36416
56.075507 -133.684209
56.140863 -134.238264
63.470589 -162.050543
67.046789 -162.676656
38.171976 -76.021941
26.560973 -82.118896
54.693136 -163.208774
55.042694 -163.226313
58.301643 -136.370979
55.54303 -132.060504
43.916331 -69.441894
60.402272 -162.407491
42.93989 -70.793996
70.130736 -143.887688
58.014438 -133.782152
39.478792 -76.104665
41.254727 -72.732813
48.999673 -105.578616
38.274229 -75.116837
42.155357 -80.071981
60.963492 -147.144639
48.603905 -93.398974
55.381844 -133.423355
45.969175 -84.17806
60.575755 -165.289651
18.143767 -65.46791
29.078761 -90.29293
59.219751 -150.996864
51.340582 -178.908883
29.28567 -91.134436
40.557204 -74.218189
45.267144 -70.84108
38.058932 -75.812913
48.999423 -106.233987
44.497418 -67.743353
55.666881 -133.394486
25.969781 -97.146881
46.262172 -123.564405
45.08303 -71.480897
48.643688 -123.127831
42.302814 -70.928185
45.254257 -71.198276
51.226135 -179.097619
60.192357 -148.082874
39.495369 -75.587729
46.991207 -90.949387
55.236542 -131.40004
35.276951 -76.467776
30.209646 -88.945498
30.015495 -89.422813
55.169236 -162.001711
56.124996 -158.350761
48.269431 -122.623779
45.271167 -71.344029
36.293414 -75.888211
60.349518 -145.10817
54.015501 -166.742587
54.250763 -165.558835
56.236227 -158.17493
36.210126 -76.043838
44.856963 -66.978142
60.896465 -146.711287
48.409907 -122.60198
55.122946 -160.01222
63.338022 -169.101961
40.314634 -124.347853
57.427761 -152.361592
21.3738 -158.1403
43.343421 -76.731039
56.541195 -132.44632
44.478815 -68.123203
55.803447 -131.539245
43.285635 -77.130429
27.758688 -99.80567
27.81568 -97.142799
48.117617 -91.691512
59.619501 -139.69728
45.487473 -85.770958
45.041492 -86.093166
64.644176 -162.219718
45.795279 -70.416922
48.788624 -122.942856
32.698843 -114.730453
60.658135 -145.66473
55.617915 -159.639619
60.680327 -148.347881
30.156422 -89.617542
48.623339 -93.178095
37.374495 -76.366751
36.289064 -121.874797
58.364613 -152.364682
55.983212 -132.01088
45.819222 -67.77763
20.91244 -156.691334
45.624771 -67.639741
45.273351 -87.465201
55.907013 -160.914276
37.503652 -122.130979
29.886073 -83.63798
70.789864 -158.976456
38.884814 -76.49068
36.265806 -76.171378
38.144599 -75.843862
36.601759 -121.889064
34.004994 -119.414528
32.945155 -118.551134
26.413178 -97.4195
55.288853 -131.615361
52.839348 -169.041338
30.375408 -89.315067
43.995637 -69.170345
67.031069 -162.514878
45.599338 -87.223647
45.045772 -71.49315
32.59937 -114.802361
45.177247 -85.531461
57.306131 -134.953011
45.77562 -86.428294
45.347198 -83.570361
56.650509 -134.309869
45.192843 -87.13303
54.598745 -164.932187
58.411629 -134.769806
45.934823 -67.773564
45.955234 -70.252963
43.675468 -70.101227
28.315958 -96.542131
29.667085 -81.211565
45.8479 -84.607491
59.850527 -149.666146
48.699971 -123.070427
61.254904 -149.9292
39.502381 -74.292034
31.761208 -106.507342
56.448073 -133.663094
63.377836 -162.437059
45.872034 -70.284204
47.671612 -122.754186
64.352647 -162.810004
28.377819 -96.559699
30.392898 -88.857828
44.046135 -69.073767
46.680375 -90.868468
56.664217 -132.348886
37.398068 -76.393125
45.159582 -86.04443
70.875299 -155.48798
28.495067 -96.223825
38.81444 -76.198138
48.007992 -89.706068
70.874201 -153.932949
37.780829 -122.514483
45.186279 -71.412946
55.999014 -160.898682
60.202062 -148.051918
38.345994 -77.162692
45.411273 -86.928045
58.162148 -157.493784
27.718206 -82.740323
61.051984 -165.011271
44.265475 -124.108945
46.716929 -89.957101
44.598014 -67.457747
58.416132 -135.897255
48.170657 -91.724584
35.797396 -75.538739
48.531329 -122.652041
66.999568 -162.233964
55.341679 -160.408615
27.907583 -175.743881
59.915504 -144.382446
52.051148 -173.612014
40.939598 -73.697974
41.479831 -71.296516
60.506866 -165.362975
55.895805 -133.383494
26.576723 -97.308635
39.663913 -75.518343
60.027561 -149.167987
32.934815 -79.612928
51.703268 -177.707802
55.136124 -132.714005
56.354299 -132.679401
42.249197 -70.770964
34.468354 -120.283001
37.734621 -122.365478
55.343537 -160.534943
56.403797 -131.067428
19.274639 -155.895435
44.662105 -67.169857
39.229047 -76.399123
60.340462 -146.655899
33.703741 -118.258687
49.000437 -118.002046
63.099053 -163.474794
48.576591 -122.937546
56.55542 -134.315001
56.502655 -154.529507
28.096536 -97.055567
41.108131 -72.128352
45.923673 -84.902913
44.612914 -67.395839
48.476902 -123.06723
29.204261 -90.560889
29.473542 -101.137503
39.246619 -75.18303
60.357273 -146.575439
48.320419 -122.515979
56.529453 -135.058238
43.523159 -76.410636
55.558956 -131.70343
56.851218 -134.171675
41.696535 -87.511043
52.243694 -174.249848
55.082391 -162.2068
39.278677 -74.560957
29.296679 -89.697258
42.609433 -82.683482
44.273378 -83.445805
44.897839 -87.217195
27.735586 -99.796342
41.059923 -124.154028
45.006589 -72.401298
57.309643 -133.807495
41.555656 -83.028072
39.190608 -76.534185
44.378504 -68.461072
57.891656 -135.146717
26.25221 -98.626654
26.254429 -98.585184
65.685552 -168.103708
27.01724 -99.415476
69.634631 -141.377718
48.163281 -122.633167
33.434608 -118.53738
26.032131 -97.758838
41.624145 -70.855162
45.393243 -70.687307
41.133635 -72.356087
48.103675 -122.884814
55.833058 -134.273156
47.186292 -68.909729
25.39801 -80.32578
48.088199 -122.920911
33.736817 -118.360505
58.38361 -133.460377
51.679374 -177.86796
58.663545 -136.331366
39.8341 -123.853764
43.669489 -82.605783
37.481785 -75.963326
55.360138 -160.333694
48.01074 -89.620454
45.778236 -85.507263
29.771213 -101.689992
54.761499 -163.144089
53.054428 -169.784393
55.579899 -130.752366
55.296622 -131.478569
70.176235 -146.335147
29.872307 -102.324634
58.519894 -135.02858
47.387841 -69.04288
48.654224 -94.246841
62.586796 -164.996048
47.28193 -68.432555
30.072714 -84.157278
54.605306 -164.91876
41.573659 -70.9473
54.297445 -165.61557
58.043909 -153.218115
58.030122 -153.202525
40.942197 -73.403462
51.828209 178.236931
60.807481 -148.338686
59.944626 -151.742742
48.237784 -90.875107
46.31326 -124.001264
29.264956 -90.367012
56.211489 -133.679544
25.225157 -80.49315
29.610095 -94.988871
48.183995 -123.099969
63.679832 -171.609439
35.8911 14.42634
46.492039 -86.645528
60.753337 -148.280136
26.016943 -97.643708
51.931635 178.468045
32.293771 -80.669868
51.635648 -176.903184
47.42696 -87.623718
59.961905 -141.73624
42.173184 -80.088512
55.912308 -131.586239
57.881232 -152.625607
56.00732 -158.494015
28.401684 -96.375958
53.912334 -166.211207
55.463674 -160.260565
48.426583 -92.480844
56.675616 -157.736799
28.660263 -96.305245
52.10059 -173.992274
60.699539 -147.451462
70.49645 -149.565278
21.414614 -157.741211
19.348031 -155.888701
29.449822 -89.592474
20.57876 -156.370725
44.247543 -68.241545
26.033043 -97.711145
40.987496 -72.665018
48.09718 -122.792902
59.666138 -149.842346
58.863077 -153.286163
44.771442 -67.05516
60.761204 -148.446715
17.939998 -66.932636
56.049238 -134.109868
41.314164 -72.094443
46.172072 -70.271192
57.4298 -152.320962
31.017804 -81.434923
66.991235 -162.385074
45.986134 -84.973556
29.276037 -90.582525
17.977438 -66.795106
42.007786 -70.670934
58.666138 -161.877213
25.305543 -81.1523
55.095993 -159.749207
41.266913 -72.754444
55.253393 -159.521096
60.559612 -147.551709
57.520449 -152.954939
66.210949 -161.198971
58.824982 -160.203796
18.321157 -65.322785
58.804652 -137.944957
42.653319 -70.689402
20.120028 -155.523661
47.856728 -122.608105
59.920309 -152.700822
56.027826 -132.47785
55.76672 -133.501282
56.144199 -158.553218
70.126113 -145.760443
26.795649 -97.368343
19.742536 -156.05722
45.746773 -84.37133
61.174004 -150.164047
52.329951 -172.301445
56.491367 -132.38938
48.800522 -122.698675
46.488617 -123.99268
55.173004 -132.897232
39.559922 -75.564649
39.438897 -75.57183
55.544802 -130.805309
58.780962 -157.050772
60.13501 -147.99411
57.973984 -152.723572
46.497378 -123.979053
59.14302 -154.260121
57.65252 -135.650701
60.45826 -151.960068
57.23915 -134.62109
63.612701 -170.095833
54.850835 -164.561546
58.257496 -151.86232
56.510171 -154.343096
49.000367 -120.978955
29.96944 -81.308978
43.317555 -78.834061
57.64611 -153.874286
60.971807 -148.017276
58.263443 -151.817108
48.011517 -89.625087
44.484901 -68.189937
44.477346 -68.162656
37.665772 -76.472392
55.954554 -161.027739
59.971184 -148.111298
56.238933 -132.843716
29.700193 -85.177284
58.71501 -134.947671
21.649546 -160.554123
42.600243 -70.635635
20.713654 -155.991534
44.576792 -88.036103
38.277004 -76.886535
46.405017 -70.100413
55.664402 -133.59169
27.894559 -97.134988
45.012881 -72.586752
45.167352 -85.552179
55.557173 -131.665356
51.832602 -178.788541
59.130283 -151.704041
56.040799 -131.103804
57.352845 -133.442682
56.618217 -169.789659
26.230845 -98.5616
59.502811 -151.46963
45.978675 -84.111174
54.108618 -165.575645
45.626386 -70.606193
58.954523 -136.52652
43.591292 -83.666052
41.67302 -70.644339
27.793767 -82.419066
48.321355 -92.000133
36.848654 -121.809363
44.048846 -82.990728
56.242283 -134.27217
26.725644 -82.263804
48.915582 -122.747514
24.710105 -81.490962
53.478115 -167.267902
51.552486 179.002896
48.999584 -103.355491
54.070126 -165.336836
55.476425 -133.429886
67.051777 -161.836325
48.619076 -123.10054
54.111083 -164.921464
38.571769 -76.308321
56.604616 -133.845474
45.123881 -71.428828
45.034201 -87.322117
21.189076 -157.064264
58.721951 -158.873439
55.942165 -132.066798
29.845905 -85.332289
29.015356 -100.653758
30.303097 -89.285744
63.835189 -160.766291
58.195107 -153.073927
58.64677 -137.676857
56.344481 -133.972953
46.787839 -92.094089
45.744991 -85.508522
68.951001 -164.130742
48.61235 -93.354135
29.718918 -91.830499
59.349886 -135.36153
41.33641 -71.886302
60.577987 -165.381052
44.404502 -83.321648
45.774391 -85.696259
64.833984 -160.986417
55.877769 -133.285141
47.876102 -89.255202
35.356762 -76.387965
60.911938 -147.115336
60.229296 -144.662685
55.491299 -133.412643
60.093333 -142.698419
47.085551 -67.832373
51.404933 179.33498
34.66197 -76.494068
35.984317 -76.398242
43.787398 -83.926345
55.064343 -159.448473
56.074225 -132.184581
29.70361 -94.692434
60.654804 -147.371521
66.342291 -161.1631
48.235834 -91.929045
57.842941 -132.869318
58.540583 -135.914003
55.204092 -159.560074
58.162978 -157.514474
60.344761 -145.178604
35.768194 -75.9869
59.777231 -151.113845
44.556252 -67.844513
37.9101 -122.389181
57.466352 -135.091216
45.02624 -86.100315
45.180876 -85.380464
37.894064 -122.458558
60.173451 -162.37187
36.021539 -121.569612
56.603773 -154.184819
41.247297 -72.904345
55.263905 -131.458939
46.466669 -86.803557
59.282569 -151.121548
60.161607 -148.305868
29.079344 -89.102913
28.216446 -96.703314
57.739216 -134.1277
31.895488 -112.867074
47.946594 -122.44079
30.282396 -104.757894
35.232913 -75.684006
34.038508 -118.543115
53.976091 -166.930452
52.857433 -170.050274
37.235381 -76.014026
61.805296 -166.094045
56.676239 -157.786513
36.147328 -76.7521
48.522705 -122.920296
59.158097 -151.710625
63.471312 -161.310181
55.405175 -131.80679
57.20662 -156.388592
48.626414 -93.348183
52.002741 -176.589955
44.445658 -68.119845
33.406317 -117.607905
29.253744 -89.95646
48.786321 -122.703106
27.005809 -99.407321
18.485523 -66.565241
43.87793 -69.307259
56.442201 -160.001477
26.177103 -97.178746
58.964141 -156.965206
47.737625 -122.733012
57.675347 -134.04537
55.860295 -133.92025
45.045157 -87.625748
21.889117 -160.228965
44.240794 -68.276857
56.963403 -153.873411
46.972251 -88.443901
56.112124 -132.708697
47.407425 -122.437653
61.045988 -148.373509
44.229331 -68.534595
46.980215 -123.991612
29.608019 -91.965027
53.110683 -168.412522
70.434135 -151.900033
52.580823 -170.735824
57.832101 -153.571362
47.226444 -68.006314
58.745715 -136.471242
30.357395 -89.363848
56.380295 -130.881454
27.901301 -82.432316
58.00371 -154.765287
56.965965 -156.893683
23.065514 -161.910767
18.298978 -65.277099
44.875593 -87.204545
66.059487 -163.146726
45.961461 -83.996471
57.91481 -133.999948
33.030999 -118.605534
55.541706 -131.716522
60.31059 -140.472292
55.409801 -133.250839
37.612807 -76.435474
44.059599 -68.654783
55.789503 -162.061917
55.377211 -133.116203
28.078452 -97.103633
57.449732 -133.969118
59.939776 -148.728048
46.735003 -124.080983
47.276993 -122.666786
26.931241 -82.061976
41.176186 -71.560969
55.083987 -159.53363
59.637585 -149.74622
29.276076 -100.864659
44.681852 -67.376742
35.959308 -75.80935
44.502056 -67.604919
41.206697 -73.05935
47.415996 -124.336724
45.467907 -83.881813
57.629537 -133.958454
20.916573 -156.217953
42.859107 -82.46822
42.434916 -124.434882
55.520255 -132.519556
43.849852 -68.908222
18.078195 -67.853098
63.186402 -170.154072
43.778035 -69.884066
35.031301 -76.364367
59.549245 -150.631158
57.871118 -152.459023
47.692234 -122.770684
44.478676 -67.855579
34.245641 -77.764022
59.808017 -149.784958
55.341536 -133.280701
56.310504 -133.664218
48.200432 -91.781182
30.101378 -84.06299
64.456869 -162.602178
41.906583 12.490778
41.691144 -71.445923
57.075736 -153.345082
66.602611 -161.968863
48.470951 -123.007149
37.504913 -76.352678
57.957331 -133.731707
56.085234 -160.482208
29.474465 -81.123896
59.322781 -153.413452
47.293078 -69.052278
46.530119 -84.128925
55.073067 -132.903183
60.732176 -146.699219
29.225877 -95.025338
59.276005 -151.399549
46.093811 -83.723297
37.723731 -122.506483
38.854582 -123.652212
37.945443 -122.480484
55.359341 -133.269068
26.512677 -82.024604
56.155127 -132.110818
61.00511 -148.09009
37.695364 -76.300067
43.162355 -79.046567
48.398029 -122.637339
21.13236 -156.726033
63.606897 -171.202557
28.657035 -96.572133
18.298982 -65.626456
60.821921 -146.333424
58.508686 -135.995834
62.656456 -164.843933
31.334067 -109.829689
43.55713 -124.233534
56.753227 -132.762964
60.006519 -147.376633
45.600121 -85.093525
48.663677 -122.910896
56.390823 -132.17935
54.424621 -162.556667
43.661695 -70.210825
43.693798 -83.549044
36.215949 -75.783676
45.159926 -67.404629
28.312296 -100.286471
37.720338 -76.312858
55.212824 -159.582399
55.13605 -159.494772
43.413356 -76.630774
25.760164 -171.751465
41.645385 -87.160784
56.598667 -133.873432
44.183231 -68.718995
55.889858 -133.382904
46.838448 -89.491252
29.886763 -89.236298
56.394926 -133.877775
55.131965 -130.832672
49.000843 -117.607323
48.260214 -91.989545
62.903919 -164.813007
45.256398 -70.849261
66.994581 -162.234302
21.162762 -157.274504
55.818687 -158.844467
44.652968 -83.289442
55.445214 -131.828446
37.611155 -122.358583
37.983628 -76.049608
56.988044 -133.96706
58.39067 -158.880927
70.7856 -152.283763
56.251352 -160.383094
29.121722 -90.691109
38.151476 -76.638983
60.910301 -146.736025
20.794606 -156.817427
34.416096 -119.671866
27.885001 -82.539318
41.595199 -82.725827
55.899846 -159.206312
56.848584 -153.807353
29.848943 -102.188672
43.959762 -69.193805
57.93544 -133.848776
20.744855 -156.890295
18.087715 -65.465849
44.068891 -76.20588
27.700307 -82.652521
64.632062 -163.217757
40.587703 -73.610873
58.765109 -158.771246
60.460893 -165.069693
57.223065 -135.836649
48.433709 -92.492078
54.96601 -162.705096
60.34 -145.254745
39.164407 -76.484023
45.867796 -86.749638
54.91568 -160.183466
60.975876 -151.573698
48.125811 -91.176181
37.703111 -75.859262
56.279692 -134.824902
17.25636 -88.77332
48.20965 -122.744612
29.694453 -94.693154
45.27333 -71.256441
41.672575 -71.372988
28.166143 -96.967631
28.687744 -96.657918
70.862931 -155.968559
43.683734 -70.173571
57.850991 -135.389894
48.240527 -92.314665
63.355943 -169.415329
44.311031 -68.738762
29.318066 -89.223444
29.306609 -91.123491
37.590637 -122.517187
47.429969 -88.239161
48.607773 -123.195717
17.89561 102.64009
29.97765 -89.852312
54.103538 -166.098255
43.962202 -76.169802
56.852925 -153.714644
55.290183 -159.87969
39.343857 -123.822085
34.469927 -120.118411
31.55594 -81.254218
55.100889 -131.614095
59.257739 -150.996808
60.165437 -148.316849
38.503452 -76.263968
59.145512 -151.854416
35.387113 -76.59198
47.720643 -122.880462
41.678433 -70.646308
46.983353 -88.404498
45.613597 -67.64581
29.644949 -84.925842
39.169408 -76.508384
59.563692 -135.027456
58.927753 -153.365371
55.8129 -159.607973
41.051467 -124.148939
58.409141 -137.018409
55.237617 -132.164031
39.319334 -76.185581
60.579488 -165.268717
53.809345 -166.404896
43.339261 -77.785132
47.74304 -122.507638
47.992841 -89.541521
57.982315 -134.194512
55.219404 -133.047136
25.179367 -80.798356
59.874697 -165.908502
35.778301 -75.738233
44.183017 -68.847249
41.264796 -72.786142
44.755293 -85.571301
57.336916 -135.851162
51.65052 -177.929023
48.691757 -122.890434
29.384385 -89.816916
21.334594 -158.119427
41.534536 -71.417398
56.551493 -153.868461
43.543969 -82.585654
42.302101 -70.935272
54.620131 -164.084894
56.049174 -132.621492
48.014482 -89.968255
64.44792 -161.483299
55.805981 -133.466187
45.833888 -86.645998
30.277292 -87.755263
48.134079 -123.473379
41.294386 -72.250515
58.70931 -153.445002
48.00293 -89.564288
44.87319 -85.532931
56.915772 -153.935992
45.71192 -86.580936
25.354953 -81.117265
55.550835 -130.978916
45.75685 -86.455534
36.113674 -75.71831
47.274243 -69.047846
48.656163 -122.500308
60.118355 -148.000046
60.054468 -148.305725
41.488776 -71.317414
48.288991 -122.626757
58.911411 -136.820679
58.433829 -152.320554
46.50316 -86.696001
59.04942 -137.045296
29.106554 -89.051953
35.548814 -121.101595
21.190952 -157.251007
44.034184 -76.329033
39.386521 -75.422099
51.916378 -177.426834
46.0996 -70.254021
45.956068 -84.254952
39.249214 -76.386932
47.398582 -122.526733
53.605779 -166.559117
57.498212 -152.94901
59.455794 -150.296351
54.108122 -165.565422
58.027722 -154.876559
47.358906 -122.526031
66.783324 -162.073714
55.578936 -132.32928
17.950925 -66.398945
29.759671 -101.453499
57.333119 -133.28351
54.918249 -131.195411
57.771987 -152.317267
30.210172 -88.401466
29.084537 -95.136221
41.661225 -70.758198
25.222276 -81.172044
54.946005 -132.581367
29.76766 -101.714224
26.784674 -82.269499
29.608504 -92.053444
58.941116 -152.004089
70.272504 -161.834651
45.987242 -84.514123
36.17711 -75.839924
19.124296 -155.512137
70.185273 -147.402283
58.712247 -136.012226
45.693705 -67.817892
41.051859 -72.153857
29.171817 -82.979522
30.066107 -89.178581
26.897319 -82.172941
48.015628 -89.934489
46.01908 -70.317629
44.79878 -66.989351
46.094325 -70.28978
56.536939 -169.582624
55.040152 -162.299619
20.795545 -156.003532
32.644617 -114.76331
69.02886 -163.858069
56.633089 -133.679352
55.401739 -132.390782
18.057482 -65.825848
45.962692 -70.26541
58.40434 -152.864939
55.556578 -131.696884
57.825384 -155.338153
59.993495 -166.995748
60.320137 -172.231354
59.338726 -150.749405
30.322393 -88.506226
51.12956 71.46867
30.329626 -88.45381
69.973611 -142.498036
55.016998 -131.283432
58.851365 -136.046281
56.095702 -158.438315
55.107436 -131.605302
27.673891 -97.228081
55.22239 -132.075095
43.396702 -86.435124
55.861149 -131.562445
49.002357 -122.75802
48.07168 -91.350521
45.721668 -84.604712
57.031194 -134.497718
39.329208 -76.298778
63.5478 -161.102721
57.33502 -156.511412
29.267677 -89.959509
64.542417 -162.940776
38.679304 -76.322418
37.666201 -76.489576
57.08882 -153.870938
28.388364 -96.388073
55.762174 -132.265071
45.787819 -84.433197
45.489349 -84.056138
56.603716 -154.081829
38.187066 -75.942375
27.544094 -99.521919
35.978262 -75.86042
46.303063 -123.974509
44.10973 -68.943105
46.51475 -85.054943
55.73464 -160.015223
47.230162 -69.004102
29.353327 -102.879534
59.740377 -149.882325
57.863721 -152.650456
44.032118 -68.828465
38.798189 -123.571987
59.602894 -139.672408
21.46978 -158.219446
47.219292 -122.659645
53.879236 -166.57509
56.901854 -156.839322
39.469642 -76.002926
58.534077 -135.895088
38.281923 -75.906306
26.723896 -97.370438
40.975334 -72.760031
29.225945 -100.791372
24.73592 -81.338943
61.010902 -151.4803
44.17987 -87.51966
51.903013 -176.616095
65.338406 -166.551097
46.142762 -70.239566
44.058119 -86.514702
58.58301 -153.905507
54.204253 -165.391441
46.768021 -90.739425
58.146067 -154.460121
47.511066 -122.474686
51.963005 177.345577
57.383518 -135.691043
30.342186 -88.714077
60.953121 -147.220809
37.781391 -76.683775
41.868933 -87.616251
67.535699 -164.007032
24.908121 -80.650765
47.836967 -124.539927
44.664035 -88.002085
31.570436 -81.160364
56.751193 -154.085088
56.595844 -134.985881
43.765948 -69.948539
59.851261 -149.390488
57.74299 -135.024837
30.183076 -89.522814
48.883376 -94.683127
48.637981 -122.881386
44.936542 -124.025678
41.739351 -124.185363
46.865127 -124.061051
55.819664 -133.605377
26.456907 -82.038403
47.239479 -68.653902
60.894219 -147.451569
66.91986 -162.497438
45.841042 -85.581467
45.165549 -67.230201
53.715467 -167.022385
26.306513 -97.194644
55.629944 -160.396888
41.073558 -71.857494
40.925097 -73.402963
57.059315 -153.92519
69.570272 -163.074128
59.658847 -153.393849
48.6849 9.02955
48.594673 -122.966576
41.88448 -87.613556
27.498896 -99.52832
59.251552 -151.011842
27.671208 -82.723022
40.411108 -74.006383
53.626502 -167.084579
48.081085 -122.516906
39.506715 -74.311037
52.064844 177.632555
55.118903 -162.218192
48.282961 -122.620748
36.938647 -76.330765
41.08812 -73.352051
38.125123 -76.095548
28.988644 -95.238924
57.833836 -134.189758
27.892303 -97.110173
28.336511 -96.415248
45.816372 -84.58905
56.604059 -154.514078
56.217704 -132.718342
63.113685 -163.507217
40.991349 -72.095456
60.140127 -144.285357
27.962117 -82.831388
57.305116 -152.752121
52.792675 -169.927446
59.867321 -147.879883
55.223568 -133.253555
70.203299 -147.648
34.939622 -76.818611
47.415921 -122.348035
41.657307 -124.135552
44.845339 -85.519096
37.239481 -76.813832
39.365191 -75.511788
46.977984 -88.411145
40.695457 -74.01849
46.48225 -84.65388
57.656376 -155.629912
56.269192 -132.960358
42.491737 -124.421381
49.343409 -95.153284
47.140209 -88.250785
60.375454 -146.106354
33.32182 -118.456309
29.998821 -88.833725
38.198514 -122.96637
48.108381 -90.19509
58.286709 -135.78338
59.62426 -139.671585
48.564775 -122.504428
37.72441 -75.556868
58.611782 -159.979172
60.369604 -152.300622
43.401241 -76.642672
55.530525 -130.790437
46.555026 -86.695645
60.770722 -146.464824
60.447915 -147.715312
41.101524 -72.084207
43.163625 -70.618973
20.781667 -156.464043
26.265619 -98.698856
29.834277 -84.65645
58.762362 -159.390664
36.21657 -75.848838
45.524208 -86.669609
42.977512 -70.61203
57.558328 -155.988113
48.14578 -123.534879
51.893455 -175.957546
64.786156 -166.481076
31.90918 -80.934508
46.712463 -85.020159
25.702855 -80.152896
60.726814 -151.784039
55.653694 -133.575638
48.157937 -123.831571
47.708715 -122.511196
30.358713 -88.624523
36.447462 -76.012337
20.527644 -156.539643
35.034144 -76.490258
48.009308 -89.637173
53.394432 -167.839887
48.121272 -90.577065
28.625148 -96.497612
41.942241 -86.582197
70.902679 -155.487574
61.031822 -150.353702
35.586641 -75.859636
42.603434 -82.789017
32.623353 -116.04662
45.061072 -87.496415
30.04101 31.23354
38.344908 -75.865325
28.596649 -96.233998
33.284728 -119.532941
45.184624 -85.613174
60.451187 -146.247147
60.780301 -148.405576
37.26395 -76.417173
56.800766 -157.283764
59.661379 -150.063164
60.574059 -147.555392
44.834852 -86.066031
28.551899 -100.411414
43.469127 -76.506858
55.830963 -133.622635
38.227079 -76.05801
29.351371 -100.971743
54.902122 -164.295033
51.705106 -177.490005
53.717746 -166.894976
37.626208 -122.365455
53.940735 -168.043457
48.11636 -91.692843
70.425878 -148.69877
42.427697 -70.913192
55.285435 -133.316605
71.110959 -155.146948
26.906518 -82.093023
48.105048 -90.410347
24.76721 -81.324638
59.343483 -150.650421
19.08878 -155.551129
42.991337 -70.756701
56.37255 -160.196329
63.633134 -162.427696
55.720166 -131.852144
29.194113 -102.932612
44.062229 -76.154483
36.815186 -121.791544
60.939864 -149.192519
27.835004 -97.04598
48.334346 -122.424102
47.55012 -122.398338
44.166612 -68.87868
19.728917 -155.063972
56.108742 -158.455297
44.451324 -68.281015
55.958795 -132.041795
34.275689 -119.313034
3.7538834 8.7427755
47.241394 -68.639
27.866391 -97.440251
57.15662 -135.549988
59.697176 -135.231148
45.253672 -71.127962
43.662562 -70.207341
63.547724 -171.840382
45.512772 -70.722845
29.463536 -89.991961
29.662132 -91.627286
30.094045 -84.18806
27.88888 -97.107588
54.373254 -162.760396
54.657711 -163.421708
41.662643 -71.409302
21.191662 -156.951654
48.534442 -93.818375
69.896598 -142.239873
41.303702 -70.768687
45.765619 -85.077313
55.180879 -160.047358
18.323666 -65.327318
61.098812 -146.25674
41.628849 -124.116037
64.852281 -166.407315
47.044746 -90.677528
60.387257 -151.30609
42.260638 -83.110922
18.961951 -155.625256
27.837968 -99.876003
27.04073 -97.464516
17.928613 -66.159742
45.968185 -83.881058
51.874561 178.018402
56.562388 -154.393868
25.885605 -81.663821
44.006224 -83.058741
55.888458 -159.528349
57.422267 -134.926516
41.425767 -70.857528
48.47294 -122.657753
41.682577 -82.801539
29.536894 -91.969315
60.911362 -150.770594
27.467297 -99.483819
40.795275 -73.776032
43.856509 -83.917875
40.997587 -72.585327
57.241868 -135.561883
29.344251 -90.031815
53.421236 -167.851698
30.635206 -104.983981
59.949294 -149.025005
35.1028 129.04
32.835781 -79.702956
55.262234 -133.470673
30.786492 -105.215967
40.8529 -73.728275
56.58334 -169.683639
60.605671 -172.951859
62.963722 -169.757514
29.351639 -102.86163
55.318488 -160.856621
47.992525 -89.018303
38.893594 -123.688099
45.330863 -85.252193
25.717233 -81.328935
70.545698 -151.816701
41.877011 -70.066002
56.062711 -132.967198
29.128824 -90.234405
48.0041 -89.63728
55.799349 -130.984773
42.780068 -87.75617
66.069487 -162.129709
59.600928 -150.347696
58.591255 -136.14978
59.055296 -153.83818
55.180141 -133.237488
18.103224 -65.57686
45.304584 -71.089483
48.517347 -93.741843
59.993553 -144.291061
18.281015 -67.189971
29.201046 -90.399465
59.420885 -150.650046
25.181775 -80.63364
60.331594 -148.216921
-12.10084 -76.96852
58.783112 -135.2432
18.334707 -65.245756
66.454874 -163.761967
51.844444 177.334017
58.019211 -134.244051
34.632926 -77.136843
55.155055 -159.493398
60.910421 -147.226303
51.883142 -177.19912
48.649189 -123.156708
39.285049 -75.427953
66.309398 -161.876955
44.269466 -68.486046
41.67192 -82.805423
59.280341 -139.044593
55.102211 -162.223528
41.016397 -73.528866
60.712657 -151.710444
51.950829 177.611553
58.245815 -136.287018
45.673635 -67.706092
55.247957 -132.831795
55.901566 -133.269089
48.607593 -93.40366
45.923832 -70.263313
39.108422 -123.713392
41.80852 -70.003842
62.047145 -165.748641
53.29962 -167.83509
46.319247 -70.207046
25.184556 -80.655331
29.707482 -102.690238
65.297983 -166.377721
37.704474 -76.302803
66.397046 -161.525554
57.147102 -135.540466
21.3961 -157.7189
33.853315 -77.960172
45.395208 -70.683543
29.136311 -90.243435
55.226987 -131.733145
45.670472 -85.503767
37.717572 -122.370411
42.668358 -79.062261
55.52414 -160.909625
38.645956 -76.52462
37.145395 -76.73032
42.937752 -82.447142
29.749066 -84.716994
42.537989 -82.670956
29.137879 -89.0558
28.989731 -103.260308
55.353188 -160.326462
48.999049 -99.913705
37.52134 -122.516689
38.397669 -77.310719
43.665986 -70.239512
13.736166666 100.546444444
31.35281 -105.945903
31.155903 -81.360791
38.738238 -75.079221
63.615484 -160.97485
49.00051 -97.411216
57.721921 -134.731798
41.557498 -70.655365
41.7923 -124.245027
41.654265 -70.757622
52.893269 -169.749177
32.6671 -115.465164
27.730355 -99.785366
60.212931 -151.421702
56.449539 -132.253393
18.382211 -65.733567
56.570611 -135.056756
45.791802 -86.581071
58.157308 -136.215116
39.311608 -76.280778
66.307126 -161.079328
59.932773 -152.693674
44.973996 -85.520034
48.999572 -103.856072
61.070698 -148.125128
27.970477 -80.508871
48.649521 -122.585251
58.906577 -160.156529
48.416453 -122.665338
46.008458 -85.617709
38.30313 -76.381493
25.74437 -80.197674
59.396777 -153.990003
55.438354 -133.618469
46.478298 -86.636671
27.309537 -97.65589
57.05291 -135.377763
60.349758 -147.993515
39.626768 -75.570798
54.21418 -164.794174
29.195224 -90.473273
53.988605 -166.105743
38.445572 -77.016371
70.4857 -149.179148
60.713068 -146.257663
30.245391 -89.424624
52.107962 -174.656294
39.345808 -76.258377
34.272761 -119.302131
28.576293 -96.564279
41.888192 -124.208439
45.617083 -85.079528
58.727845 -158.812116
28.08473 -100.053123
29.625226 -94.708741
42.592249 -70.670442
29.066608 -90.637495
55.005158 -132.197614
56.323542 -133.972001
33.605521 -117.927091
46.800219 -90.733001
47.803303 -90.075559
47.925139 -122.616701
55.357452 -133.510193
58.924854 -135.316025
53.876851 -166.250935
29.257502 -103.789034
43.633158 -86.540916
37.875305 -75.428956
51.815737 178.319389
34.395495 -119.536957
24.64421 -81.50874
60.680977 -148.21051
29.176113 -83.061162
51.480461 -178.272018
38.228561 -75.895689
67.867844 -164.907297
55.274364 -131.850839
45.785587 -86.428423
45.412067 -86.861472
37.618225 -76.279447
48.085507 -122.321709
48.523326 -93.603752
47.295796 -88.06009
31.465976 -106.205827
47.04264 -124.106378
55.242564 -162.843172
28.049423 -97.169782
29.311357 -91.291821
52.375651 175.906734
52.048757 -174.411255
37.386839 -76.245283
56.89451 -134.03514
58.600236 -157.281327
46.073532 -83.974136
41.681756 -70.661475
37.61253 -76.533777
56.846524 -134.41894
44.313705 -68.489641
29.111229 -89.385117
30.97091 -81.466814
45.744751 -84.840981
57.710818 -133.891845
30.036671 -89.372375
51.987549 178.478586
69.589156 -163.118176
43.903133 -87.726803
37.173875 -76.663774
29.863117 -102.281249
48.495342 -123.017258
33.228167 -119.429559
48.615612 -123.037956
55.062679 -159.770142
30.187677 -89.490099
42.655725 -82.765583
28.280081 -96.608123
46.495055 -84.264266
29.625647 -92.02532
47.967922 -89.095207
27.628361 -80.350553
48.190975 -88.422601
28.656475 -82.675596
53.923785 -166.646786
65.576355 -168.0752
52.314105 -174.367047
44.396879 -68.984404
55.05578 -163.774093
60.688102 -146.517848
59.881494 -152.967267
59.638856 -153.392022
57.924486 -152.388626
26.36585 -97.388965
44.386917 -67.985668
38.119472 -76.338535
45.331545 -71.005087
55.19957 -132.12737
58.9363 -135.17491
41.6399 -71.343666
59.741201 -138.560226
26.662739 -82.099922
49.000909 -115.990685
59.233136 -150.942212
58.505023 -134.816206
29.763299 -93.538462
33.91909 -120.168974
47.286652 -68.389863
38.600699 -77.183767
55.044514 -132.912094
42.784002 -82.471159
33.378243 -79.147496
52.007488 -175.323322
47.084318 -67.823304
58.010777 -134.091885
66.223591 -161.320778
60.224217 -152.556752
41.478204 -71.33438
24.791561 -80.884572
60.275517 -148.0392
52.786254 173.142678
26.802452 -82.055076
39.684122 -123.792659
45.417639 -84.916165
21.172208 -156.896537
46.091438 -83.821236
53.945204 -167.031252
55.302503 -160.580088
51.797016 -176.917088
56.804713 -157.290511
33.280328 -119.547642
44.209517 -68.487227
45.613262 -86.62387
41.324526 -71.970955
41.518364 -71.330831
60.550692 -165.420349
35.983001 -76.684922
43.789723 -83.471788
33.003903 -79.403712
38.9295 -123.72763
64.436702 -162.83654
43.127603 -70.634455
46.386503 -124.058351
26.207166 -81.81681
51.670676 -178.069823
45.399359 -70.729972
60.506384 -152.309221
55.951485 -158.673246
54.132558 -165.629725
61.209947 -150.941944
24.742827 -81.036698
18.391237 -65.588128
67.044467 -162.782401
29.959455 -89.574997
60.685478 -145.931436
55.134399 -160.794198
48.180756 -91.082731
48.137753 -123.401526
30.390798 -88.971233
18.455305 -66.179218
41.649148 -81.466038
45.968925 -84.463128
45.070783 -87.079552
57.020314 -156.562827
60.545825 -148.408487
55.383473 -131.233484
29.171211 -90.981458
47.295628 -68.376955
41.46722 -71.300438
48.006898 -122.83745
53.425269 -166.975314
24.585192 -82.102142
43.84066 -69.558122
42.480195 -79.36213
29.225015 -102.866846
28.611408 -96.148501
45.695833 -86.944158
48.583949 -122.739898
39.278771 -123.803848
55.789939 -131.705259
34.071214 -120.368584
58.934452 -152.009796
57.241684 -135.450043
54.942544 -163.036062
41.686647 -83.37573
60.392389 -166.493543
48.185213 -91.062918
60.021988 -147.59436
54.97293 -130.27556
37.996167 -122.452995
67.055476 -162.699069
47.862062 -89.923649
41.187244 -72.177689
56.986488 -156.5472
66.6457 -162.069068
52.116554 -174.206353
27.696696 -97.253955
37.972594 -75.783815
36.284674 -75.882154
43.945148 -69.331055
48.529877 -93.540369
48.678909 -122.794777
29.533159 -91.947006
44.939753 -87.17524
53.776841 -166.960681
48.009798 -89.685986
38.311402 -76.402894
48.542931 -122.869141
56.856714 -134.187063
46.595215 -87.403275
28.121758 -97.04367
27.023008 -99.446524
59.731587 -153.374778
43.837016 -69.630268
61.208644 -150.946243
59.313364 -154.077942
45.995613 -70.284932
29.033394 -103.332446
60.421558 -145.152365
60.668235 -145.968734
25.721833 -80.164461
56.98645 -132.81424
46.462785 -84.455256
71.108006 -155.064558
57.611131 -157.691291
53.252253 -168.361758
51.761426 -176.497054
59.995931 -149.103051
60.165272 -152.699879
47.182883 -68.895685
42.583397 -86.228082
30.600938 -81.443099
25.253061 -80.394469
57.801476 -134.108856
54.826322 -132.332661
66.866623 -162.228675
48.644203 -94.076675
38.347327 -76.975492
56.326892 -133.620652
57.555 -135.589542
29.14451 -89.428965
22.229185 -159.559643
46.043228 -83.77018
38.367917 -77.138224
31.867474 -81.014478
31.134113 -81.399677
41.786671 -81.184368
54.841216 -162.282944
41.610184 -70.651986
47.334435 -87.958386
45.151069 -85.989412
28.580364 -96.482854
45.412903 -86.805868
55.24725 -131.440491
41.641145 -70.769318
52.862669 172.766693
39.179425 -75.136548
29.77128 -101.662453
56.223536 -132.310098
47.347508 -68.374487
28.428054 -96.831958
18.10832 -67.848245
61.012933 -165.083282
60.224323 -152.743388
60.032253 -151.702898
36.340428 -121.892917
43.987077 -69.08683
43.6633 -70.171136
55.346298 -160.403351
35.097094 -76.568945
39.402291 -75.442393
57.392681 -152.285751
46.754331 -91.590684
29.176308 -102.953475
56.20946 -133.942205
42.836784 -82.472681
53.267876 -167.51547
41.126396 -73.247958
30.68319 -88.012444
58.986903 -153.463266
57.106778 -135.805945
30.658862 -87.955989
44.158741 -68.709631
45.168587 -67.233047
37.109843 -76.656894
29.648567 -89.535202
55.919388 -160.847656
48.789063 -122.699303
55.763591 -131.62669
55.238922 -131.428009
38.967312 -76.474882
59.779401 -149.585368
58.064053 -153.418343
52.371004 175.874353
68.778706 -166.187795
60.371647 -148.055374
49.000546 -117.8761
57.305192 -133.489738
29.775071 -93.295573
25.837377 -97.394513
56.495592 -133.376245
38.167988 -76.802968
46.786711 -88.462349
46.483923 -84.689672
33.348782 -118.32446
33.804315 -118.394307
28.961546 -95.272266
43.197417 -79.050744
48.233383 -92.378343
35.1196 -75.9547
51.616235 -176.809
35.328659 -76.165392
48.59338 -93.438494
57.962099 -152.470336
57.717967 -153.549605
45.493417 -123.96634
56.098553 -158.659738
44.771329 -85.636097
66.436875 -163.798687
47.39149 -123.120234
36.053775 -121.589183
58.396414 -152.129257
25.936704 -97.303602
42.471836 -82.883915
44.214543 -76.206777
19.48129 -154.822968
41.606382 -70.400581
56.254585 -132.776045
59.646966 -151.643061
57.187346 -152.949333
56.9308 24.02879
59.81759 -166.119084
29.031603 -89.202563
41.73574 -70.718739
56.896064 -154.22356
58.376372 -153.999323
28.668914 -96.635018
29.058358 -89.259354
51.807597 -176.911016
42.297405 -70.927979
36.231118 -76.725021
44.548093 -87.917
48.634673 -93.91153
60.937008 -149.571329
43.666756 -83.816162
70.603794 -152.355679
28.171497 -96.945621
45.939095 -70.24092
41.47404 -82.184774
42.381759 -70.972706
59.545891 -150.60223
29.63735 -91.560908
46.00572 -84.533426
55.861149 -131.911036
49.000258 -119.701218
29.52974 -91.517274
54.892864 -132.808853
60.968855 -149.83558
47.287803 -68.415861
59.999445 -149.090072
59.032233 -158.504147
29.331832 -91.129677
38.137141 -75.959616
29.487254 -94.913385
45.310612 -83.445672
26.303096 -98.745272
29.640798 -83.404081
27.684529 -97.19508
28.63624 -96.570243
53.955354 -166.605438
47.514532 -90.939072
45.950968 -85.998868
55.601788 -130.950923
48.670721 -122.618225
43.75117 -69.782283
36.163591 -75.924654
57.157211 -135.514893
60.173676 -152.600616
54.183433 -165.793781
60.359671 -166.387184
59.222767 -135.403687
32.90628 -118.535823
36.319615 -75.895285
29.714693 -81.229015
25.226936 -80.4887
29.830385 -89.383217
48.104303 -90.116259
54.954667 -162.559391
21.434881 -157.791718
30.08556 -84.237014
35.901393 -75.962562
52.280405 -174.368754
55.044956 -131.213226
43.715369 -83.939297
47.738979 -122.850424
51.400557 179.400809
56.180941 -134.105098
29.659787 -85.352615
29.169099 -103.656808
70.494928 -150.651175
60.750458 -151.864958
41.432239 -70.883247
55.612603 -161.35767
59.132187 -151.433731
41.617541 -70.25542
55.03656 -162.41351
47.161053 -122.628181
46.977528 -90.931534
55.891976 -159.033869
46.626228 -87.467563
37.712985 -75.837685
29.99382 -89.273315
40.442908 -73.991682
48.99958 -103.988925
40.86033 -73.770552
63.120153 -162.919727
60.846589 -148.345669
32.872705 -79.655426
38.33521 -123.068437
69.975242 -162.481016
48.262471 -124.238582
26.051651 -97.836608
43.903316 -69.459637
26.76634 -80.037462
57.330625 -133.274829
55.68134 -159.680635
60.791268 -148.133987
45.332188 -70.985595
41.817571 -81.112885
65.948095 -167.139524
28.398426 -96.780792
49.369439 -95.126467
33.018637 -118.564527
56.60935 -154.136739
54.987642 -130.259079
26.335356 -80.072264
48.19913 -91.714931
19.678908 -156.029281
48.172717 -91.709383
55.388639 -160.7778
44.684141 -87.368263
46.065857 -83.764122
57.091742 -132.832092
43.6272 10.292
60.310496 -165.71451
48.528684 -93.547191
17.959238 -66.058217
36.039073 -76.451418
41.469917 -70.757171
44.52981 -67.805479
57.501777 -133.52583
59.698302 -140.3144
46.844259 -91.178292
29.064262 -80.907275
53.81788 -166.128226
56.072209 -132.153984
63.058334 -163.053996
66.859956 -161.782218
30.888941 -105.399609
47.238353 -69.023826
40.488405 -74.27269
28.013297 -96.965188
46.53392 -84.226131
58.824304 -159.501768
52.902378 -169.995982
44.059373 -76.21397
46.833929 -90.675364
57.475311 -133.972092
48.014978 -122.697185
60.853544 -147.766961
58.42347 -152.35609
41.691247 -83.409531
46.988831 -90.92321
40.818546 -73.804518
42.594296 -70.672583
40.06611 -124.080709
58.206284 -152.207488
59.281058 -151.071902
35.333156 -76.588055
58.462919 -135.923268
62.597565 -164.843933
25.77659 -171.71846
52.028354 -175.000792
53.520508 -167.901871
43.400942 -70.406416
41.303203 -70.244435
44.020139 -87.683361
28.208974 -96.939672
39.592944 -75.537213
55.564907 -131.718292
55.304162 -133.235129
28.408862 -96.749013
56.234172 -132.615797
30.803109 -105.238364
57.412375 -153.811506
33.707091 -118.277208
29.919588 -89.378601
43.471136 -76.515882
59.100548 -154.166745
25.031301 -80.48912
44.838233 -124.054151
47.189236 -88.236892
37.636098 -76.292534
68.442261 -166.328459
41.252466 -69.965725
44.652472 -67.367298
48.86895 -94.692527
51.853033 -177.614511
57.248226 -135.470871
44.143274 -68.780693
70.495325 -149.314473
29.108067 -90.250044
60.761063 -146.085107
29.82444 -91.845836
39.621968 -75.611969
25.878758 -97.48606
55.309469 -130.864918
59.674735 -151.121362
44.504425 -87.483914
46.497008 -123.988386
29.616041 -91.838295
54.966434 -131.499359
58.173583 -134.446657
55.430027 -133.550049
44.229669 -87.508419
71.02745 -155.177
38.178093 -75.951566
48.094242 -122.491104
47.892467 -124.630153
55.96161 -131.33916
30.138612 -89.640989
56.087947 -133.307946
48.23703 -92.325304
48.610855 -123.037956
45.268983 -83.381743
45.664106 -84.435415
58.024907 -133.799284
57.195286 -133.52466
44.376405 -68.086268
48.011516 -89.954605
55.826611 -133.218521
34.041979 -120.319032
48.373604 -124.590733
41.672575 -71.280366
44.990662 -85.606588
58.761182 -158.400475
57.677508 -135.684951
55.118376 -160.187261
45.985441 -84.482442
41.160281 -71.613133
42.581732 -70.668022
54.032388 -165.894444
17.988521 -65.884937
60.812271 -146.394369
44.51379 -67.560646
57.629764 -133.817662
60.661942 -148.090591
60.753128 -165.023904
60.674793 -147.341064
56.317445 -133.163212
59.275762 -151.03243
41.603664 -69.976478
46.150076 -70.240264
67.725606 -164.533937
55.02599 -130.221512
55.180379 -159.983499
58.227637 -134.066735
46.690211 -91.886963
48.675308 -123.228539
26.466614 -97.441383
54.781554 -130.617106
29.313792 -89.224192
59.807616 -153.144372
44.143961 -68.786886
36.200129 -75.838367
38.590008 -123.343338
47.311729 -68.153275
47.093455 -67.849008
70.730068 -152.370808
37.350127 -75.726691
48.102399 -90.330052
44.401534 -68.433901
59.96181 -164.178705
48.551534 -122.583985
35.375942 -76.717989
38.296348 -76.374481
54.784784 -130.792122
28.202959 -96.697422
27.207528 -82.512319
48.522152 -122.606961
66.530977 -161.493509
29.544299 -91.468748
26.457957 -81.964212
26.859238 -80.046263
59.704156 -151.7963
55.317596 -133.68985
31.423578 -106.112169
37.903912 -75.757694
27.733289 -97.153606
63.365941 -169.520524
53.687253 -166.274896
48.404244 -122.634991
58.434372 -152.328063
55.449713 -162.570037
70.154598 -143.574986
35.314046 -76.482389
54.875572 -133.0513
42.590338 -82.549717
48.678236 -94.250623
55.415451 -163.117447
27.752869 -175.942276
48.703382 -94.342758
34.628252 -76.553806
60.502973 -148.345627
48.599777 -93.428328
57.900137 -152.549661
43.114182 -70.638355
45.431937 -87.329958
44.059849 -76.251089
48.209683 -122.538916
45.586075 -86.658905
54.921376 -130.339504
55.941626 -132.135474
43.694706 -70.156787
31.699304 -81.149369
56.911131 -156.986171
33.428907 -118.445812
45.659738 -67.69797
60.078735 -147.853363
61.22839 -150.827295
57.757388 -155.284691
54.524259 -164.337538
20.682452 -156.030702
55.914055 -133.492752
51.936363 -175.837357
59.59761 -139.728683
44.990422 -74.731301
35.327154 -120.8672
46.766663 -91.492429
51.880531 177.203996
55.26807 -131.455963
41.916751 -70.546386
67.941833 -165.129567
46.168798 -123.974124
54.075036 -165.483373
48.551258 -123.004768
60.877845 -147.378086
27.651409 -82.716322
57.926159 -134.184036
35.387764 -76.571723
47.405823 -87.742417
38.261551 -76.175783
44.462242 -68.829153
58.648441 -162.171722
29.013812 -103.107811
37.163593 -122.36179
29.745917 -92.20097
57.687238 -135.640998
44.328388 -68.733004
56.71372 -132.743207
64.510233 -163.119723
35.348893 -76.399206
24.597647 -81.699349
29.359043 -89.835
44.397391 -68.480798
39.291797 -76.181496
61.023939 -150.431873
57.886728 -152.377063
20.580115 -156.543034
33.743472 -78.812931
53.453893 -167.843611
68.470413 -166.30203
51.6664 -176.976249
59.84317 -149.808086
26.051375 -98.034403
46.492017 -87.310755
27.731306 -82.746223
45.011419 -71.691898
30.02811 -89.7163
60.358227 -166.366596
55.049683 -163.225092
60.937738 -148.241664
29.399558 -102.824564
18.066491 -67.196694
60.638148 -148.199094
60.734359 -146.199026
47.375896 -122.537044
56.158573 -156.801315
55.845927 -132.543398
56.909091 -134.316868
23.569265 -164.706085
46.022324 -83.830147
45.320177 -70.939188
60.960244 -149.875188
55.054054 -161.737922
44.724548 -87.720889
55.299118 -162.649173
54.99719 -131.248909
51.819993 178.310298
18.097325 -65.570628
58.937111 -136.811157
57.412873 -154.699629
29.810276 -104.592472
29.690441 -104.536302
43.837539 -82.644345
47.225624 -88.656359
58.14039 -153.316127
39.292427 -76.259712
55.193825 -132.830612
69.639572 -163.044497
67.129123 -163.741345
51.772322 178.318757
58.288699 -135.056552
37.935161 -76.017592
47.910252 -122.37578
56.058722 -134.124662
44.136759 -68.792065
30.15629 -85.775405
48.141181 17.10773
55.305071 -130.725597
51.989666 -175.451874
39.62096 -75.613153
60.376408 -147.993515
55.072918 -131.246552
41.415831 -70.547567
63.07268 -164.641186
46.602776 -87.442612
34.374064 -119.461036
25.289833 -81.16207
52.979954 -168.445938
46.838924 -90.761406
60.545825 -148.460835
55.864193 -160.494678
42.141964 -124.355696
45.711449 -85.572309
48.032026 -122.668942
42.466896 -70.908092
59.951276 -165.534482
60.740969 -148.365314
59.976321 -162.738592
54.965728 -132.609786
38.94041 -74.864458
43.808903 -124.168392
18.091646 -65.507265
27.870701 -82.533218
53.028588 -168.527404
47.278122 -122.684335
55.540672 -133.294861
55.848194 -158.799728
58.724495 -158.827105
44.249608 -86.343793
63.537105 -162.562007
53.551227 -167.135695
67.994512 -165.23162
37.49492 -76.32947
55.380017 -133.147073
61.522885 -166.08868
38.617817 -77.204302
35.970348 -121.4862
34.957495 -76.89354
31.333145 -110.000613
26.673388 -82.263008
61.091197 -146.37381
30.785415 -105.212917
28.114498 -82.838387
35.973524 -76.695452
44.946568 -75.027125
36.500155 -75.856901
39.242746 -75.177506
60.684311 -147.422913
45.75034 -84.510529
57.461208 -152.471344
55.20929 -133.433792
29.359926 -104.093326
57.175432 -153.294157
47.746249 -124.430546
55.192379 -131.21123
59.236707 -151.910958
63.136617 -169.396308
60.779012 -148.531267
43.942951 -69.31427
24.724974 -81.309914
46.53355 -87.017136
53.445469 -167.853225
55.077232 -133.037018
30.229365 -87.80056
55.860567 -159.321308
56.962582 -156.882893
56.015968 -133.289505
53.91293 27.55874
48.440827 -92.575636
48.6954 -122.776825
42.700823 -82.494491
37.05506 -76.66835
48.163939 -90.78338
45.610939 -86.712326
38.744687 -76.557535
43.52795 -70.308743
27.053579 -97.462608
45.995075 -83.868233
41.332302 -70.305893
43.52731 -87.797608
47.4062 -87.710471
45.985353 -70.301298
26.690912 -82.118896
45.831696 -86.555186
18.474724 -66.315477
47.279479 -91.26595
44.574135 -87.898888
27.874159 -97.260811
37.72193 -122.246826
61.057409 -148.362087
57.093177 -153.577006
29.007009 -89.168586
43.293254 -78.930764
55.473135 -160.836725
59.907772 -147.486084
63.296427 -168.685145
55.606573 -131.671471
32.745449 -117.25537
24.650584 -81.614529
40.534489 -74.148697
42.68565 -70.764421
64.574965 -163.829739
42.589824 -79.12963
46.772845 -84.964652
40.438789 -74.206419
48.457272 -122.922081
63.457178 -161.450463
48.361737 -122.482423
57.106614 -133.309174
35.878227 -75.751961
44.30786 -68.795063
29.79961 -102.041088
57.656905 -153.994572
17.946953 -66.127009
61.178391 -151.024905
45.192022 -67.283619
46.328961 -70.208733
41.694947 -71.365717
45.043633 -85.56613
46.790205 -91.391469
32.906235 -79.576006
59.010595 -154.159835
30.969899 -81.472321
29.010563 -80.878275
41.684096 -71.390551
55.063069 -132.554304
41.652439 -71.270075
55.501255 -131.783737
45.082297 -87.601849
30.66149 -88.026706
38.991991 -74.792723
18.382473 -65.614891
29.867806 -102.264954
55.727099 -130.150061
28.990206 -103.266003
26.243001 -98.58178
55.414048 -131.811697
33.015085 -79.423447
25.613299 -80.301464
45.43004 -87.325834
58.402842 -152.844173
59.848705 -166.583297
59.842216 -144.519501
14.921102 -23.506416
51.997056 -176.603598
48.619419 -123.041763
55.376917 -131.030521
56.993673 -132.918967
60.283515 -144.75345
37.879274 -76.765711
59.984163 -162.171759
42.006612 -70.614046
43.540484 -70.341793
51.807099 -176.183142
60.526295 -146.155899
29.085722 -103.076355
60.534713 -147.565775
42.326019 -71.01568
29.795713 -88.844078
18.08566 -65.558646
60.317158 -145.111984
55.184509 -159.647354
56.778351 -157.411488
51.852352 -175.983742
51.68956 -177.841411
48.136894 -90.79797
57.682272 -134.918167
70.508746 -149.509854
26.520303 -97.422299
29.289768 -83.149764
63.529886 -162.190145
52.130207 -173.721266
68.135931 -165.964036
20.828502 -156.100123
37.875864 -76.747552
25.688028 -80.250459
44.029868 -76.159718
38.267434 -76.188644
43.975543 -69.193805
44.769543 -67.062239
71.299506 -156.773937
57.211841 -153.125477
44.100409 -76.366972
32.22316 -80.667057
29.411241 -89.47714
30.034414 -88.855583
29.218162 -89.02185
20.929528 -157.025626
60.870384 -147.45314
30.223343 -89.118222
37.183571 -76.669886
41.567772 -71.379021
64.56422 -164.260064
46.094727 -85.512696
48.649382 -94.214448
25.948037 -97.281389
59.925024 -141.485207
45.279445 -70.9217
56.833477 -157.159494
40.966198 -73.662072
56.878046 -153.704603
20.789418 -156.002947
70.188826 -147.431532
69.717165 -162.961086
34.032198 -120.409368
47.337627 -122.523376
44.241263 -68.528153
57.249948 -134.110315
52.18356 -174.405464
59.558586 -139.78389
32.505065 -114.813694
55.044735 -159.517824
36.237935 -76.08148
55.287357 -131.039368
18.456324 -66.124284
46.678649 -123.915596
60.775768 -148.381999
41.683807 -87.448794
44.124079 -68.365514
60.205431 -167.421489
61.26347 -149.919682
60.4833 -147.782548
48.018996 -89.724048
47.143511 -88.272017
51.969518 -176.72078
35.904416 -121.463452
26.661976 -82.23744
48.018361 -89.779427
45.672286 -70.518948
43.988941 -76.066324
70.817734 -158.25032
37.513426 -76.359378
23.867916 -166.247986
43.560136 -76.209853
21.220969 -157.241534
59.834133 -153.021945
63.146091 -163.590122
48.551846 -122.939926
26.928921 -99.361144
61.088162 -165.549613
47.356233 -68.309933
29.467903 -94.594853
47.017979 -90.569267
57.192862 -135.824388
57.84086 -135.503498
60.0089 -148.09166
41.691535 -87.505343
22.152171 -159.726043
34.456098 -77.491796
59.345623 -153.544785
41.878924 -70.064084
29.756926 -89.305199
47.294873 -68.46628
56.068153 -156.693771
55.078861 -159.761566
47.941288 -89.697619
56.753775 -157.530765
30.81039 -81.446927
40.887599 -73.768276
51.740381 -177.947777
25.482821 -80.173951
28.934073 -95.297147
29.170043 -89.024269
36.158332 -75.823915
53.92911 -166.208767
42.285668 -70.870873
45.425264 -84.990785
49.000374 -109.384068
19.799409 -155.09207
56.494676 -134.658622
55.130916 -161.651563
36.153922 -75.75572
57.309433 -134.955014
58.480771 -157.481487
64.471207 -166.212067
57.081622 -135.378337
57.72245 -153.554226
70.832263 -158.032397
62.378812 -165.311967
44.121895 -87.621082
42.822958 -124.544179
24.962215 -80.570813
41.056696 -73.435063
60.49341 -148.255425
44.247563 -68.377982
45.253336 -71.357253
34.053452 -119.5667
47.227619 -122.589455
57.247964 -135.658859
36.147838 -76.721445
19.02224 -155.581903
43.673976 -124.204888
44.636338 -87.808819
18.460506 -66.183886
60.293769 -162.462694
43.91762 -83.318656
46.617421 -124.050842
56.707394 -154.112213
38.004006 -75.984251
56.225321 -132.398733
57.482112 -156.183932
29.731221 -104.555601
28.549743 -82.661729
58.060141 -154.646223
45.632008 -85.608653
43.551849 -70.244331
52.13732 177.602673
61.096127 -147.513776
56.651834 -132.280089
59.381288 -135.010033
47.206263 -122.737159
57.194426 -153.310143
34.842689 -76.341279
29.671679 -91.625114
66.179386 -164.007503
44.212565 -68.809149
47.830514 -89.974296
41.616114 -71.326609
55.905629 -134.230613
57.16095 -152.874839
35.909556 -75.696871
49.099763 -94.750221
54.480977 -164.33653
56.736822 -133.212185
56.33194 -157.888641
26.77124 -80.036362
63.074355 -169.534984
45.147247 -85.564612
38.134381 -75.868636
28.27707 -96.607992
57.414159 -133.448373
46.675786 -85.50951
55.10638 -133.144104
30.035534 -104.701102
55.209885 -133.414764
55.455009 -133.35791
55.165464 -131.988815
36.215279 -76.714292
59.83649 -153.256944
38.05887 -75.871503
34.420995 -119.616862
42.144857 -80.06108
40.522865 -124.379096
44.351222 -68.044716
58.686814 -158.332394
60.376407 -148.114385
70.802417 -154.228627
29.162275 -82.858179
63.089296 -163.433968
47.206749 -68.95335
24.898314 -80.658045
47.105834 -67.883844
42.01383 -70.636387
60.822794 -146.248174
55.544834 -133.316269
41.672835 -87.470742
55.415154 -133.563736
44.586274 -87.446963
46.984962 -90.876335
36.435792 -75.880428
46.867716 -124.089286
60.752852 -146.562325
48.238183 -91.907597
59.904084 -139.625896
43.977044 -76.082981
46.175001 -70.278034
55.286575 -160.390427
58.31636 -136.857605
59.010517 -135.353149
31.856744 -81.000317
57.805739 -135.313776
55.236131 -161.978788
60.386287 -165.057585
57.007398 -153.235282
40.502603 -74.219787
47.237149 -68.658467
48.142759 -122.363797
58.522318 -133.559942
45.041278 -85.57016
45.653296 -84.289685
59.66636 -151.43661
45.816206 -67.780443
38.681892 -76.212808
60.815086 -165.02143
46.163062 -84.221001
17.959148 -66.297679
27.052286 -97.39034
56.551963 -157.121393
44.299547 -76.097351
44.506176 -67.742789
47.99802 -89.570671
60.759976 -148.465594
40.690466 -74.047313
25.897568 -81.713172
28.084396 -96.886233
54.120815 -165.714198
46.836964 -87.674541
46.91252 -124.110641
45.364247 -70.803848
29.01843 -89.157165
60.854203 -148.374223
27.898 -82.535818
41.071237 -71.959595
44.603909 -88.001943
44.280777 -76.161833
59.846977 -149.592031
45.475788 -85.766838
43.819672 -70.06642
28.916289 -100.63917
55.113965 -161.819869
49.348508 -94.907036
48.002356 -89.495344
48.426933 -122.853668
47.896968 -124.629706
44.513459 -67.582113
41.498598 -71.341122
26.326542 -98.779912
59.987029 -149.327029
59.409156 -150.375349
47.15683 -122.737579
24.708788 -81.36041
54.03642 -165.875129
30.341623 -88.124611
48.525085 -122.861404
27.862584 -97.460715
60.67264 -148.374018
25.960463 -81.749724
37.911717 -75.885032
58.056316 -134.807818
38.929136 -74.920414
55.199052 -162.49792
43.828417 -70.053594
66.136665 -163.861406
46.843983 -89.415154
36.41724 -75.962285
44.032516 -68.889717
46.607744 -90.327626
51.883205 -176.623452
44.758234 -86.077933
55.429422 -130.039928
48.359912 -122.475529
43.809128 -70.027016
40.639526 -124.315141
46.029226 -83.939012
17.963307 -66.206807
47.263161 -68.595028
48.57803 -123.174301
42.382373 -79.510999
25.023019 -80.494781
46.676869 -85.95367
45.859798 -84.650917
54.710081 -163.425477
43.327055 -78.777759
34.033255 -118.679366
44.887596 -87.420327
51.842275 -176.576381
55.63068 -131.865395
55.791904 -131.779908
59.670521 -151.42484
46.883609 -91.080951
38.315147 -75.981345
57.818646 -134.03082
29.252786 -90.387924
48.091535 -122.917942
55.077671 -159.570977
60.594244 -151.339069
35.017283 -76.491382
59.9937 -139.031643
57.792152 -133.703097
58.050605 -133.790718
37.974514 -75.898956
29.750657 -102.587774
56.197957 -131.885364
57.452379 -152.495215
47.242626 -68.675913
70.800079 -159.335837
46.511571 -86.701929
64.524986 -161.076242
55.441921 -133.564331
70.612871 -152.332608
48.189459 -91.03555
56.529008 -132.357564
38.216684 -76.032044
29.06728 -90.844593
52.35637 173.651293
43.991796 -76.073463
43.831623 -69.61511
59.356094 -153.343018
44.862813 -66.981008
48.014505 -89.797744
59.130585 -138.636702
30.073319 -85.637285
70.84282 -152.259966
43.970976 -86.463136
60.915816 -150.049148
43.992009 -69.064021
63.09782 -164.633943
55.309227 -133.297577
48.68535 -123.035672
42.166341 -80.117368
35.355638 -76.335132
48.24714 -91.977555
57.367869 -133.866931
58.471115 -134.939941
37.916848 -75.892686
59.576468 -151.271737
44.986764 -67.05461
58.372628 -152.090437
32.160427 -80.721463
28.482638 -100.352235
33.945265 -77.927926
41.299097 -72.204022
64.325182 -162.790167
66.687789 -162.175398
28.5824 -96.565297
55.528179 -133.726135
57.889705 -135.596769
55.087788 -131.174561
45.923615 -83.517242
48.096244 -122.929095
48.472736 -123.065445
59.207378 -151.467046
61.257443 -150.286978
29.504538 -91.34588
17.926875 -66.927261
57.68721 -152.398569
55.514547 -132.315773
25.937136 -97.555379
61.667101 -166.138684
43.708746 -83.540187
42.588858 -70.684502
56.735418 -132.537039
56.04585 -134.168034
42.781798 -70.80522
60.20063 -147.827991
55.815345 -130.942595
48.183567 -90.825726
41.456448 -70.828546
18.489987 -66.558503
44.486058 -83.31761
46.524874 -86.495054
47.0037 -90.624588
58.402638 -154.034147
39.280574 -75.242881
39.269293 -76.395136
44.447498 -68.455095
30.801567 -105.21866
52.979 -168.477356
46.504523 -86.63453
51.783947 -178.733355
55.090912 -132.708664
37.804602 -75.770607
25.880058 -97.496861
30.302896 -89.329946
18.148097 -65.287962
42.408137 -82.886113
45.621211 -85.487026
29.62962 -91.841293
34.146105 -119.216441
55.187861 -159.954664
53.284757 -167.798984
57.983267 -134.242101
48.098993 -90.289337
63.658797 -171.521859
30.244807 -88.20854
27.37979 -80.253665
60.317158 -145.196686
45.722977 -84.399292
55.183251 -162.882292
48.099771 -90.337177
58.158578 -136.193525
30.345053 -88.188532
59.467924 -150.521537
54.996238 -131.012061
21.963427 -159.705255
45.147952 -67.296174
40.843618 -124.176715
55.374664 -133.023341
29.961227 -85.487764
17.970682 -66.594392
47.887963 -124.625512
59.458498 -150.478742
60.325288 -166.084791
60.935105 -147.738668
30.822206 -105.287238
55.807266 -159.355576
48.496557 -92.661418
59.941086 -147.490845
58.209899 -136.619824
29.719872 -89.649651
47.469041 -122.530514
56.005107 -131.228725
60.297238 -165.697326
56.798329 -133.672562
53.449289 -167.036104
58.335938 -135.696503
43.716948 -83.524837
48.100061 -90.390162
55.379231 -161.314949
45.076461 -85.695715
45.056523 -87.494475
47.390478 -87.834822
44.236534 -68.550802
29.747702 -92.160519
27.786539 -175.858521
43.45508 -70.37223
45.807449 -84.588455
57.832349 -133.577458
53.626968 -167.14043
56.534058 -132.442154
56.438881 -133.638349
55.273537 -133.450455
55.377518 -160.154038
43.885273 -83.43261
52.943628 173.235265
45.929325 -83.51062
26.579371 -82.122345
44.374307 -68.559285
48.115745 -123.248615
48.002773 -89.842183
35.212877 -76.494755
30.303296 -89.291444
41.997656 -83.193918
41.647009 -82.843602
29.845222 -104.62435
44.215173 -69.042807
55.23487 -132.673561
55.835129 -133.556
36.630059 -121.842263
63.630646 -171.381677
48.349893 -124.538821
38.139484 -76.459689
46.857386 -89.372032
61.160679 -150.15834
60.920828 -147.262776
40.649703 -74.094086
66.777733 -162.512617
17.951418 -67.089827
59.48405 -151.466272
34.067963 -77.878161
57.573944 -133.528313
18.157517 -65.371373
44.613212 -67.310745
41.242597 -72.881445
55.899185 -133.323807
63.729425 -171.646692
20.025944 -155.825473
35.508957 -76.586349
39.234643 -75.170444
55.789765 -130.958062
57.168834 -135.752591
44.577442 -67.482124
58.316665 -136.544776
45.188663 -67.289794
57.764393 -152.348644
42.708219 -87.782374
43.775656 -69.869732
29.268889 -83.107477
30.023277 -89.271378
58.938263 -152.022171
47.931553 -122.620316
51.968064 178.570619
54.961678 -131.50412
36.092776 -76.303998
54.986065 -131.527924
37.824141 -76.7512
60.442581 -144.903296
21.424048 -157.740762
44.181875 -68.474365
42.264189 -70.935886
60.849978 -147.602405
38.131731 -76.012487
56.127162 -130.343716
39.237214 -123.777368
44.515663 -67.552559
30.112261 -84.202152
60.806614 -148.457028
18.229121 -65.638181
46.789759 -90.835607
49.000011 -109.250722
57.210649 -170.267664
48.999703 -114.180211
47.685888 -122.504452
46.518144 -86.629086
59.884135 -163.033128
58.300135 -153.00439
52.081658 -174.382661
49.369107 -95.153293
45.421149 -86.934276
56.170153 -134.161971
47.212712 -68.966433
56.081808 -132.981767
58.906968 -136.591832
43.723418 -83.470053
46.460611 -86.808817
41.250499 -72.547235
40.687007 -74.024827
28.188687 -96.791958
32.350335 -80.445451
26.049412 -98.146622
55.904537 -133.493942
60.486479 -147.971198
27.551908 -82.632053
55.058872 -161.565033
41.003429 -72.079951
44.239603 -76.164265
45.062597 -83.291346
47.000044 -67.789766
46.935664 -90.524056
71.004762 -155.256177
35.177795 -120.74887
48.430328 -92.48919
58.973204 -136.163648
54.229575 -165.579801
29.924915 -89.280144
38.796846 -76.310081
32.850398 -79.695141
36.6224 -6.35859
66.254935 -160.99854
29.008254 -100.650946
12.62984 -8.01892
57.239852 -134.640169
26.235221 -98.576188
59.630284 -151.205459
61.13974 -150.190704
42.805519 -82.481576
28.133426 -96.961682
57.084061 -153.886167
29.210611 -90.073355
24.731911 -81.423028
54.630461 -163.952391
29.207918 -91.11476
37.852434 -122.434403
34.976245 -76.326361
44.927749 -87.17492
55.037796 -163.85426
47.445493 -88.216977
35.034497 -76.11182
29.534487 -89.681092
58.869714 -160.159311
51.650231 -177.963852
60.323825 -139.082246
18.338316 -65.321754
44.558771 -67.839896
58.174416 -136.203642
41.929641 -70.552941
30.26126 -104.749664
52.064731 -173.935561
55.374702 -133.465591
55.2057 -133.008156
40.999909 -72.029357
55.240437 -131.607383
45.001014 -67.068274
24.715933 -81.305153
32.633579 -114.779215
25.314385 -80.292567
54.66975 -132.673553
58.244073 -135.914178
57.51217 -152.9663
25.137053 -80.41326
44.125581 -68.448646
47.335953 -122.364168
38.467131 -77.322622
59.961311 -147.352844
48.442503 -122.667249
55.995148 -133.461421
54.765522 -132.893661
40.854228 -73.765128
59.687183 -163.945984
24.722908 -81.432032
30.273541 -88.124722
25.516888 -81.210149
45.777599 -84.718904
34.099334 -119.098216
44.070907 -76.360306
40.8654 -73.730675
60.934835 -146.973072
33.468071 -118.530702
55.596555 -130.741063
49.000574 -97.77575
36.154282 -75.738431
52.057642 -175.156744
43.925518 -69.343552
37.192611 -76.74304
58.077019 -136.556247
46.78217 -91.423713
59.658762 -153.608561
55.047337 -131.187653
58.663177 -160.274231
21.3139 -157.6518
48.80281 -122.697219
27.843557 -97.239014
70.731226 -159.798514
48.53121 -93.628865
25.193139 -81.146737
27.762661 -175.904953
45.965313 -86.072067
34.050235 -120.358608
47.992442 -89.847571
55.230111 -133.044757
44.406624 -68.000646
54.719938 -163.317996
59.214041 -151.221486
26.778879 -82.172941
47.2451 -69.0402
28.627604 -82.671815
63.074975 -164.643672
45.251691 -71.225811
38.263126 -75.917297
44.119652 -83.567714
42.985657 -70.618523
26.822 -82.057951
58.923985 -151.999329
51.976341 -175.471863
28.44245 -96.403973
40.63369 22.94246
52.101091 177.545604
56.2277 -132.367205
38.954538 -74.850748
48.095064 -90.343484
52.97805 -169.76274
48.650996 -94.199517
17.9551 -66.982669
27.297915 -97.524589
55.576767 -132.560602
46.284428 -70.232682
41.25457 -69.964422
60.801787 -151.024799
30.365635 -89.292499
60.588539 -172.912842
55.866503 -131.908061
45.890755 -70.259117
54.736897 -130.644479
28.502224 -96.194412
35.458776 -76.550259
48.577068 -122.931358
24.688592 -81.108041
48.053268 -91.542512
46.625021 -85.035504
60.019653 -149.072716
60.815597 -146.244412
45.173176 -87.33622
64.633014 -163.161601
26.063863 -98.010971
45.993427 -83.873146
54.939124 -160.223411
18.451462 -66.172315
54.902347 -130.956999
18.333345 -65.24721
57.323723 -134.953951
61.45695 -165.767226
36.917364 -76.482407
57.998495 -134.331569
35.194244 -75.785729
53.954699 -166.363792
48.999642 -109.995618
42.859128 -86.210737
47.965322 -88.852923
55.834237 -160.252575
54.220855 -165.94463
56.993016 -132.892388
48.084087 -91.250112
51.920054 177.272695
48.017745 -122.541525
53.54344 -167.965714
60.689748 -146.532396
59.728865 -153.445336
41.054277 -71.961078
41.445562 -70.817478
27.894356 -97.144435
41.556308 -71.359868
29.626633 -89.674736
59.565154 -150.589315
59.34729 -150.638046
57.696756 -135.615418
20.532451 -156.702265
46.672935 -86.138295
37.897349 -122.639977
55.042201 -162.964897
56.803781 -157.436358
46.957302 -90.676933
29.521093 -94.999581
63.587503 -170.859032
41.637266 -87.160625
37.830087 -122.303931
37.896961 -122.31557
34.417218 -77.556943
46.40943 -70.096286
69.977611 -144.589172
41.491443 -81.937862
22.226529 -159.467007
21.007054 -156.665514
39.335909 -76.159673
55.096538 -131.595924
56.453951 -159.976758
60.088609 -167.33405
45.53194 -86.667236
24.899704 -80.66128
55.848844 -133.861039
55.559049 -160.448277
45.58688 -70.659286
70.860303 -155.504202
38.187113 -122.965408
40.858485 -73.788786
46.192211 -123.838801
55.736987 -132.206951
47.137643 -67.903366
29.215863 -91.129141
56.607852 -135.065693
58.906834 -137.526424
47.451035 -69.156074
28.428019 -82.684137
56.541965 -135.060878
55.574545 -130.769617
46.027191 -83.759369
25.391486 -80.320442
55.364553 -131.870568
38.389579 -77.314848
47.008496 -88.959409
46.560555 -86.652865
41.034182 -71.935689
56.611593 -169.679305
55.785841 -160.757705
38.625452 -76.160148
24.564371 -82.164604
56.818754 -153.840962
47.980039 -89.631825
55.159916 -133.233322
58.423022 -135.088983
25.404297 -81.147144
38.103035 -76.473266
59.129489 -135.323637
59.866905 -149.584254
27.983536 -99.962769
55.741484 -155.474764
38.137189 -76.499842
26.44982 -97.41721
56.11864 -158.574659
60.515694 -146.289688
57.904167 -133.99634
45.37726 -67.418747
67.114443 -163.69887
47.949117 -122.307048
26.424959 -82.098115
45.777706 -84.375496
44.146855 -68.496639
41.632992 -71.330711
47.166943 -122.729843
47.32642 -122.575985
59.774642 -139.582114
42.553672 -79.148723
24.620304 -81.518595
52.046308 -175.113721
26.021499 -97.649176
46.079581 -85.540858
42.284711 -79.717825
34.015029 -120.35793
45.76616 -86.981341
57.1811 -170.170848
48.012482 -89.608507
70.317661 -160.979126
19.08213 -155.557817
47.286768 -88.071476
30.01333 -88.848373
55.016138 -131.498863
49.382964 -95.150235
60.683453 -145.87582
37.598686 -76.420252
29.529559 -94.55399
57.901524 -135.16522
43.339857 -77.797381
43.059574 -70.703799
57.2678 -154.613723
55.883273 -132.053116
29.75841 -92.128992
56.609194 -154.244234
52.75186 173.940037
54.216455 -165.873076
48.51715 -93.703303
57.996972 -153.23473
35.383741 -76.448666
25.575342 -80.305615
55.988009 -133.306161
55.330158 -133.436356
46.103978 -84.069147
29.235606 -90.383857
45.818504 -85.370468
44.444923 -68.858993
55.405636 -133.321625
54.866779 -131.253671
27.641992 -99.603533
60.920777 -150.039866
23.787283 -166.212082
37.182988 -122.390599
53.004979 172.643266
44.113222 -68.518703
44.530292 -87.970702
30.362102 -88.204495
56.935928 -134.271664
39.738768 -123.835092
40.666371 -73.054963
41.499215 -71.206382
56.694069 -154.110321
39.910991 -74.077247
59.073994 -153.695664
44.807269 -66.961068
48.01778 -89.610351
41.626721 -70.364892
24.66914 -81.580534
25.478669 -80.339421
39.776232 -123.83715
29.641538 -102.736948
55.568793 -133.263042
45.504279 -67.47091
54.532903 -164.944636
27.401224 -97.372935
25.199463 -80.495341
44.463496 -68.22939
42.947378 -70.786564
54.806938 -130.932454
46.773639 -92.088289
17.970663 -66.987287
29.515191 -91.356625
48.042723 -122.682264
47.888503 -89.247127
55.733348 -162.146626
29.013195 -89.151454
43.91798 -82.693505
27.307158 -97.652321
37.951334 -122.783244
27.764355 -82.434635
32.608852 -80.010505
44.133493 -68.447505
48.013161 -89.932991
46.92785 -90.539947
43.869118 -69.486243
60.653526 -151.362397
28.975124 -89.148599
52.383485 173.483843
42.03073 -70.208016
60.326821 -165.786573
59.99736 -144.195892
64.500365 -161.234092
58.934452 -152.159225
53.769562 -166.942766
56.70549 -154.096039
43.755883 -69.322559
47.332582 -87.968604
25.465621 -80.337049
35.944566 -75.800926
58.077295 -134.183983
29.459731 -89.833659
26.213339 -98.443682
56.617786 -154.095833
60.306332 -146.918594
37.068247 -76.527973
37.871157 -122.45005
57.638486 -133.837424
60.341904 -145.059631
44.261558 -83.524817
18.51009 -69.96423
57.792203 -133.637054
32.476076 -80.417896
28.615988 -96.384635
55.667148 -131.828887
60.775205 -146.521336
63.687322 -170.373871
60.73523 -146.644116
36.018013 -76.491959
25.320675 -80.268138
60.722857 -148.588374
29.460011 -89.902179
26.059708 -97.978769
55.996208 -158.735348
28.131271 -96.870782
46.516549 -86.964534
56.034843 -156.749924
54.392217 -162.551618
47.277134 -91.270697
46.841135 -91.250806
55.027002 -160.106837
45.736822 -87.057444
60.708103 -147.407684
40.902798 -73.60187
44.420946 -86.248083
27.010833 -99.42938
30.337671 -88.446625
63.570127 -170.950817
29.26199 -90.097678
57.098654 -135.401721
46.146138 -84.060383
55.284012 -131.56265
29.609296 -104.46652
55.982876 -133.777846
55.784741 -130.969758
27.268437 -99.463309
44.626345 -67.54022
55.52993 -130.786273
45.189316 -85.526734
44.961062 -85.464944
44.385111 -68.103818
59.943583 -148.442513
45.785439 -84.390961
46.733391 -123.974994
27.752571 -82.457543
26.47703 -82.131545
55.451365 -132.288585
56.565925 -153.878764
55.827206 -133.332138
55.343033 -160.087021
41.204542 -71.557459
44.66947 -67.381149
41.47196 -71.246703
55.145598 -159.884997
52.028518 177.609087
61.729879 -166.006693
57.420497 -135.026566
27.000755 -97.461182
25.134443 -80.943216
60.390682 -152.004807
48.435856 -122.889366
58.875889 -157.012392
39.334308 -76.263577
26.36599 -98.861354
48.315286 -122.707077
47.296092 -68.517982
41.477465 -70.775268
51.376176 179.462765
38.948412 -76.457781
47.141399 -88.814834
37.827469 -122.306222
43.922489 -83.30569
63.178803 -169.105808
27.41242 -97.369881
37.7561 -76.677002
43.977348 -76.208009
43.759946 -83.945426
55.950467 -132.401191
56.258464 -132.721254
48.660465 -122.586678
21.3131 -157.6619
47.467752 -88.076388
27.978272 -96.978805
56.687233 -132.530502
41.633547 -70.645251
30.037783 -85.58139
44.891229 -87.827751
34.006445 -119.427589
18.466535 -66.092098
25.638181 -81.253951
55.220371 -161.352722
43.703581 -69.851297
29.486851 -91.803444
46.08728 -84.012634
26.566536 -82.205523
48.563751 -122.873299
47.35707 -68.355171
43.663296 -70.241942
39.578 -75.512732
70.541608 -151.722711
43.251349 -79.061388
61.079149 -165.498726
48.694342 -123.005086
57.908492 -133.592925
26.267103 -97.185844
48.383409 -122.533452
29.845387 -102.364542
43.678884 -82.60483
48.243576 -90.843624
42.027357 -70.173758
39.438126 -75.476279
52.707387 174.159252
51.863919 -176.281694
56.653084 -157.719048
46.897526 -90.677986
51.602287 -178.684143
56.850864 -134.699099
48.193898 -91.710519
56.274795 -132.662081
29.545946 -91.52584
27.839603 -82.438576
55.19307 -160.469257
55.292579 -130.818396
52.033294 178.09461
39.33927 -75.327463
51.661935 178.664013
56.501796 -153.993909
54.932686 -130.967707
56.717865 -154.03418
56.015932 -158.638704
39.845422 -123.881458
55.751848 -133.3365
48.249358 -91.970371
34.86116 -76.322808
55.141556 -160.815862
37.511235 -76.296445
41.271698 -72.583336
60.242004 -152.660055
58.328501 -152.821964
69.274725 -163.297956
70.422403 -151.116099
31.290978 -105.895035
54.925093 -163.34773
47.369672 -123.11127
41.545534 -70.014456
57.233169 -156.401488
38.498199 -76.318054
47.908069 -89.221332
59.857816 -166.439746
44.535993 -87.929001
36.899547 -76.387567
38.28843 -76.908506
44.998587 -85.378286
44.542822 -67.843254
30.084776 -84.20801
55.953313 -158.737009
42.956802 -70.779068
58.016712 -134.229237
38.492235 -76.33636
56.309403 -134.839411
55.029605 -131.004216
56.816432 -133.277352
59.482167 -150.515867
45.782733 -84.751571
64.871928 -166.415624
57.240116 -134.12088
41.893418 -87.614163
57.36206 -133.867279
43.698111 -70.091929
38.823386 -75.205329
34.413395 -119.559459
39.536825 -75.531575
27.154121 -99.437951
46.993587 -90.679909
44.294581 -76.126565
44.197157 -68.314789
55.936661 -133.615893
48.010251 -89.716417
18.390544 -67.477922
59.911223 -149.239157
29.592084 -85.054624
46.021248 -83.540848
29.492734 -104.233487
29.282032 -94.932539
41.143021 -124.158539
29.858978 -88.83683
29.118367 -89.34895
21.3833 -157.7089
45.290633 -67.486524
38.814115 -123.600221
46.673676 -85.995044
57.769348 -152.283844
42.571634 -82.781514
45.203553 -71.39781
57.163473 -132.315982
70.824209 -155.643516
45.362647 -70.808712
35.951937 -76.697558
58.761222 -136.445187
45.090483 -83.298275
54.994545 -133.164917
60.148423 -148.032495
57.026902 -132.88563
56.51421 -157.817826
60.925587 -147.252307
47.52355 -122.546611
55.059397 -159.345276
29.735723 -84.901781
43.757292 -70.097318
48.622624 -122.448702
29.307848 -100.886842
48.389004 -124.694511
25.499427 -80.339421
56.637672 -133.151444
45.059702 -87.506054
26.494603 -97.430696
29.14796 -80.966176
34.964369 -76.801426
43.027597 -70.728443
43.380178 -87.872504
56.98461 -156.55052
54.175184 -166.082028
47.772763 -90.248794
47.067877 -90.393035
58.389084 -135.920299
48.166057 -91.114862
61.03102 -164.951103
25.955606 -97.146294
52.022941 179.663327
56.73024 -154.050354
56.45153 -132.782864
53.518491 -168.239572
41.374702 -71.513401
39.606861 -75.613477
25.884162 -97.468262
29.094524 -103.484429
60.496298 -165.244442
44.086758 -83.588004
42.977894 -70.627556
45.424146 -70.798677
25.907207 -81.727086
38.117044 -76.020496
56.601849 -131.835133
41.935893 -83.315859
45.811611 -84.504585
57.670427 -134.078573
43.667825 -124.203028
55.472396 -130.994376
47.807493 -122.815027
57.184879 -134.193629
36.363901 -121.902669
38.034294 -75.84998
43.761694 -83.440171
27.913597 -175.738281
46.876726 -87.77693
37.027547 -76.464471
55.88134 -133.67598
54.826401 -159.768951
29.790161 -101.809441
38.941113 -76.45028
30.133026 -89.423882
48.520946 -122.599951
44.138212 -68.681899
48.84719 -122.717073
55.013743 -160.132168
44.051434 -76.317726
35.479615 -75.471355
54.844677 -132.626236
56.58796 -133.805023
29.842628 -85.416548
55.822636 -133.612518
27.438884 -99.495699
52.966099 -168.863402
39.520472 -75.560728
29.331833 -94.731082
44.000023 -69.061966
37.374805 -122.409258
53.936954 -168.030746
58.912402 -159.594788
57.399102 -135.633654
45.334655 -70.989324
70.216354 -147.210617
69.459872 -163.070341
37.660653 -75.586136
31.098545 -105.627349
46.970982 -90.634102
38.059542 -76.361237
44.045174 -83.024604
29.799381 -101.959462
26.425459 -82.063114
30.179464 -104.687296
60.271215 -144.715474
55.502351 -160.544224
42.665172 -82.510533
58.183731 -151.817108
35.083605 -76.592552
48.078488 -91.275961
59.083423 -154.171502
-7.29861 72.4016
64.419576 -161.521439
60.083851 -147.471817
44.610873 -67.273076
28.390682 -80.596174
41.698682 -83.337985
47.836199 -122.623192
46.965536 -89.168244
59.230913 -135.432319
20.722717 -155.987216
55.495582 -130.881297
57.944274 -155.109264
21.1026 -157.125
45.417302 -83.773171
57.286901 -153.101322
61.247262 -150.484391
40.700454 -74.039401
66.418978 -163.844221
65.600882 -168.09614
60.710415 -151.716379
24.595676 -81.798797
45.458288 -67.481929
48.649998 -122.592865
57.360243 -153.774275
43.964755 -69.366702
29.13837 -90.248629
42.269792 -70.912932
27.497215 -82.686421
38.836125 -76.368195
59.937874 -148.238831
25.717089 -80.244528
44.663654 -86.259029
30.091824 -89.305038
18.480281 -66.269799
27.099695 -97.45665
48.693839 -122.615169
42.088143 -83.133511
57.717379 -136.280809
41.482073 -71.417957
67.01889 -162.661661
47.545433 -122.491425
57.418181 -135.900816
17.976087 -65.924738
58.211768 -153.000579
56.854135 -154.040948
48.618469 -123.053665
37.248521 -122.418452
57.031837 -156.703764
45.291433 -67.485683
48.770061 -122.897141
63.266308 -170.337275
59.819375 -149.667222
66.100059 -163.80358
55.247362 -133.042972
29.249809 -90.462866
48.214736 -122.449513
59.822231 -149.619632
45.624547 -85.61985
34.035806 -120.043259
54.061722 -165.984415
60.619742 -146.007675
55.446085 -130.920295
57.823981 -155.272917
48.142014 -123.440128
33.969178 -119.706952
51.684245 -177.296369
59.443117 -151.720421
58.337841 -135.538498
18.476701 -66.749301
65.820836 -167.539643
44.768082 -85.504775
70.504757 -149.649556
60.301014 -148.215152
46.943475 7.438241666
67.617228 -164.14438
55.383491 -160.142505
45.234228 -71.429326
39.223508 -76.520584
29.574337 -91.746323
57.426636 -135.554548
59.77369 -149.9756
52.880239 -170.002368
27.317866 -97.642803
51.300801 -179.113495
59.623646 -136.256889
24.757908 -80.982371
55.08973 -130.729166
27.602533 -82.762283
55.198479 -161.691559
55.497259 -160.836023
38.199751 -75.884603
48.348861 -92.048648
21.306531 -157.952263
30.369324 -87.837239
66.995128 -162.353954
36.363135 -75.836201
60.621967 -148.138184
38.072272 -75.844265
66.328367 -161.107995
46.78295 -87.595307
54.079977 -165.826867
64.853243 -161.293049
45.98856 -83.473946
68.433966 -166.342381
47.344624 -122.469704
45.85974 -70.306162
55.052577 -160.174366
55.391739 -160.20361
59.198812 -150.971166
60.404011 -152.012421
47.817568 -90.042761
39.493874 -74.313689
55.767315 -133.508423
60.712403 -151.744321
48.164809 -122.370253
56.318615 -157.851517
21.6584 -158.0639
48.234537 -92.33943
60.576313 -165.312937
53.428609 -167.856837
55.091507 -132.84964
29.7364 -92.174796
42.520441 -70.859751
54.765437 -130.836853
43.785187 -70.089653
42.105139 -86.490122
58.735487 -135.233878
57.486065 -152.314889
35.405099 -76.063661
44.648455 -67.292462
45.74439 16.00307
58.408032 -158.795316
55.117689 -130.855277
29.819086 -91.98206
46.932964 -123.915256
48.561146 -122.610841
48.107947 -90.188679
30.118153 -85.730054
33.006672 -79.359961
33.318638 -118.440047
44.385639 -68.461072
41.137138 -72.253572
56.501838 -154.120244
37.628636 -76.399236
25.999509 -97.634804
59.691846 -135.854166
41.291365 -72.212924
20.652044 -156.059753
60.233807 -162.568342
29.944878 -88.837379
43.985134 -76.064421
27.996138 -97.061992
29.478874 -91.838501
45.711891 -86.876904
52.003548 -175.104889
39.262619 -75.205857
48.353594 -124.546259
30.816961 -105.303673
46.372221 -84.138906
42.017736 -70.033501
29.373853 -94.865336
57.286713 -133.371591
46.991207 -90.609718
68.690019 -166.197365
29.206827 -90.575277
45.394362 -70.677995
43.532987 -76.228701
39.309379 -75.436936
70.80875 -155.978978
52.830763 173.42767
36.170389 -76.236932
60.934153 -149.281035
43.852524 -87.728698
34.001911 -120.247393
36.078034 -76.410878
43.773668 -70.145033
58.997871 -135.180116
54.229036 -165.669383
34.904115 -120.670835
60.951496 -147.613846
45.818533 -67.766842
32.563564 -114.794635
45.811611 -84.427246
48.235782 -92.378922
38.872529 -123.659846
66.542541 -164.711009
32.639732 -79.968468
44.302662 -68.746307
56.990615 -132.943927
29.180664 -82.991653
59.53384 -150.180233
57.400291 -134.578511
55.426456 -133.318649
46.563194 -86.390409
58.37689 -134.897292
55.544207 -130.841595
27.857582 -82.598443
29.672941 -89.64975
58.813019 -136.397322
45.383346 -70.812406
54.757233 -132.623856
54.827351 -159.587158
55.986468 -160.583491
52.697469 -170.633753
56.286218 -134.281387
18.489748 -66.394287
45.04511 -71.500874
40.927297 -73.344161
35.449069 -120.907937
55.795735 -131.653124
55.160261 -160.655577
45.997397 -70.292868
40.546908 -74.111471
52.449968 173.530105
55.496611 -133.185145
59.114101 -151.640274
57.568353 -133.8176
56.552658 -157.113193
27.798904 -82.60742
38.022674 -122.283478
49.000205 -98.869037
48.5942 -122.988464
29.026987 -103.33292
54.886875 -133.054276
58.451953 -135.934547
56.238744 -132.689888
44.127884 -68.35301
43.279484 -77.653759
39.033211 -76.405081
58.776972 -158.45521
52.951512 -169.741096
27.910199 -82.847826
64.49978 -162.857562
37.415802 -75.983105
47.352543 -68.265138
66.31514 -161.089161
39.588144 -75.576271
44.039536 -76.333191
54.181605 -165.792569
39.496068 -76.117253
20.628518 -156.210258
59.609171 -139.581447
59.706814 -164.027481
44.696752 -67.300144
28.354846 -96.418919
56.415085 -132.418365
26.519577 -82.043577
61.095367 -147.550966
55.507974 -160.82081
57.061364 -158.637364
42.290138 -83.096521
25.155078 -80.661449
35.915428 -75.702165
59.386314 -150.609482
45.711464 -86.895342
47.258553 -122.621574
29.764336 -101.532802
70.065479 -162.35474
51.365142 179.450191
51.857123 177.27337
45.882665 -86.532989
48.559586 -123.011307
52.967246 -169.758008
58.586626 -135.153827
44.031296 -76.120695
55.1455 -161.772265
56.068508 -130.061273
52.029308 -173.548385
54.05999 -165.51088
24.827953 -80.814551
67.006833 -162.901348
49.383079 -95.15335
47.294099 -68.491075
29.74375 -89.540131
45.481976 -85.792961
27.261026 -82.54512
29.602867 -89.684486
45.269191 -71.250393
48.616089 -122.830467
45.59159 -85.526895
33.987228 -119.619082
37.770416 -122.293996
54.944661 -159.265345
35.220745 -76.491382
31.186918 -81.339028
65.090866 -166.860402
41.2142 9.40833
43.780174 -69.927011
42.88625 -70.81586
47.92021 -122.596228
55.4136 -132.454974
60.957552 -147.47309
29.615055 -89.688141
27.563464 -97.26176
48.539955 -122.841774
55.99362 -158.43933
19.481577 -155.939145
47.182241 -68.890154
60.863435 -147.779717
41.391702 -70.049053
60.274681 -152.481794
44.992148 -74.234136
57.284294 -154.698264
48.204173 -91.738861
54.9255 -159.202857
59.009564 -135.394069
48.9995 -105.265192
58.54865 -158.769131
29.967695 -88.835495
66.042104 -162.26967
37.791698 -75.818125
28.697922 -96.566824
47.02095 -90.676933
29.762737 -101.706636
32.825796 -79.719879
55.181927 -132.9478
29.060944 -90.683645
55.268778 -132.845477
59.123778 -135.375033
27.202241 -97.434767
44.54836 -83.308918
42.583981 -82.554236
55.923003 -134.315782
18.302181 -65.299701
43.956676 -69.305176
47.238705 -68.70857
58.458106 -154.075235
58.370201 -135.724106
59.590465 -150.114477
67.008146 -161.62216
45.29919 -71.296509
36.00722 -76.580674
29.05949 -90.47332
21.970789 -159.72014
58.036993 -134.950844
43.29926 -124.393988
51.954449 -175.856384
28.993087 -82.760551
55.118488 -160.057033
45.295368 -86.983355
29.060863 -90.42366
45.248205 -71.363013
32.112709 -80.831531
45.003822 -72.310073
48.401508 -122.664659
51.995377 -175.912537
33.840915 -118.392107
36.294558 -75.837913
58.494669 -135.968087
55.908082 -132.615103
50.0826 8.24932
29.918513 -83.679219
48.010162 -89.708145
66.264188 -161.900154
38.541851 -76.277461
45.006782 -72.029739
56.349341 -132.422041
41.318706 -70.764188
59.718563 -140.72198
48.242683 -91.957683
51.855533 -176.099137
60.932184 -164.905047
60.090633 -144.349121
27.229213 -97.54291
24.599468 -82.127121
26.484425 -97.42637
52.366439 -174.330494
56.595376 -154.29002
29.221287 -91.199647
29.037428 -103.34787
38.163476 -76.838795
48.117546 -90.59146
43.742134 -70.100233
56.115657 -158.584362
47.268129 -122.614379
26.536079 -99.166742
41.40885 -70.712432
55.55019 -133.604187
41.138546 -72.312734
54.981636 -162.337431
38.914313 -76.45808
26.908384 -82.351649
54.928241 -159.254033
48.999943 -116.757234
56.992401 -132.821976
58.449538 -152.498571
63.691924 -170.354527
25.949643 -81.745579
29.176835 -102.95089
48.078713 -91.26638
28.198266 -96.928965
57.262027 -135.657272
52.253014 -172.608935
38.486387 -75.049748
48.562313 -122.919456
35.075736 -76.593676
38.107934 -76.02137
51.541374 -178.796448
48.776128 -122.535803
55.119473 -130.846354
41.940204 -70.616491
58.314539 -154.149073
36.884077 -76.454692
47.080494 -88.340052
21.864746 -160.16162
60.205279 -164.541699
51.655368 -177.928907
39.640528 -75.547197
27.424318 -82.675121
32.933847 -118.496811
32.825327 -118.387375
44.78003 -75.387371
53.381326 -167.710446
55.254982 -131.413132
55.155579 -160.807468
18.106211 -65.411767
47.294403 -69.052748
21.438442 -157.791092
59.614742 -149.77858
54.969818 -164.030708
35.392733 -76.06085
45.973629 -84.613937
48.567344 -122.52537
41.36087 -71.624505
42.950792 -70.78513
45.675001 -86.966885
63.53735 -162.301471
29.433178 -83.240509
35.001464 -76.425461
43.960719 -83.869406
53.735935 -166.469112
31.562062 -106.280811
55.74471 -133.277013
39.081442 -76.42186
29.946007 -84.339426
69.673527 -141.119233
37.714557 -122.377251
32.876264 -118.507193
39.079421 -76.150528
51.84561 177.293424
50.8504 4.34878
58.232136 -136.307251
57.989319 -153.221576
29.662579 -88.94632
41.624873 -70.810279
55.736021 -159.521589
48.651783 -122.905182
56.629819 -132.297288
42.471721 -87.798071
46.791213 -91.398256
59.0286 -135.377889
44.00742 -69.071624
36.009852 -76.5633
56.614798 -154.090014
54.38284 -162.562726
30.095957 -104.685687
57.255752 -135.470189
55.069094 -132.619912
61.019346 -147.536798
29.192688 -90.472489
28.696395 -96.561226
56.309492 -133.010587
55.329494 -133.667847
48.70284 -94.538372
58.841179 -153.262111
20.581977 -156.359634
59.608079 -139.719171
56.145814 -132.723396
58.909513 -137.447383
24.639528 -81.332831
63.70254 -171.649923
46.898473 -124.03624
57.283943 -133.842712
38.249678 -76.146297
47.205013 -122.6418
36.566435 -121.942533
51.588963 -178.621323
48.128925 -122.914825
52.403873 173.356927
56.065223 -134.224073
48.208262 -122.606406
58.444256 -159.080496
58.3409 -134.022953
44.991053 -85.475204
32.704298 -114.730086
35.06723 -76.00151
56.289228 -134.295634
48.99964 -106.625597
44.4125 -67.961613
57.459349 -134.90268
53.329578 -167.988487
47.900685 -88.898986
51.983955 -175.808792
46.925267 -90.651834
43.662978 -70.200116
61.211122 -149.924441
57.770271 -152.854718
32.486359 -80.380716
41.552044 -70.493244
44.054686 -83.601173
58.414506 -157.524477
41.585437 -82.702027
55.989498 -160.534541
59.832519 -166.102232
55.066592 -163.300271
55.058788 -132.975159
57.350328 -135.684597
39.730629 -123.831599
66.056753 -162.205889
25.658373 -80.265879
58.08827 -135.108896
55.199617 -132.620123
29.966295 -89.393555
41.899783 -70.073039
29.307083 -90.028536
44.398078 -68.464106
47.36023 -68.329879
57.665668 -134.08928
56.988548 -154.511672
43.305399 -76.841675
48.711806 -94.384221
57.857346 -134.283017
47.939593 -122.68445
40.507903 -74.256088
65.177086 -166.464192
55.648342 -133.545303
48.630419 -92.95012
58.660973 -136.211884
60.095217 -142.809852
30.202314 -88.442654
56.440801 -132.808145
28.030695 -82.823025
31.166897 -105.773257
44.59459 -86.22545
27.369024 -97.699315
44.957783 -85.891543
44.212404 -68.721156
29.502394 -91.86232
29.599552 -85.038497
47.401032 -87.721274
60.46751 -145.960508
44.415043 -68.135284
64.580665 -163.316742
45.848658 -84.706383
38.247037 -76.17335
44.608861 -124.082326
56.218033 -132.919907
42.783832 -86.210863
70.822799 -154.51904
38.791224 -75.160748
56.348118 -157.901001
55.345596 -133.359467
61.449657 -165.800525
47.304059 -124.257452
29.186226 -102.977266
46.863428 -88.375855
54.969875 -163.442854
25.174321 -80.87546
38.500121 -76.327257
44.324797 -68.515173
54.821314 -132.350629
45.789604 -84.439148
58.780533 -137.928156
56.276905 -133.872064
35.172805555 136.890277777
56.000462 -132.002548
45.550029 -67.420976
60.183193 -152.619659
42.966457 -70.771913
60.689858 -145.851783
38.608012 -75.060478
41.093171 -72.12056
29.594353 -91.541974
45.734869 -70.383552
63.070127 -164.580201
55.333515 -160.112717
59.89672 -152.793584
29.339446 -91.222952
29.613013 -92.000003
41.268698 -72.598036
62.664188 -164.860001
39.343963 -75.491688
56.232807 -132.64425
55.600018 -159.744495
55.080212 -130.804119
57.337286 -135.730323
54.218937 -164.763718
38.028241 -75.875399
29.857149 -89.294952
57.185173 -135.469681
48.999851 -121.395543
45.977306 -123.937471
61.847055 -165.696038
55.120498 -162.406191
46.820743 -90.712381
45.208628 -71.3991
41.138018 -72.333351
60.861817 -149.026909
56.607687 -133.667639
54.922441 -164.48678
46.883836 -91.914984
30.321242 -88.195664
42.341641 -79.593992
61.077709 -165.336996
48.115718 -91.712498
61.449852 -165.791085
28.047995 -97.155029
30.138663 -104.692123
57.837626 -133.934735
41.032275 -72.201859
44.409119 -83.321553
58.50581 -135.906941
58.64925 -136.409876
56.403782 -132.555176
60.222874 -164.59607
59.271082 -150.999063
26.416159 -81.90271
8.99801 -79.56126
47.362619 -123.111298
56.677876 -135.175826
41.048173 -73.493327
29.07151 -90.644189
48.093639 -90.372261
44.600322 -67.448513
45.227047 -67.43998
45.607083 -70.644687
45.268626 -71.354999
54.847534 -132.309213
58.973277 -136.945359
44.619629 -67.552392
40.103765 -124.110549
53.443115 -166.765921
28.062748 -97.130282
45.145476 -123.975425
47.030187 -124.026345
54.997337 -163.96473
45.796677 -85.450203
26.045492 -97.178659
37.698892 -76.537228
58.279614 -152.94127
29.049403 -90.765188
58.920521 -153.33478
28.2297 -96.621534
57.661366 -154.22566
42.594669 -70.675747
27.825206 -97.134489
45.708497 -87.059533
45.340133 -67.434996
42.56534 -82.579205
59.445413 -139.595186
44.009761 -68.615896
70.092997 -143.140019
34.461651 -120.050682
48.425148 -122.801918
46.967415 -90.930351
18.228225 -65.589947
56.804687 -134.663434
28.995703 -82.737872
55.939617 -160.535759
35.20303 -75.74522
35.065045 -76.038648
59.28151 -151.161755
33.015357 -118.596037
58.310954 -136.570475
41.630508 -70.321588
36.305614 -75.845284
38.11082 -76.337402
58.189832 -154.177652
30.848645 -105.377417
41.469647 -71.335992
40.58539 -73.574409
60.72973 -164.971839
25.069935 -80.462011
57.183046 -153.010525
60.223337 -162.349432
56.547904 -131.461806
43.830895 -69.592373
44.895246 -85.564509
58.553722 -160.961411
54.993214 -161.862686
56.393669 -132.404678
70.142521 -143.595181
46.503963 -85.049847
41.629653 -87.187651
54.997368 -131.5065
48.070884 -91.336715
59.496721 -150.28493
60.004504 -149.089077
34.341868 -77.661673
41.039669 -71.99926
58.524398 -157.380259
36.682858 -121.814462
40.642201 -74.120186
31.340069 -105.948091
49.002193 -122.407829
36.353593 -75.917758
29.307856 -81.046678
36.95115 -122.027174
58.242344 -152.280629
52.958267 -169.698274
55.807765 -133.180645
57.9262 -152.362161
60.3983 -146.090179
56.229334 -133.635524
61.137836 -150.242096
40.966146 -72.955163
47.457657 -88.18182
17.964792 -67.178566
45.238547 -71.442298
57.405124 -135.667985
30.08392 -83.991607
57.57877 -133.807133
47.522639 -90.914247
29.898915 -85.363731
48.996881 -122.756318
45.285888 -87.0517
41.5842 -70.931338
58.245096 -135.099106
60.721124 -146.3173
64.54687 -162.96925
41.619444 -71.275234
57.046006 -134.481167
57.264766 -134.854948
58.818114 -135.284657
41.116296 -73.31186
29.38604 -89.505038
29.548401 -94.790605
56.474571 -132.650955
58.358378 -154.167997
60.500504 -148.247867
29.672572 -84.862099
59.889011 -166.716563
56.1175 -133.016269
47.500789 -123.056305
39.211403 -75.107286
47.79572 -90.132078
58.696491 -160.313248
30.330336 -104.797291
42.267449 -70.98909
55.230378 -159.855302
56.169015 -133.553454
44.818723 -87.904484
29.556497 -102.777531
69.879126 -162.70955
51.983751 179.515025
43.710524 -70.093113
18.368156 -65.699069
41.484285 -71.190167
65.776124 -167.73569
42.57151 -70.729688
44.713901 -83.273393
57.124638 -134.349602
59.9976 -148.401204
48.084708 -90.023595
60.698116 -147.848176
52.065533 -176.211855
56.269451 -158.21654
29.092142 -90.550316
28.848464 -100.572992
45.141753 -87.033114
61.130221 -147.561637
38.565542 -123.331899
56.914018 -134.178507
57.685335 -134.695428
56.815094 -159.018304
44.376191 -68.398035
49.000518 -116.376039
59.756913 -166.207124
42.867258 -78.882557
53.027774 -168.802241
28.04276 -97.154553
61.723919 -166.134285
27.236758 -99.441407
60.465317 -146.455048
28.530736 -80.560973
44.294543 -83.414301
56.604616 -133.85975
66.993731 -162.831059
34.005469 -119.547072
60.840878 -149.02215
24.559886 -81.691575
29.989943 -104.685479
57.827131 -155.237933
65.885039 -167.314935
29.334935 -94.779995
48.537956 -122.654342
43.687596 -87.702685
35.950884 -75.937816
40.972085 -72.114448
48.346891 -92.207009
37.893477 -75.334296
56.024737 -131.189464
57.775776 -134.101242
46.90458 -88.175197
44.055256 -69.079805
44.261722 -68.295265
46.296025 -123.680574
36.430527 -75.864106
66.06296 -163.093003
30.899808 -105.413505
55.036765 -132.039217
35.361259 -76.092887
24.59709 -82.119392
64.512235 -165.550573
44.053832 -68.790595
60.638622 -147.394363
70.764336 -159.000676
38.036503 -76.322093
35.272856 -75.535741
56.836608 -158.642845
39.199214 -76.251032
29.770487 -93.17693
35.9022 126.625
48.418793 -92.475585
37.981441 -122.462485
45.069629 -71.498399
59.850711 -166.616849
29.72266 -84.892493
40.761587 -72.768152
36.266415 -75.861818
43.695366 -70.099594
54.734617 -132.256092
38.156988 -76.743064
60.101665 -149.360414
37.655966 -76.339892
45.970299 -84.575386
33.994507 -120.041311
42.046247 -70.650874
56.80687 -133.689619
37.117382 -122.337071
20.586199 -156.302692
41.500557 -71.240614
46.265098 -123.559923
55.782162 -132.470697
47.850806 -122.614585
35.790666 -75.732612
45.328018 -70.813021
60.690212 -146.578813
44.609394 -67.32297
45.426963 -86.817069
59.949768 -144.312012
58.125284 -134.174352
52.073329 -173.04754
31.552313 -81.240699
18.11138 -65.342037
60.758608 -146.605008
42.747118 -70.792867
54.950416 -163.343735
45.101458 -71.455452
41.380422 -70.449268
48.643193 -94.006933
37.676983 -76.324808
44.452062 -68.900934
45.263325 -70.848554
51.59753 -178.606094
55.313991 -130.871857
43.989441 -83.145407
67.038368 -162.472765
59.172601 -151.576452
57.201933 -170.402772
44.596954 -67.411815
58.721127 -153.426641
29.820395 -102.369522
59.660864 -151.686486
45.021749 -85.599652
9.33307 13.3717
20.123617 -155.58168
30.092358 -84.272511
46.917461 -90.688988
29.632766 -91.553537
24.740097 -81.456588
55.058045 -131.519588
45.505863 -67.422649
41.641945 -71.212136
58.878098 -136.553223
55.116932 -159.733017
51.956352 -176.016281
57.474615 -134.057115
57.109318 -135.40414
31.912984 -80.941359
17.980541 -66.007731
29.945581 -89.583099
29.763402 -93.342104
57.939834 -152.437604
41.6549 -71.26918
29.788815 -89.386063
27.960201 -82.824875
29.682409 -85.168625
29.648638 -84.920333
55.4846 -131.817047
57.446085 -154.69331
46.09679 -83.828964
39.353352 -76.266365
52.586864 -171.134735
46.211521 -123.987196
57.686513 -152.401492
37.305596 -75.765401
41.28847 -72.2014
34.04164 -118.569235
57.472759 -135.966986
66.058579 -162.45767
55.025921 -131.274506
41.545818 -71.213563
55.250828 -161.527847
71.064728 -155.273764
35.383741 -76.455411
58.104084 -134.126755
41.459037 -71.194967
58.334892 -134.609788
56.583745 -154.075187
48.209302 -91.831975
48.124103 -90.776814
57.75664 -134.728792
58.778593 -158.774626
48.098283 -90.761625
45.853092 -84.701183
17.94988 -66.909359
39.529968 -75.976057
58.637816 -136.449827
67.030572 -161.759641
52.70856 174.109409
44.208113 -86.362847
58.385526 -133.461475
27.92152 -175.73735
39.302408 -76.297878
63.262276 -164.066991
58.687176 -153.55265
42.385437 -82.898413
9.04123 7.47694
44.338196 -68.888706
52.761898 173.875585
47.164843 -67.935868
59.386061 -153.945539
40.882199 -73.775276
58.494189 -152.622794
35.510332 -76.537886
21.457741 -157.772209
47.346777 -87.938787
55.252466 -162.900027
57.82602 -155.298385
59.301721 -151.057756
47.011717 -124.017035
63.084339 -169.838511
51.606872 -176.987383
48.999445 -105.966197
57.330194 -134.055618
48.069811 -91.330033
33.3558 43.7861
59.400729 -150.745004
55.126378 -161.851152
43.719357 -70.084465
51.846309 -176.047892
33.006815 -79.416515
54.414225 -164.499034
54.773888 -132.612549
46.952457 -90.601153
44.025585 -76.199693
61.198778 -150.951153
60.072395 -167.342702
55.787386 -131.504743
41.189011 -72.18898
58.106121 -153.14874
58.46324 -136.07174
45.23882 -71.411924
58.330513 -152.936757
57.760258 -134.146342
57.772866 -157.671061
45.984421 -83.473221
29.91585 -89.331894
58.403758 -134.960502
27.675953 -97.2463
48.408526 -122.649839
44.668455 -87.99011
38.250691 -122.967203
55.853905 -158.845413
35.37812 -76.436301
37.745001 -122.257134
33.983948 -119.984316
52.600677 -170.668075
56.915029 -134.158108
46.248245 -123.548194
48.163312 -88.449502
57.701457 -134.704859
52.007308 -174.736592
18.415915 -67.159608
18.389762 -65.728163
56.29826 -133.959442
57.302838 -133.983501
39.361808 -76.243377
41.044504 -71.980033
60.974595 -147.273646
52.472932 -171.313083
44.396411 -68.421783
35.136222 -77.039272
45.056227 -87.491636
54.894139 -164.343534
66.693052 -162.081515
34.375628 -119.472678
48.561834 -93.456675
63.217482 -163.788882
48.349022 -124.525453
25.30372 51.4715
54.915349 -164.373441
52.016841 179.582857
18.113221 -67.932185
27.250841 -97.485149
58.39163 -152.34486
60.181666 -144.596256
42.461226 -124.422038
37.814109 -76.282592
42.005925 -70.641199
30.73775 -105.110706
55.012981 -132.955383
31.829031 -81.075812
60.009779 -141.912218
48.610055 -122.676796
28.621077 -95.985651
31.206173 -81.304957
42.08454 -86.501322
58.897133 -136.562744
39.973045 -123.99586
61.040798 -149.785126
24.881116 -80.690803
51.711416 -177.322977
48.144773 -91.701691
29.93004 -89.244843
34.395897 -119.729369
56.543935 -159.828049
55.274132 -133.423096
40.800797 -73.768301
57.185768 -135.452423
56.661227 -131.849898
41.335113 -71.923282
59.69795 -135.243777
35.914186 -75.617552
48.438831 -122.876869
55.279966 -131.056214
55.531715 -130.783893
44.525823 -67.653123
55.023693 -133.175034
58.342941 -136.298718
59.410107 -150.671356
57.830146 -152.902633
41.454502 -71.304394
30.79726 -105.214891
57.500808 -156.048584
36.121076 -75.75025
55.061615 -131.240005
56.005855 -133.303782
48.462029 -122.844154
38.988191 -75.318354
48.520551 -93.80152
45.552032 -87.263488
47.388718 -122.373627
45.747238 -85.68885
39.06441 -76.210041
41.523126 -71.414825
27.057711 -97.48693
45.404297 -85.825958
27.498415 -82.706821
41.862352 -80.936244
48.110269 -90.150721
24.948173 -80.596073
29.324412 -89.219734
45.971544 -70.312055
46.415561 -70.056433
57.877098 -134.727077
60.624038 -162.1724
45.565419 -70.685686
56.148956 -158.088745
58.08867 -157.596601
48.609351 -93.404205
60.734278 -148.251442
50.257722909 10.962357339
29.489294 -89.63533
51.625782 178.631609
48.51362 -92.626365
41.637235 -87.394539
26.26271 -98.681167
44.768783 -85.593571
45.734414 -85.510895
55.08894 -131.589387
45.702217 -86.665677
23.1459 -82.3876
29.515967 -89.700501
55.347905 -131.019881
52.875494 -169.868144
25.146683 -80.70127
55.602771 -160.392587
60.675743 -147.32869
48.306454 -92.294527
66.031403 -162.331284
55.89502 -133.711072
55.475235 -133.314484
29.533042 -83.39983
54.078056 -164.953165
60.820882 -147.85592
47.224049 -122.667381
39.442486 -75.570985
46.499242 -84.394725
42.51482 -87.809672
51.949688 -176.093384
26.052918 -97.860504
44.39907 -68.529905
47.857582 -122.573672
55.21524 -133.395126
29.427005 -90.032298
55.06839 -159.755859
59.926927 -141.47093
56.767845 -133.688772
40.924999 -73.731775
41.052482 -124.132946
39.114631 -74.714135
47.295101 -124.242234
59.991837 -165.649318
31.620683 -111.979417
35.05213 -76.480141
41.577325 -70.640948
41.252244 -72.818737
55.763149 -133.512573
43.868855 -68.902618
37.119849 -75.913222
45.329035 -86.895055
57.416811 -135.585395
55.9475 -160.938811
24.726182 -81.38558
45.141958 -83.316118
57.834466 -135.469477
59.226749 -135.42756
45.655565 -84.376403
38.14825 -76.643448
38.102896 -76.392335
60.128944 -152.558746
35.016737 -76.350159
60.492134 -146.528854
60.98079 -149.596076
54.120908 -165.613214
54.183648 -165.880456
45.811016 -84.550385
29.963804 -89.379227
47.298405 -122.84586
44.559597 -67.488068
51.859562 -176.140908
29.59557 -83.405068
44.096706 -68.6181
57.859066 -134.269914
58.616739 -136.482395
46.265595 -123.547636
52.925441 172.640372
70.128717 -145.767092
56.472582 -134.089604
51.778162 -177.965031
48.723375 -122.721981
45.352561 -83.599273
60.920429 -147.502365
37.875126 -122.60129
26.971251 -97.467842
25.198141 -80.387164
44.69906 -67.355966
37.367778 -76.4147
41.542924 -70.011504
55.430027 -133.232986
57.648265 -133.680963
60.680134 -146.499849
41.537892 -71.421649
29.508559 -89.693877
47.951216 -89.660616
38.041758 -122.99242
53.26533 -168.445083
17.990344 -66.716957
38.238348 -76.125756
25.145101 -80.721885
59.657572 -149.950853
38.004274 -122.982386
44.415033 -68.990767
44.137131 -68.675056
20.095318 -155.443957
70.032555 -144.328391
54.801849 -132.626236
27.143557 -80.14982
41.446339 -70.79027
38.511045 -123.249797
20.024438 -155.29548
-4.27524 15.25638
43.820546 -69.685579
41.17297 -72.211479
46.861493 -124.073113
39.58896 -75.603584
48.163393 -124.733174
29.684348 -85.137397
43.774156 -70.134287
30.008022 -89.432785
47.809741 -122.731956
41.706732 -82.816133
56.355003 -132.494507
17.983974 -65.905319
59.095225 -135.296987
58.156328 -154.241874
44.765955 -83.288844
48.229897 -90.925092
47.030468 -90.563316
18.13443 -65.275165
54.18277 -164.84938
37.989991 -122.361905
25.883152 -80.12087
48.182916 -88.447236
58.144155 -135.397518
33.034642 -117.29337
58.062027 -134.049603
44.009366 -82.783198
56.657073 -159.369434
55.173991 -159.499502
61.133381 -151.0785
37.201513 -76.803198
38.902568 -76.293254
30.482039 -81.410809
48.655231 -122.587158
51.874778 -176.078865
29.295357 -94.903985
70.559087 -160.214828
48.188452 -91.031589
46.237316 -124.001998
55.793335 -131.507122
44.826144 -75.306487
47.972645 -89.551688
30.222714 -88.029272
29.597796 -92.064746
55.104 -133.142914
42.769298 -82.467394
46.004447 -67.780462
62.582039 -165.076004
59.547165 -139.783892
60.059271 -144.048732
57.972769 -153.461113
56.637289 -134.615955
27.315727 -97.5709
43.346391 -70.485312
45.418663 -84.978608
45.081316 -71.480219
40.855583 -73.793785
18.482877 -66.529476
59.425211 -150.739958
43.436296 -124.286896
36.9651 127.033
30.393398 -88.89393
37.558436 -75.941153
44.560659 -67.575056
56.357635 -157.807739
51.902986 -176.065288
55.343033 -160.062271
23.783916 -166.208633
40.820941 -73.754032
55.074858 -130.792222
37.257407 -76.025753
57.100883 -153.146361
59.687814 -139.51818
55.831673 -160.272533
47.905696 -122.39042
38.292664 -75.908976
45.191591 -87.548964
48.939062 -122.818232
41.721346 -70.272289
51.376667 179.220471
56.56238 -133.784202
52.593811 -170.659041
66.075287 -163.313843
28.654665 -96.634
22.215646 -159.51941
25.152019 -80.723324
30.040972 -89.494064
25.916797 -97.530322
57.639008 -153.667261
51.640932 -176.826252
60.891336 -150.808418
48.832408 -122.711805
44.137226 -76.3524
41.168738 -73.107987
41.094371 -72.141921
19.128174 -155.51214
60.720478 -147.403885
41.308726 -70.062565
49.324154 -94.854245
46.147733 -84.095818
45.273066 -71.336392
24.692488 -81.55761
57.337414 -134.543385
46.984859 -89.142595
45.014267 -72.93644
58.596012 -136.100296
46.881325 -91.052991
58.090087 -153.156402
44.28634 -68.532266
56.241382 -132.393974
48.447754 -122.844154
55.818652 -155.826071
48.200586 -91.764672
60.335365 -172.486435
29.475666 -83.311546
37.158739 -76.67147
35.475355 -75.995652
56.333105 -132.676553
26.051718 -97.967358
44.994946 -74.760215
53.524016 -167.175189
56.142484 -133.628385
36.939547 -76.22166
18.56381 -72.24909
44.612458 -67.322491
28.42389 -96.820655
48.007154 -122.23022
60.305061 -146.649857
60.741417 -147.383896
33.919597 -120.046881
57.417459 -135.570872
44.343634 -75.973053
47.256451 -68.061842
60.913905 -147.597749
63.717096 -171.739918
27.807295 -97.203377
56.093672 -158.438644
34.461809 -120.097212
45.491158 -83.99835
45.145788 -85.656024
55.33065 -130.689905
35.35339 -76.409323
57.126891 -153.830012
38.447891 -76.456002
29.165046 -89.018344
21.396282 -158.161743
21.815145 -160.24961
58.034263 -157.611802
47.07757 -90.417272
21.437658 -157.793289
57.92221 -135.699294
60.809331 -164.92418
34.024831 -120.147647
32.752949 -117.25257
38.712714 -76.275015
33.24744 -119.564971
62.601074 -164.94751
29.75671 -94.816085
55.260319 -131.278302
55.926614 -134.336063
55.121691 -160.109925
57.344916 -158.14971
37.501198 -122.155686
55.158726 -132.891876
41.280056 -72.920062
27.217985 -99.441928
39.692613 -75.529744
58.973868 -135.175756
58.243329 -152.23383
42.480212 -86.24971
60.396416 -146.721085
59.613947 -150.031935
60.738286 -151.849634
19.538354 -154.837384
45.299279 -71.282552
27.313691 -97.450798
47.270447 -122.668571
44.609288 -87.998716
48.542385 -93.811201
42.235486 -79.844661
60.565496 -148.292837
35.171192 -120.698906
46.085487 -83.85276
44.890255 -85.639842
39.245898 -75.404823
37.739601 -122.257953
42.466696 -70.921993
60.407818 -146.090179
51.982834 179.482464
70.822056 -155.882145
52.826618 -169.683482
66.566617 -161.542581
51.945457 178.590245
44.032723 -76.168284
56.27704 -133.86369
42.637294 -82.509935
54.847487 -163.214398
55.219911 -162.718077
29.450504 -94.930861
29.37952 -94.886741
60.969505 -147.219575
63.147708 -168.889683
35.172197 -75.839531
55.681419 -160.130445
51.482365 -178.307236
59.62426 -150.286833
55.266937 -160.327347
40.474338 -74.017917
58.353927 -134.652023
38.164041 -122.949626
49.4077 8.69079
52.104534 -174.102161
48.120617 -122.489986
52.743485 174.09665
56.762291 -133.743376
70.308048 -161.859745
35.122948 -76.546463
44.035845 -124.133547
39.367501 -76.002408
37.642324 -76.510187
37.836497 -122.302981
63.1354 -163.529938
37.120514 -75.945872
60.957453 -151.621005
57.2908 -156.551239
44.229505 -68.343132
56.584573 -132.541282
51.925939 178.567447
60.691483 -146.178676
48.574745 -122.830292
29.091627 -90.258145
28.53578 -100.405058
19.690252 -156.036079
42.673341 -82.630851
30.223318 -89.073538
60.361061 -147.182709
55.067715 -133.032257
49.368897 -94.988908
57.863282 -133.63754
44.621938 -67.530777
51.576123 178.767787
59.901825 -147.815643
36.812449 -75.965451
56.279582 -160.357156
38.11496 -122.484411
59.041806 -137.049103
48.636496 -93.960632
54.816883 -159.725174
35.332032 -76.168764
9.94268 -84.12417
35.453435 -75.997901
24.737581 -81.05057
42.660873 -70.622791
48.101178 -90.567482
44.477224 -87.490024
48.016684 -89.609396
43.008027 -70.743793
44.12613 -124.125824
41.672463 -71.287637
49.000099 -116.417503
55.191335 -131.093806
57.305425 -133.962897
21.3019 -158.1127
43.761395 -87.700085
57.394577 -133.461179
41.037652 -72.521548
58.974174 -156.962256
20.906325 -156.688132
60.189552 -152.749545
57.570339 -154.468328
44.369561 -68.395516
55.756012 -133.350174
56.551903 -132.54686
60.057139 -151.661437
38.941927 -76.273083
48.999912 -117.884398
55.380498 -131.240028
39.270819 -74.581008
71.073416 -155.120317
60.561326 -151.303125
34.046576 -120.346946
47.800882 -122.682015
42.302463 -70.915588
24.556639 -82.121773
54.99261 -131.334585
32.508383 -114.810159
44.263057 -86.327287
57.89026 -134.126105
56.044522 -133.267495
44.301774 -68.530731
40.928898 -73.148994
55.337227 -133.539352
59.342719 -154.103014
17.8927 -66.515349
55.27645 -162.682405
44.49415 -67.590627
27.815889 -97.196465
38.355278 -75.072476
55.845088 -131.520804
57.15053 -135.575674
61.67061 -165.82214
45.427817 -70.635498
50.844525 4.367372222
19.969438 -155.204486
38.895614 -76.49278
46.224037 -84.233117
46.00613 -85.003597
44.063152 -69.050566
45.666456 -86.587528
53.075131 -168.451161
55.234871 -133.222031
55.906455 -159.159183
29.188132 -90.432912
10.66589 -61.51672
37.627003 -76.381106
60.629105 -147.421005
37.270226 -76.36229
18.096352 -65.47979
59.729847 -151.214539
55.059825 -159.988097
44.026362 -76.307486
55.295553 -130.801144
70.4348 -151.653184
59.659476 -150.005105
38.082889 -122.282824
46.59104 -124.028799
58.296678 -136.585703
56.457978 -132.896342
33.301137 -118.316787
60.690068 -165.052642
21.3793 -157.7087
60.010967 -139.060938
29.434615 -89.845075
29.259804 -90.101231
56.586768 -154.413435
26.700842 -80.032862
51.911749 179.743012
18.247792 -65.59586
29.723907 -92.188478
17.932268 -66.206961
60.542406 -164.986952
48.568812 -122.670638
23.78393 -166.213821
25.868929 -81.458487
57.060367 -153.221204
43.859315 -70.009869
45.406067 -86.808303
41.349272 -70.599157
48.112641 -90.143762
47.014297 -91.666477
48.201198 -91.753939
24.567942 -82.160439
46.108093 -83.787323
29.028567 -103.350816
17.941514 -67.197517
25.676759 -80.152303
41.367453 -70.030924
59.624317 -139.593488
46.910325 -124.009519
48.177747 -124.050734
60.066006 -147.99054
69.729074 -163.018175
57.286696 -154.792054
43.768549 -70.132485
54.983315 -163.994179
25.106317 -80.433575
41.182961 -72.179596
56.196022 -132.985931
47.383682 -69.043958
45.370369 -85.143651
20.629067 -156.148085
47.025366 -90.403499
34.987858 -76.137269
59.892061 -166.764183
56.780101 -133.701516
36.500778 -76.023627
55.723427 -160.661205
30.222732 -88.568056
51.623981 178.634021
56.518356 -133.041726
55.08065 -131.602869
60.629213 -145.895243
29.674013 -93.88999
70.109281 -162.312491
29.036163 -80.893675
54.919767 -131.195197
36.15514 -76.05992
48.322977 -92.304561
36.277831 -121.851967
48.561836 -122.987991
29.60366 -104.452301
46.750204 -123.893054
70.337432 -148.09058
32.57601 -114.801877
40.86666 -72.39585
46.730647 -123.91285
56.042458 -156.727081
55.055817 -133.193466
47.988765 -89.900237
57.688074 -155.615203
60.79036 -164.977663
48.090942 -90.374542
51.749176 -178.815757
46.880993 -67.78923
48.102143 -122.571853
57.520153 -153.922982
37.536391 -76.330598
47.259764 -68.074061
46.083511 -83.576088
26.000072 -97.17446
25.253178 -81.168307
43.915405 -69.260862
42.012041 -70.083775
53.496371 -166.772655
54.129606 -165.536004
58.931599 -152.312469
54.128005 -165.088486
53.424979 -167.075386
26.682791 -82.268007
28.634859 -96.560731
18.32937 -65.281657
46.796214 -90.758586
22.080944 -159.317451
45.183309 -71.415468
41.66098 -71.366165
28.622095 -96.622804
30.908203 -81.405153
57.899175 -152.804807
43.826814 -69.621086
59.968449 -147.35997
28.410119 -100.343945
47.236327 -68.661957
59.034136 -158.212901
60.215863 -148.090238
57.686914 -133.530957
47.738434 -124.425195
41.478275 -71.190016
66.777953 -161.866334
43.857395 -83.358869
40.84466 -73.769648
60.359071 -152.315855
18.186963 -65.710895
27.000755 -97.454041
58.031446 -152.759378
21.0215396 105.8189851
59.661379 -149.791905
41.610912 -70.267587
34.317398 -119.388249
44.153698 -68.692343
64.805922 -161.357867
43.868498 -69.520301
45.918138 -70.25788
56.814544 -133.264047
55.171271 -162.957182
37.52214 -75.63337
70.031572 -145.408182
47.981152 -122.514813
47.286672 -68.383146
36.968057 -76.513363
66.181019 -164.078677
42.606687 -82.700818
47.670843 -122.508709
48.505455 -123.142776
45.01479 -73.048386
65.550876 -167.909599
60.154221 -165.683507
24.592534 -81.687017
36.000375 -76.683869
39.216606 -75.164798
41.483369 -71.236751
48.657436 -123.182823
55.964025 -133.816363
55.953911 -133.321442
29.494009 -102.807327
27.307875 -97.357606
57.438505 -135.561916
29.543063 -104.371175
48.249412 -91.953806
58.85585 -153.25225
45.167495 -71.422031
60.770092 -146.050622
57.449383 -157.956239
47.012262 -88.373966
61.005145 -150.511099
56.736433 -133.944663
52.105363 -173.818277
55.853377 -132.376518
41.5804 -71.447712
59.601329 -151.165427
45.668106 -86.717828
71.296338 -156.531124
30.045372 -89.782534
57.445568 -135.159206
35.66861 139.74328
41.789118 -83.443364
44.186472 -68.618511
19.81758 -156.006267
25.17245 -80.796218
47.341654 -122.796646
57.231176 -152.997739
58.846227 -136.612807
43.143736 -82.494194
60.321754 -146.571609
44.038841 -83.441551
44.895019 -85.423003
59.944727 -139.657451
36.978316 -76.524142
44.242556 -68.825631
46.032823 -83.989526
59.636345 -153.298205
51.99163 -176.027546
55.541859 -133.627396
56.496471 -132.796627
37.160034 -76.604476
30.222847 -88.565576
59.073681 -154.031822
37.704478 -123.013897
47.451037 -69.164362
30.062775 -89.175728
47.069138 -90.582947
29.329269 -83.176852
42.719424 -86.206834
51.825971 177.311768
60.757768 -151.261383
64.540171 -165.819595
70.455182 -150.877322
56.027219 -158.467335
45.686334 -84.97095
39.201842 -75.165979
55.51439 -161.700069
44.889964 -87.385396
39.43893 -75.465212
44.38634 -68.978815
45.843704 -67.777975
52.479472 173.555739
47.222331 -68.764487
37.161582 -76.756899
59.000998 -135.395021
18.413951 -65.774937
18.513256 -67.07929
43.120182 -79.062518
46.725369 -123.948683
70.093888 -143.0381
55.135768 -161.897846
29.242057 -95.005826
41.662496 -82.794198
59.419626 -150.363928
27.617326 -82.736552
52.392666 173.543778
39.580672 -75.587744
57.74842 -135.328887
60.048161 -147.558655
45.938004 -83.742775
48.840119 -94.685681
34.69669 -76.726969
45.834095 -85.584709
64.60871 -162.270025
48.568644 -122.531978
29.437662 -89.589536
47.261218 -68.594053
45.86277 -84.651512
55.880554 -158.869217
37.906604 -122.678474
52.063069 -173.718
48.608415 -93.40856
26.385555 -97.226931
56.517007 -158.110789
47.202819 -68.948923
56.521273 -154.70614
20.64927 -156.445894
46.891253 -124.049279
56.034928 -158.660914
29.637011 -91.898994
30.06345 -89.458946
55.61735 -159.673432
56.603078 -158.000112
63.1793 -170.101301
45.982242 -84.483062
26.353606 -97.214885
48.649527 -94.224276
47.816988 -124.489737
45.332589 -70.818141
58.94389 -135.334106
18.303493 -65.244424
56.738945 -157.544855
44.2878 -83.419236
59.955005 -149.087823
42.02139 -70.671666
52.168514 -174.135217
56.833333333 60.61
3.155055555 101.722555555
44.900026 -85.992535
64.639676 -163.173975
71.267945 -156.402659
57.540244 -153.94755
39.352008 -76.233776
57.835436 -134.991819
30.394698 -88.810227
60.457304 -144.874451
51.788003 -176.918065
48.548975 -122.653612
49.370186 -94.957465
60.729519 -148.23526
27.519614 -82.674621
57.025712 -132.901097
29.655783 -94.967319
58.207473 -136.023978
18.247595 -65.598153
58.910751 -159.729472
58.419721 -152.774509
44.578037 -67.541611
40.854831 -73.773717
29.193516 -95.14669
59.577622 -150.512406
29.747153 -93.68364
60.932249 -147.749138
41.629331 -82.834662
55.783222 -131.62907
41.69398 -70.717451
27.719886 -82.482449
45.428539 -86.828661
34.386295 -119.510655
54.897269 -159.320732
20.596488 -156.284391
37.364014 -76.337476
59.675655 -149.839493
59.697931 -135.234447
38.730338 -76.340543
38.099331 -76.330794
38.390958 -77.312201
29.659366 -95.005398
32.817311 -118.356541
29.913957 -84.494562
54.875282 -160.200831
47.478737 -87.929269
58.061668 -154.460403
46.86153 -91.096565
45.177966 -67.293742
67.639079 -164.209816
47.632302 -124.382215
29.088224 -95.110484
17.979392 -66.761442
46.496375 -124.031737
33.956904 -120.200085
41.500966 -70.745053
28.407391 -178.291077
60.339103 -148.192669
18.288274 -65.280764
51.809942 -178.748283
55.010454 -131.484995
37.616857 -76.542666
58.957126 -138.066332
58.490423 -152.601666
29.62249 -85.09519
64.543546 -163.178734
44.295102 -68.426107
44.451632 -86.251843
44.242838 -68.827627
44.493664 -67.792465
55.052996 -160.094288
30.245559 -88.224615
65.3309 -166.485968
57.094698 -156.441566
56.637798 -157.390945
56.937127 -153.627483
36.143775 -76.064224
38.311339 -76.922177
70.827982 -155.969194
53.659234 -166.861769
48.694611 -122.894714
56.014521 -158.407723
61.046939 -148.286896
51.87915 178.018402
56.323923 -158.338137
45.852192 -70.34244
45.241216 -71.394422
38.106884 -76.41316
59.89647 -149.662463
48.42953 -92.484074
48.469761 -122.834038
53.633438 -167.091377
28.863054 -100.59104
55.033806 -132.68486
45.354715 -86.953389
18.332582 -65.277319
60.315845 -152.385979
59.237963 -151.906191
45.37171 -83.64379
18.098056 -15.996493
60.019129 -141.966178
43.768599 -69.300818
32.900146 -117.25447
56.90183 -134.339168
37.863957 -122.483102
48.644375 -123.135048
47.84106 -89.192207
60.685893 -145.841345
44.597668 -67.514244
45.044767 -83.277037
30.227185 -87.838462
44.025176 -68.611473
40.764371 -72.757176
29.141324 -83.019071
52.405563 173.356103
45.350832 -83.550268
45.760669 -86.439661
26.609362 -97.445708
33.523773 -79.041125
38.106974 -76.405368
55.062359 -132.872833
48.744629 -122.818436
48.114713 -91.711986
57.386017 -152.257187
41.831263 -70.542065
25.19846 -80.532416
28.336484 -80.606874
30.223218 -89.430428
46.923038 -123.979378
17.950527 -66.904585
55.470346 -132.146062
45.03166 -86.093451
60.822307 -151.787394
51.531237 178.969019
37.816561 -75.73588
41.327977 -71.773702
47.973465 -89.637015
32.169005 -113.750756
58.615523 -137.67169
54.691674 -132.142277
59.396783 -150.431504
29.999926 -89.571533
60.277564 -165.685751
27.838307 -97.226514
44.260774 -68.262128
58.606595 -153.806232
58.986424 -136.696646
26.427158 -81.91171
34.70757 -76.673537
55.532936 -133.45369
47.951845 -122.44076
43.917751 -76.3013
58.747739 -158.784886
56.880055 -134.376975
25.888411 -81.48751
55.76643 -160.052525
51.606094 -178.576584
28.638889 -96.61059
42.312294 -70.977402
38.718005 -76.298499
37.495341 -122.499289
47.125896 -122.694748
43.064412 -87.870184
29.095434 -90.867766
24.743991 -80.994426
48.766968 -122.918449
39.045521 -76.237065
51.868381 -175.954287
66.201764 -164.078765
40.76939 -124.228244
18.321059 -65.238034
26.030309 -97.703247
57.17625 -135.455994
41.051101 -124.151266
29.341985 -100.943196
60.206173 -148.165099
47.264797 -122.563935
22.054639 -159.333267
40.856999 -73.675573
41.016797 -73.561968
59.264485 -151.146295
46.82534 -89.642255
56.224247 -156.77182
37.373129 -75.720739
46.002426 -83.818199
55.92079 -133.256788
60.714175 -151.749493
58.506783 -136.027237
56.129993 -132.938934
20.146916 -155.630382
29.87992 -102.315389
48.749975 -94.645164
45.304756 -86.957222
38.329601 -76.942132
60.42261 -147.953709
58.214729 -134.390877
46.90984 -88.126927
60.570571 -148.482726
52.233638 -174.177679
37.37975 -76.437525
37.19481 -76.006094
27.875284 -99.904385
60.619112 -148.19148
42.358207 -86.297168
56.125258 -133.05552
45.613689 -86.677269
60.533845 -164.960843
45.149166 -71.433179
17.946252 -67.187474
47.077942 -90.723991
46.131648 -84.026536
42.995467 -70.749024
39.370644 -76.049846
58.273512 -134.729861
59.794805 -163.704795
55.803248 -159.627482
45.918636 -83.526344
48.207106 -122.382102
41.3538 -70.800289
25.189005 -80.645876
34.002505 -119.391551
57.587147 -133.179062
42.886557 -78.912458
41.940964 -124.203402
54.402012 -164.789357
47.798574 -122.684085
53.984798 -166.197113
44.758238 -67.063308
48.116883 -91.712226
41.265897 -72.653838
45.280355 -87.071035
26.694361 -82.24251
31.333959 -109.278489
34.024477 -120.073609
56.623627 -132.605498
48.539739 -122.717278
60.923683 -149.359081
59.701339 -135.254125
30.096563 -89.223312
55.548966 -130.807688
47.235793 -68.73538
39.299161 -76.380662
29.997236 -89.243706
51.938001 -177.191399
42.260588 -124.408514
56.774134 -157.161372
34.015919 -119.357462
61.317722 -149.811179
66.593181 -161.598953
32.575625 -117.133363
55.179566 -131.598454
24.6809543 46.6206764
59.350147 -150.742737
43.914215 -69.273949
28.789998 -95.568136
45.012181 -73.249323
59.569481 -150.316154
29.624475 -91.838982
47.196142 -67.952269
45.356937 -85.209673
58.594253 -152.545009
41.645701 -87.120322
42.916549 -70.805971
51.772541 -177.956998
51.896562 177.203323
31.783706 -106.750547
56.812819 -133.694973
53.085562 -168.442859
60.658185 -145.883904
57.170717 -135.83189
46.308312 -124.029924
47.174 -124.195893
41.750214 -83.427308
60.308712 -146.932861
42.015185 -83.17089
59.066782 -153.949958
45.817554 -85.360954
28.593596 -96.187178
46.725278 -123.929073
54.166162 -165.863518
55.293389 -131.550044
38.928519 -74.933571
48.550664 -93.812098
44.983359 -74.907956
45.00539 -74.854443
29.298775 -91.334885
41.524229 -82.969642
41.628983 -70.844165
47.00132 -90.939865
59.557152 -161.75798
41.830325 -83.409596
58.400443 -152.883107
32.425259 -80.467588
43.909767 -69.440913
58.7226 -136.015761
45.834245 -87.039842
57.563137 -134.611177
56.214613 -132.346385
27.496896 -99.51932
57.888621 -152.468511
46.698685 -123.864902
40.6305 -73.351465
43.234569 -77.534184
58.181952 -134.087674
55.044625 -163.815779
45.113046 -85.980433
44.11646 -68.375382
47.04165 -124.122057
29.72306 -83.537645
47.390073 -87.941613
66.995634 -162.855805
47.74714 -122.537318
34.000802 -119.883033
29.444267 -102.83097
59.923682 -162.90726
37.785873 -76.715498
29.227843 -90.543245
53.526907 -167.938981
45.68171 -87.129412
47.276696 -68.092501
19.266289 -155.296761
34.68282 -76.906257
42.208024 -87.800066
56.821117 -132.43833
48.423363 -122.825714
46.453523 -84.769151
53.475992 -168.342127
60.189125 -165.708863
57.243469 -135.424469
65.326856 -166.679717
17.955356 -66.906532
59.557304 -139.847236
31.823 -81.039808
53.433067 -167.050025
24.843918 -80.79278
45.788502 -86.576869
19.261835 -155.303808
59.550943 -151.32367
43.877971 -69.550908
51.784075 -177.281479
54.182799 -165.422356
32.512476 -114.804694
31.086143 -81.401209
48.245812 -124.699663
44.275431 -68.61563
34.056716 -119.755521
69.985987 -144.856954
58.929614 -135.367419
46.463019 -123.990615
46.773985 -90.859445
45.242589 -71.402638
18.19881 -65.644622
48.99857 -112.003866
55.393281 -130.969588
56.586105 -132.410339
29.679612 -93.931
45.728768 -86.977655
56.687858 -135.224142
29.482882 -91.782387
65.911408 -167.246146
59.987841 -141.2682
38.951065 -75.312546
37.959043 -75.296871
35.075345 -76.468796
43.565146 -70.196911
51.833835 -177.128617
22.223252 -159.388119
40.564914 -73.935686
70.766973 -158.976647
26.405981 -97.240286
60.159996 -147.971497
38.689512 -76.321865
18.230666 -67.173
30.390413 -104.859521
46.043846 -83.763527
55.582905 -133.714233
39.659932 -123.78636
54.720426 -163.423067
47.297158 -122.74525
57.179283 -135.832842
37.761508 -122.271905
58.092936 -136.438117
37.369836 -76.407497
36.133396 -76.329921
60.030197 -147.993271
56.469568 -133.348504
24.782324 -80.910431
41.671652 -124.139354
59.9556 -139.60579
29.824062 -88.83271
37.157568 -76.394756
58.297118 -134.007724
43.362156 -70.414616
29.774399 -101.603681
55.176716 -160.765229
57.860506 -135.418517
17.945819 -66.391227
46.772403 -84.989497
44.203773 -76.286547
56.955144 -153.976871
45.96389 -70.31687
25.868874 -97.360082
41.944397 -83.28713
46.522665 -123.896703
47.271731 -68.59688
55.852357 -159.400096
56.334031 -133.618273
45.149286 -85.599801
48.219095 -91.867882
41.006437 -72.079208
19.886099 -155.12175
25.211281 -80.485865
57.763466 -152.471
55.888477 -133.521912
61.012423 -151.467851
57.050403 -135.333998
21.176214 -156.742231
21.174875 -157.259911
48.530046 -93.818253
55.300786 -131.478569
40.124207 -124.170767
47.458236 -91.032945
48.129048 -122.477983
44.808315 -66.97626
17.956553 -66.856474
29.564739 -91.711998
55.250828 -161.579239
60.408988 -145.510457
54.986679 -162.716177
47.239706 -68.648029
59.442091 -135.331192
51.993328 177.497441
59.284102 -151.068166
58.912563 -152.074524
58.896183 -136.557983
43.318452 -76.769025
53.469289 -166.745696
59.305412 -150.680878
59.353099 -154.121394
48.423363 -122.893524
61.440601 -165.844525
44.344605 -68.528635
38.243183 -76.957796
56.153717 -158.560832
46.060689 -85.222511
33.296417 -117.469794
60.267066 -151.387919
55.505978 -132.561197
48.444183 -122.800728
57.890928 -152.823299
25.845301 -81.678287
38.729586 -76.316146
59.795624 -163.772229
57.056656 -153.601294
38.038778 -75.857507
38.735434 -76.238685
60.881805 -147.447418
37.825821 -75.977301
55.432054 -132.41934
20.629719 -156.184556
29.657444 -84.895885
58.429515 -152.771106
55.920601 -133.31073
48.74466 -122.627808
51.996732 -176.560565
66.534443 -161.494988
56.371451 -133.045714
35.905788 -75.64512
48.51512 -93.752942
18.258676 -65.626321
48.508077 -92.631137
60.711434 -164.97125
37.081888 -75.956976
42.501035 -82.882316
55.24131 -161.61731
42.15845 -124.366832
45.775385 -86.597661
45.804474 -84.490303
57.604595 -153.984847
43.302121 -124.400404
42.528659 -82.685397
45.511951 -86.774193
29.07358 -82.780558
46.988522 -89.063103
39.293539 -74.551151
58.701248 -160.428421
42.62864 -70.61842
48.450726 -122.84951
55.267474 -131.369114
19.771832 -155.093517
20.627523 -156.129898
60.467282 -147.717097
48.645895 -94.071357
43.077855 -79.074467
45.166469 -83.363678
60.458145 -172.784348
48.017172 -89.717102
27.358984 -97.48693
25.327433 -80.361662
42.443894 -86.261573
18.483556 -66.906872
70.554869 -151.880141
63.381543 -171.280185
55.315549 -160.649349
63.083874 -163.417683
44.358357 -68.520671
29.058693 -90.94799
59.688374 -163.930527
40.915398 -73.569969
37.872324 -75.437868
29.142638 -89.073884
59.386314 -150.401999
57.208965 -135.547012
29.131692 -89.328486
49.001412 -121.12624
61.122606 -146.288149
52.160405 -174.55467
59.418486 -153.896576
70.460171 -150.834973
55.890232 -131.689514
47.212686 -91.35385
29.11911 -103.503236
45.008304 -72.555912
48.698919 -94.264473
29.151162 -95.151925
28.059892 -97.176444
34.05582 -120.36029
59.904672 -165.575815
28.491729 -100.33714
38.136231 -122.409798
46.976395 -90.85968
57.544429 -155.96789
59.698717 -140.285557
55.887648 -132.320487
39.031157 -123.690095
32.851447 -117.27387
55.290749 -160.408798
29.178074 -82.996144
43.392919 -70.398465
29.444509 -90.022404
29.109325 -89.10101
61.084847 -165.347082
57.032851 -132.875517
54.97201 -162.587967
38.844005 -123.642676
71.154521 -157.072487
41.347135 -124.079015
39.482945 -74.304778
29.520785 -89.700845
48.770405 -122.912605
60.741538 -146.073465
25.687506 -81.290328
41.08812 -73.367859
61.709068 -166.134402
17.972914 -66.787245
59.926926 -144.447159
58.513447 -136.026291
46.02286 -84.544405
70.295877 -161.847403
57.614794 -157.652202
24.836225 -80.761359
55.320976 -131.643921
45.964748 -86.123567
70.412546 -148.580356
45.663819 -86.625132
60.783749 -151.106079
70.554041 -151.745047
56.512642 -132.471313
55.600754 -133.727325
29.19147 -103.724743
45.757266 -85.54956
24.71276 -81.107355
59.972954 -162.644231
29.858212 -81.264693
66.441839 -161.516449
48.641788 -122.872345
46.657256 -86.119862
57.721768 -157.703782
46.466138 -86.903742
57.084602 -153.654497
47.297534 -68.474851
56.221411 -134.257478
70.821876 -153.995579
59.890419 -141.450505
54.073317 -165.365768
37.967256 -75.727952
26.360166 -98.798211
58.618137 -133.714186
42.402598 -70.989195
29.781014 -91.838697
48.568512 -123.176086
19.976952 -155.840708
32.505594 -114.813164
24.971505 -80.558785
54.8339 -133.527725
30.965976 -81.475789
54.645441 -164.741815
25.849826 -97.36542
45.938842 -123.99304
41.691368 -87.42061
38.341595 -76.259261
61.024072 -149.751943
57.091033 -153.118673
34.019805 -119.686507
40.879299 -73.770876
58.924542 -136.124491
42.840568 -124.552441
56.093805 -134.228388
28.590837 -82.654138
35.360763 -120.862133
63.006264 -164.716841
56.679247 -157.763698
35.538516 -76.600441
43.439077 -70.362015
46.438624 -86.698139
29.465723 -89.548686
48.555424 -122.874489
56.37001 -157.832474
45.615992 -86.648439
59.854233 -147.600296
28.198246 -96.703838
59.58714 -150.512406
37.593469 -75.611683
35.980105 -76.389818
27.901401 -82.413915
26.088705 -97.161471
37.235674 -76.913293
56.218548 -133.882117
36.087767 -121.618672
55.913595 -155.474363
31.97278 -113.125961
57.863645 -134.294849
21.132488 -157.299187
55.460967 -132.142649
59.264917 -151.390544
60.891507 -151.736015
60.854203 -148.386596
45.742358 -85.508818
38.7436 -9.1622
52.061471 -174.980497
18.4581 -66.073987
35.231171 -75.68749
63.977265 -160.877686
47.293921 -122.413735
59.034961 -134.379771
59.689957 -153.444003
31.332239 -111.074825
43.934672 -83.890145
39.057363 -123.693969
57.095229 -132.371312
30.303569 -86.089963
45.582647 -85.618049
42.607486 -82.523337
27.864963 -97.349832
38.332429 -76.016682
51.930821 177.409536
63.495084 -162.267833
59.816755 -153.285412
57.040625 -153.574974
34.018775 -120.375143
59.899137 -165.717549
37.492341 -122.493789
61.706299 -165.934968
38.444618 -77.040638
64.59224 -162.342308
60.357975 -146.542709
48.187568 -122.362044
52.045247 -174.593635
55.905766 -131.66893
37.874276 -122.325193
45.063694 -87.28428
45.710087 -86.870392
32.58808 -114.800441
57.33248 -154.761338
46.553681 -87.382206
56.064412 -134.125421
57.017342 -135.68052
56.79781 -132.85315
58.217886 -136.591924
60.186999 -144.545101
58.326563 -134.609193
41.694326 -70.755347
51.943167 -177.181271
60.941767 -149.380972
46.78964 -91.411799
26.038906 -97.15321
56.547319 -169.657736
44.430863 -124.079301
47.098505 -88.297625
59.554333 -139.807161
57.696791 -153.930279
56.411819 -133.821381
44.968788 -85.9316
44.487419 -68.192036
42.020028 -70.190834
45.296563 -71.301107
21.146127 -157.293774
29.984739 -84.359986
38.806861 -75.190552
60.47913 -146.376724
19.438794 -155.924269
28.113602 -100.067652
36.28277 -75.872721
42.519495 -70.842091
41.887702 -70.065372
45.319507 -85.262996
41.691947 -83.39263
58.083666 -152.541533
47.923512 -88.962664
57.663783 -133.40498
62.640095 -165.013184
29.403049 -94.708473
48.163801 -90.777917
42.487596 -70.841591
61.5562 -165.912496
61.166132 -150.068004
46.239228 -123.613459
40.689175 -74.046359
53.33433 -167.308126
38.104709 -76.476222
32.447048 -80.480156
51.696639 -176.906884
30.042673 -89.340096
57.248192 -133.542953
43.9669 -76.284114
45.244088 -70.898482
57.509993 -152.967222
48.999373 -106.243154
44.927067 -75.096659
55.043768 -131.648674
55.569794 -161.376102
43.270167 -124.38246
56.600361 -154.449965
31.33363 -110.795467
59.636328 -153.409422
58.742607 -153.402472
45.556332 -86.622025
27.425142 -97.371917
43.977067 -83.85493
59.360544 -154.121808
48.000791 -122.373263
43.879711 -69.318565
58.766169 -135.068429
53.455753 -166.959082
26.824631 -97.547745
46.830413 -89.720277
48.999368 -108.488063
46.655044 -86.112126
44.695421 -67.128792
47.600539 -122.923947
44.450643 -68.897104
38.673236 -76.175159
28.087494 -97.214039
45.123377 -87.612019
45.061278 -87.497254
54.131374 -165.751676
25.091265 -80.467178
55.111319 -161.816482
57.439829 -156.091668
27.857714 -97.241127
25.206444 -80.369965
44.605071 -87.437493
56.466558 -158.118682
58.075685 -136.428004
18.337973 -65.309833
60.04826 -152.575153
48.102245 -90.25387
29.235586 -100.797046
37.734943 -122.367697
55.042694 -159.830093
41.278398 -72.40593
43.405441 -87.855608
43.357624 -78.634346
47.835705 -89.107991
29.468298 -89.617558
27.837059 -97.2453
18.478129 -66.276599
29.260011 -102.906296
19.555963 -155.96935
66.31951 -161.91919
55.404818 -131.008726
46.079189 -84.051712
46.866823 -87.776804
37.820124 -75.723224
56.4651 -134.244667
29.622664 -94.943232
48.048608 -91.429642
66.028724 -162.391892
29.771592 -101.735202
45.756197 -84.681967
37.900622 -75.709626
44.739899 -67.083477
44.347925 -68.076066
44.918836 -67.002118
38.111392 -76.466404
47.340242 -68.380334
63.163377 -170.049622
44.275894 -68.688599
27.275014 -97.508304
45.872038 -84.831396
24.909273 -80.698471
51.21509 4.41385
66.768396 -161.847152
45.932285 -83.63221
44.386352 -68.196937
41.334518 -71.922092
48.80275 -122.680246
38.116269 -122.450377
17.974605 -66.657797
41.516303 -71.414937
45.848759 -86.72852
45.043361 -85.573976
28.87616 -95.376979
32.695177 -79.888028
39.583088 -75.521596
37.809797 -122.333711
58.144202 -135.420107
26.231331 -98.538017
56.458515 -132.734466
42.263339 -70.92483
27.062669 -99.452316
48.590612 -122.691745
61.141642 -147.546408
44.433066 -67.92132
56.092829 -133.562283
58.282841 -134.140974
38.327609 -75.912968
42.330317 -87.830986
43.000029 -82.422586
31.753508 -106.470742
54.014495 -166.644627
48.443327 -122.674188
57.76376 -133.53646
40.582804 -73.646674
55.249921 -161.875606
44.663699 -67.181785
35.4889 139.389
54.910169 -131.200161
34.901133 -120.647328
56.54423 -169.650135
55.113556 -132.548994
35.075701 -76.069906
46.737322 -123.91584
37.637662 -122.386072
38.067323 -75.858944
58.976119 -153.450672
58.307087 -152.884023
44.737656 -124.059077
43.768596 -82.617955
28.459246 -100.350786
48.385524 -124.639389
55.412515 -160.266906
54.873787 -132.364826
37.652347 -76.443254
44.662965 -67.374014
43.012201 -70.735477
56.928842 -134.13624
47.28729 -68.119682
38.892474 -76.338501
18.085099 -67.843615
54.200014 -165.865872
58.08462 -152.554461
43.889726 -86.445455
48.010024 -89.713183
36.496896 -121.939216
59.587013 -151.164259
33.908886 -120.077793
51.984905 -175.434753
30.075469 -84.270368
51.983959 179.486565
31.674832 -81.136408
41.924961 -83.326024
57.405573 -152.630018
43.434133 -70.370514
60.429389 -145.12555
51.826944 -177.859763
31.944964 -80.929101
45.421914 -84.922006
42.664413 -86.21602
36.227407 -121.779851
54.97901 -131.257421
56.683601 -154.030365
55.116109 -160.03033
45.946431 -123.993703
48.999551 -103.921976
70.178907 -146.309558
56.690262 -154.088425
47.204831 -88.69966
46.799173 -90.65531
58.057861 -154.463257
58.748043 -158.376873
47.973644 -122.552053
40.590759 -73.774928
37.823214 -122.323567
48.538769 -122.922676
48.237339 -90.906829
45.004647 -74.793148
44.423662 -124.071706
29.620447 -89.486931
45.360641 -85.196704
58.160683 -152.557497
28.423659 -96.328817
44.036851 -82.833103
36.00564 -76.514335
58.16212 -153.223709
29.752358 -102.551081
41.721912 -70.670453
60.451196 -165.120728
48.026166 -122.536713
27.789068 -97.103326
55.277634 -161.853418
32.400057 -114.50078
56.360555 -134.915911
60.594366 -152.099983
26.267376 -97.343927
55.899399 -160.805771
27.909111 -82.838484
59.353239 -154.016876
44.356679 -68.406089
60.49297 -146.039215
45.914973 -67.751866
59.894663 -149.721512
44.057754 -68.77965
44.639281 -87.77516
47.73515 -90.42139
48.251706 -122.480925
29.760912 -89.316025
59.581429 -139.753433
47.321534 -68.152462
55.460805 -131.834893
37.076228 -76.667646
28.126034 -96.81042
26.55631 -82.201402
29.761434 -83.566018
48.457632 -122.700603
59.377987 -153.347778
55.824398 -158.711212
46.693457 -90.853829
36.982347 -76.396368
43.937781 -87.719041
58.247446 -134.631203
18.510603 -67.020276
43.03235 -70.718936
22.13039 -159.295271
53.653559 -167.030011
57.285707 -135.602297
70.809475 -159.585714
59.204264 -151.497804
61.26585 -147.738668
51.973331 -175.735477
56.600979 -132.424011
35.935089 -76.657017
38.341431 -75.961948
42.654525 -70.682594
44.433066 -67.887323
58.350413 -151.986171
65.254143 -166.386271
48.165291 -88.524753
46.216681 -123.6325
58.406596 -137.134453
35.640734 -121.195291
25.285917 -80.334676
37.948716 -122.487684
48.2228 16.3562
17.932062 -66.919298
44.048458 -76.316536
45.056502 -87.492023
44.82007 -66.952112
41.051533 -72.273657
52.366472 -172.326444
56.272163 -132.999619
25.157859 -80.648657
27.43436 -97.329847
53.466006 -167.30129
48.222876 -92.362097
45.384675 -83.667934
48.253389 -122.497727
43.987278 -76.268702
34.841268 -76.411609
32.893175 -118.524641
48.143821 -123.191521
32.478104 -80.332438
59.99011 -162.530118
59.962619 -148.479633
29.204166 -89.068265
43.755667 -70.128198
60.098939 -144.1103
43.931465 -69.371506
44.003823 -68.657031
58.92758 -136.060728
55.246416 -162.900454
41.263962 -70.812454
57.338756 -135.838568
39.242241 -76.384697
59.290995 -135.40436
56.961511 -133.921451
60.3657 -145.216678
66.577028 -163.938817
29.418538 -89.835392
48.514588 -93.690901
28.386881 -96.379702
61.156269 -150.075451
28.370224 -96.38948
57.768315 -152.322172
45.501985 -67.417417
42.441272 -70.960835
56.496355 -133.401797
35.092395 -75.963768
29.146624 -82.804736
56.483668 -157.859766
48.998856 -114.059188
26.693938 -99.209948
55.281249 -161.845473
38.331598 -77.240072
21.575277 -157.87735
40.440208 -73.978282
44.116339 -68.806832
48.072942 -91.311829
41.737939 -86.875429
60.359022 -166.562081
45.295188 -71.28074
18.466212 -66.192664
57.417641 -156.339425
54.818182 -132.351004
57.045391 -135.3741
50.9433 5.88889
36.198065 -75.956027
59.718487 -139.595444
44.077344 -68.905098
58.11161 -154.317666
57.480059 -156.19574
48.10836 -91.671519
59.150997 -161.981964
45.046319 -85.380659
55.186687 -132.876404
45.094045 -123.989529
29.825034 -91.979086
35.88991 -76.037116
58.722736 -158.848225
40.44299 -74.191309
27.74625 -82.478339
36.371032 -75.843046
57.409961 -135.626558
38.910121 -76.293867
44.251622 -68.24031
28.154803 -82.808474
38.254491 -76.842139
42.852314 -82.468961
64.374695 -162.80035
45.616178 -67.640238
52.325654 -174.443132
54.967625 -131.241786
58.523914 -135.999649
27.491096 -99.483519
17.944614 -66.213374
44.025359 -68.874139
42.631145 -82.645715
29.592442 -92.039762
55.266989 -161.863339
60.438867 -165.132893
61.05401 -165.029551
51.31438 -178.979179
63.626425 -162.374243
31.530932 -81.263437
46.918693 -90.557319
43.237851 -70.591022
55.923898 -131.587774
24.647369 -81.48183
60.658685 -146.05567
41.603361 -82.735707
38.850461 -76.376202
25.586587 -81.233051
45.108718 -87.048951
54.1191 -165.655573
60.213592 -166.847438
48.686325 -94.252753
57.119697 -135.406158
29.9655 -84.417816
43.74913 -70.113059
27.614336 -99.556812
57.437835 -133.945918
40.52679 -74.160859
51.38364 -178.926874
45.001274 -74.868663
29.339608 -89.179547
42.689919 -87.794874
47.911817 -122.321847
66.496934 -161.765368
46.477729 -86.787905
38.109956 -75.936663
42.76191 -82.467483
52.886048 -168.958983
40.851793 -73.784754
57.510197 -154.629678
41.676808 -70.761481
21.020172 -156.580448
36.441864 -76.003912
57.875035 -153.446406
56.327118 -133.284826
41.710719 -83.449001
58.399137 -134.766237
42.067638 -70.115968
71.002775 -155.159922
56.409906 -134.193922
47.334254 -87.946352
55.528618 -131.831329
54.695923 -132.814545
45.200524 -85.561809
36.486336 -75.913071
19.258427 -155.902565
40.979597 -73.655972
41.585896 -82.688744
36.037757 -76.615423
29.681048 -85.369419
57.73832 -152.881998
29.310081 -89.24087
48.098552 -122.946119
40.962185 -73.043701
62.403353 -165.294962
45.446546 -70.662954
55.011998 -159.474847
59.204523 -151.469901
57.50227 -152.838905
29.38955 -91.200087
43.753204 -70.14089
56.248966 -132.996048
29.099777 -100.674656
55.574545 -130.799955
29.596011 -92.064151
28.357382 -100.317246
64.542353 -163.030657
59.589029 -151.278905
47.139436 -88.239895
23.870165 -166.278641
55.779024 -130.142537
60.730946 -147.479065
37.963115 -122.415361
47.039986 -90.670395
57.926961 -152.587705
58.657467 -160.271378
39.606192 -75.613793
30.767468 -105.16123
49.002154 -123.035393
30.09766 -84.269363
40.616169 -74.196096
55.275218 -131.455431
57.118453 -133.210261
55.073067 -132.834167
49.249995 -95.153424
59.382532 -151.887102
58.83772 -159.987515
54.223067 -165.585782
44.787334 -85.509251
48.181237 -90.825418
30.136537 -85.74993
56.64262 -132.335968
43.669544 -70.242289
54.864075 -160.226967
67.985322 -165.227228
57.553568 -135.355749
55.11887 -133.180984
28.104186 -100.056493
41.431265 -70.928165
55.759583 -133.492355
52.179151 -174.49688
41.278731 -69.960277
33.944359 -119.97026
59.316574 -135.5156
57.598452 -154.411385
45.77235 -84.357056
35.510332 -76.634468
45.235462 -71.443882
59.450057 -150.585567
56.550425 -157.053384
60.692761 -146.667754
46.062885 -83.858116
60.465878 -147.623835
40.68968 -74.043441
60.059995 -148.290367
57.014408 -132.85231
22.230555 -159.40732
57.094936 -153.132708
45.93407 -67.776873
48.521891 -122.483872
57.256824 -135.477683
17.933565 -66.175626
55.658644 -160.185712
44.384799 -68.512697
59.991177 -164.13181
44.847872 -85.508617
47.044058 -90.457128
57.614414 -133.935976
33.927994 -120.179049
54.933907 -132.800522
24.557829 -82.158653
44.08665 -68.602863
47.33973 -68.204263
64.859755 -166.409331
56.499977 -135.02378
55.432404 -133.616089
57.183513 -154.533699
56.123004 -132.05966
56.964869 -156.886307
52.111325 -174.302947
58.276749 -136.154968
53.003747 -168.871387
27.007418 -97.454994
37.899333 -75.759835
26.505203 -82.00908
60.677233 -147.860057
45.41634 -70.631354
45.203472 -83.384265
34.294879 -77.713322
45.602692 -86.702019
44.006845 -82.765018
55.556553 -133.700638
55.103607 -159.750153
40.595754 -74.003281
36.983833 -76.524853
43.057231 -79.00545
41.662813 -70.089238
29.290925 -90.510555
37.14206 -76.671588
29.059607 -90.692205
58.574661 -161.07753
55.258663 -133.123871
45.621409 -67.631762
55.081122 -163.311587
25.923975 -97.54517
55.239034 -132.666422
70.042217 -162.462778
59.991173 -148.035156
54.890984 -162.232962
53.952319 -166.348326
48.700362 -94.508862
30.219154 -88.587424
29.336811 -94.777064
66.934792 -162.346352
45.7551 -84.512314
41.879956 -83.341557
45.920994 -85.920581
31.074926 -105.598773
39.35107 -76.13495
57.501397 -152.921748
60.399014 -145.091995
55.416142 -132.258056
56.792649 -133.244689
21.221848 -157.212082
44.595079 -83.315603
55.236655 -132.65631
29.612846 -94.947999
58.874098 -158.745305
18.406277 -65.771695
57.161202 -170.421867
41.950475 -70.631251
31.398702 -106.080258
29.591155 -94.988993
28.652629 -96.033488
58.907849 -153.322843
28.196596 -82.844009
47.218102 -122.713783
58.876626 -136.744507
37.385061 -76.387112
29.85294 -85.413575
37.166207 -76.343234
55.309588 -131.584842
45.604639 -84.180514
56.563705 -154.341401
55.987415 -133.267495
55.31353 -160.104156
46.028378 -85.088818
41.901392 -87.619852
30.680817 -105.049885
44.983075 -85.778278
54.926989 -162.845475
27.026026 -99.44697
34.050442 -120.403613
27.571199 -97.321535
25.485786 -80.189964
58.815464 -160.684448
48.690777 -123.21685
29.763049 -93.372029
43.147382 -70.625953
58.298625 -136.376464
21.43651 -157.791565
27.908431 -82.461914
66.084937 -163.344759
41.672575 -71.306095
47.895436 -88.942387
58.146736 -134.079108
47.935338 -124.645442
35.350017 -76.253072
57.150599 -135.581473
57.211346 -135.491089
30.555189 -81.442564
59.224149 -150.995406
41.329952 -70.747541
60.86996 -147.677292
57.407616 -133.445398
45.11351 -85.609266
42.149937 -80.136213
30.024146 -89.839933
46.232885 -84.125024
58.791157 -158.782365
35.689428 -121.289794
29.783303 -84.91511
44.329958 -68.533481
29.257762 -94.919214
70.247681 -161.984888
36.235853 -75.80369
43.917702 -69.422153
51.870313 -176.287188
42.689423 -70.645101
48.133665 -90.787305
29.270736 -90.368154
44.013995 -69.047583
61.059746 -165.057842
57.834452 -152.753437
38.877351 -75.263115
58.577107 -135.142161
58.837414 -159.556355
45.000942 -74.673047
53.420001 -167.488252
56.471596 -132.587906
28.136873 -96.758141
30.273841 -81.385505
55.204189 -161.437424
57.442413 -153.909415
20.863575 -156.837047
44.923123 -85.621403
33.985889 -119.662825
57.780692 -155.334944
30.032599 -89.746505
55.417994 -161.484588
48.649403 -122.754799
48.13184 -91.699981
60.071598 -141.384318
27.880615 -97.155122
46.601795 -67.788406
57.999674 -134.264889
54.65511 -163.488861
58.334923 -152.93644
30.220578 -88.920511
24.785991 -80.892649
27.513115 -82.683621
55.124226 -132.696167
48.202492 -91.79181
19.737751 -155.093387
55.652469 -159.644656
38.013544 -76.469343
29.12858 -90.647042
55.087939 -159.94541
51.955016 177.341518
56.936483 -132.090738
64.407851 -161.492926
57.655898 -134.013367
70.304429 -161.842162
36.954151 -121.972771
42.315631 -79.645358
58.743276 -136.011669
41.256207 -72.536746
45.579086 -67.425452
43.344037 -70.517695
59.317764 -135.541179
39.377609 -76.180074
58.870464 -159.985352
58.194794 -152.223175
54.465023 -164.352704
29.171149 -95.020579
30.171745 -89.537493
55.552535 -130.856467
48.015495 -89.614161
29.967101 -84.342046
38.237602 -122.993959
56.532923 -133.138307
45.060706 -87.50244
58.938384 -136.915995
60.174393 -144.263458
27.580207 -99.530138
38.442422 -76.450937
66.182338 -164.089237
55.934138 -133.448605
59.374871 -135.357366
33.912364 -78.276147
48.036563 -122.400628
31.728144 -81.16067
45.592912 -85.518038
59.405254 -153.925307
59.976894 -148.218842
59.412251 -153.39061
57.219303 -135.823233
59.683644 -151.329812
56.965035 -156.7869
36.137521 -76.206873
57.158997 -135.492874
56.801788 -133.837925
45.967256 -84.090391
58.6486 -136.267093
46.47537 -123.97083
48.718863 -123.007511
38.128771 -76.604131
55.105424 -130.169294
18.353149 -67.267484
41.224434 -71.576661
31.584445 -106.287785
55.263424 -132.868676
54.012 -166.636936
48.669692 -122.506718
48.01959 -88.940886
49.367738 -94.974286
55.058735 -159.535465
42.315419 -71.013165
24.660877 -81.502992
51.924816 -177.199764
55.157652 -159.586075
27.99456 -99.991447
66.465154 -165.187082
48.366309 -124.713817
30.261469 -87.936041
56.579035 -157.077383
57.226814 -135.535706
33.412131 -118.484949
68.80399 -166.195374
27.264073 -97.42408
42.049076 -80.296758
37.973416 -75.722085
46.577057 -123.922332
58.928741 -152.046921
58.815729 -136.089603
29.811096 -85.304877
38.346436 -76.264186
46.918563 -88.065192
55.08675 -133.001923
60.142151 -147.208878
47.556326 -122.543118
37.737986 -75.827922
45.677581 -67.768648
46.699582 -90.852704
32.874346 -117.25167
47.025844 -67.78896
-20.162 57.5006
42.171262 -80.077388
56.799821 -157.41856
55.211804 -159.957402
58.256496 -136.730885
58.059638 -153.419783
46.818027 -69.874513
44.591934 -75.662381
60.379261 -148.002075
59.475709 -150.579869
60.259342 -148.208328
47.053074 -90.648979
28.463642 -100.357498
33.965422 -119.712363
29.21642 -83.087839
26.444652 -80.060564
47.852598 -89.056412
44.480602 -67.551186
47.209423 -88.212361
54.872948 -163.334234
52.160511 -175.513748
45.97566 -123.941831
45.25527 -71.124517
46.940266 -124.141267
55.055817 -133.222626
48.999984 -95.97539
42.050821 -70.643208
44.487 -68.223934
18.450926 -65.904988
22.207878 -159.608794
18.970399 -155.613966
57.909156 -153.512024
47.275208 -122.649536
55.775723 -160.264568
58.712234 -153.468963
29.184474 -95.003923
26.219904 -98.450976
27.654954 -99.704601
41.664409 -71.444468
25.924041 -97.324914
30.342995 -89.338847
43.36907 -78.233609
29.242459 -100.794912
56.187387 -158.237025
41.314207 -70.802083
59.992295 -167.067602
48.156696 -90.777512
48.160858 -123.72829
24.769867 -80.906288
59.3136 -135.541179
48.99948 -105.407909
33.741985 -118.411211
42.852358 -78.865592
53.182812 -168.763331
59.922168 -149.476865
63.654905 -171.743979
55.392834 -131.202477
70.059138 -144.122641
55.844456 -133.355942
39.085626 -76.203383
43.59929 -83.654192
38.198292 -75.877751
60.953573 -148.218954
59.211208 -151.192634
31.877941 -80.971434
56.435413 -133.603669
60.227631 -152.549236
43.869175 -76.192777
26.212853 -98.496684
39.367414 -76.032923
65.152719 -166.509566
41.727743 -81.353229
45.282498 -71.105691
29.348059 -102.883722
38.615745 -76.511278
27.204696 -97.386674
28.401286 -96.845639
66.022582 -161.838018
57.487156 -157.58691
43.817907 -83.428481
42.675552 -82.635262
47.359476 -68.292679
57.099924 -134.370797
60.325726 -145.182419
63.584066 -162.682629
56.241232 -133.631955
60.734753 -147.381042
30.01495 -104.689641
58.234512 -136.346512
46.38611 -70.11044
26.059621 -97.944345
33.254661 -119.458466
47.456525 -91.045646
25.33875 -81.12141
61.097407 -165.350113
59.361805 -153.946444
61.053797 -148.003216
56.227104 -156.77182
45.475513 -87.306122
51.594949 178.917608
35.941512 -75.631215
47.920985 -122.651063
41.300413 -72.235531
36.580488 -121.978592
42.663877 -70.728845
37.984713 -122.448413
41.614664 -70.868904
41.441877 -70.835867
57.281318 -152.695698
60.137964 -162.484234
39.647212 -75.535144
57.150849 -152.869797
60.480459 -164.99787
57.821462 -152.849997
59.877471 -152.875167
51.896389 -177.434448
47.759054 -90.295952
30.069492 -84.315344
44.328397 -68.173608
55.120971 -132.016932
26.571223 -97.308112
40.513895 -74.252702
48.095833 -90.385597
55.163119 -131.733911
48.704132 -94.353046
43.772119 -70.145911
44.80736 -66.979708
29.789327 -101.777161
58.505618 -157.451918
18.347499 -65.565072
56.240322 -132.877582
55.488764 -130.983046
29.204639 -90.271251
54.996179 -131.608818
63.625489 -170.176413
21.027793 -156.619581
58.847825 -159.780252
45.058102 -83.231827
30.990229 -105.55743
48.578067 -122.512372
29.657101 -89.621109
46.917207 -88.101315
20.95128 -156.512226
59.959866 -139.601852
44.126734 -83.568915
60.867787 -146.262572
38.341089 -76.40494
57.003702 -132.788667
25.548611 -81.209321
52.795229 173.166899
44.343667 -68.043037
27.884874 -97.050758
41.087159 -124.154513
35.350017 -76.235087
59.730859 -149.524454
43.791786 -83.480725
29.276529 -89.943016
45.199295 -87.375404
30.965573 -81.453568
55.66538 -160.410823
48.461584 -122.710362
44.793766 -87.313751
27.843295 -82.46884
24.76124 -80.986654
60.195434 -147.845681
45.933176 -70.252526
55.946037 -160.812439
54.221175 -165.9832
55.253822 -131.072348
48.645766 -94.157387
60.633865 -147.46669
46.929612 -88.244437
59.977848 -148.400635
51.899759 178.518861
46.901168 -124.093392
56.672473 -132.389476
21.220185 -157.226445
44.656192 -87.750899
55.873047 -131.695099
51.684921 -176.863062
54.724568 -163.098332
42.061206 -83.186877
25.347005 -80.240376
57.758703 -136.314631
47.725294 -124.420219
48.184709 -90.821115
55.123035 -133.229172
29.970461 -88.824158
26.454258 -82.013713
42.085542 -83.157624
31.783671 -106.998235
29.868046 -102.333384
43.762142 -70.13254
58.946827 -152.178268
27.768092 -82.43198
37.663574 -76.536548
57.378403 -152.257187
27.420542 -80.265535
59.538272 -136.236527
55.81488 -158.836853
20.786671 -156.994001
56.556432 -133.77171
29.504871 -91.771927
41.650756 -70.776709
55.418129 -133.494736
45.691862 -86.676184
56.520374 -132.531387
56.596813 -132.44722
48.608088 -122.666149
55.257749 -131.49264
56.838398 -157.332735
53.268224 -168.576691
32.113222 -80.828394
63.213572 -162.747621
42.741077 -124.498473
46.690914 -85.877908
60.353304 -152.366213
58.265034 -135.1077
10.3129 123.978
59.698499 -139.485984
42.909549 -70.810069
55.306698 -131.596924
57.349047 -153.795299
33.409285 -118.370323
59.984986 -149.408336
52.804378 173.173543
52.448137 173.525161
60.87558 -165.003679
26.055218 -97.795291
30.034037 -89.501587
26.252028 -98.613465
48.711945 -94.388848
57.900795 -135.638618
57.141168 -153.817638
56.573057 -133.848207
60.720558 -151.40927
43.534136 -70.319741
58.219097 -157.352316
53.543052 -166.624343
44.197637 -68.624994
40.520634 -74.182157
51.99728 -175.87352
21.651183 -157.924591
41.619736 -87.278437
44.381022 -68.518573
59.598412 -150.355493
22.046575 -159.337996
41.415323 -70.949861
37.06426 -76.669822
47.441585 -88.218424
58.332737 -151.966218
56.062957 -158.398324
66.234208 -161.087342
45.79377 -70.417641
49.353056 -95.049382
41.408757 -70.473035
45.298803 -87.059714
60.176448 -162.445727
40.635795 -73.319257
66.389015 -163.873106
55.458373 -133.138129
61.015124 -151.33092
38.169141 -76.032816
55.297933 -130.739279
29.801895 -101.852604
57.896189 -134.132146
58.799301 -153.37073
44.926741 -83.425311
59.994621 -148.147583
56.616897 -157.496523
57.054911 -156.509239
70.555286 -151.718215
28.55441 -96.52204
37.707531 -122.39319
55.130206 -159.509361
28.18648 -97.02511
58.87146 -135.144571
59.535741 -135.026373
60.460163 -151.895355
25.85271 -81.68954
27.938161 -82.461055
31.499798 -108.208521
56.929031 -134.719275
21.43874 -157.790741
71.311795 -156.556496
45.307275 -86.896667
28.683285 -82.668034
59.08301 -134.442196
27.371403 -97.485164
46.810434 -90.727818
60.353325 -145.206207
44.815495 -66.975009
45.819043 -70.387916
47.362543 -87.962567
29.114118 -103.032983
44.214137 -68.815439
31.517074 -81.177254
34.038448 -120.465329
63.185464 -170.174421
70.187045 -162.098377
48.691834 -94.25813
44.931718 -87.839028
48.240459 -90.881451
58.035007 -135.630741
56.215683 -156.795609
55.914055 -133.291687
29.792854 -102.091816
60.178616 -162.371032
60.319061 -145.142441
56.037425 -132.629155
30.094964 -84.094725
48.287582 -124.361351
25.144824 -80.795097
45.162852 -67.40537
40.560266 -73.932729
57.895632 -133.995977
42.647385 -82.626396
54.96621 -163.291622
37.837777 -75.714487
38.44885 -77.32544
59.9393 -149.683402
48.155466 -123.778122
59.098873 -151.655502
55.673325 -133.553024
38.459422 -123.145325
21.2869 -157.7213
29.875194 -102.297331
48.784969 -122.656528
43.087581 -82.471053
38.539023 -76.248885
46.677156 -85.714415
58.069447 -134.790913
59.897493 -151.777855
12.09309 15.08427
66.948521 -162.471284
55.206516 -132.088127
37.836812 -122.315913
55.178473 -161.82784
31.351127 -81.279338
58.605639 -153.771636
28.248235 -96.942052
48.096009 -90.703702
45.660591 -70.562019
60.371648 -148.125807
42.924288 -70.798636
37.81651 -122.37267
61.235393 -147.73962
29.797704 -101.946471
48.154738 -91.139402
61.084059 -148.231693
56.577778 -132.461487
47.206386 -68.942484
30.353809 -87.82988
28.58698 -96.198374
25.28651 -80.328746
47.234446 -68.016103
48.534792 -93.515457
57.510209 -135.565271
47.48903 -124.345155
66.586504 -162.029043
56.239789 -130.466874
27.638858 -82.698091
57.94162 -152.846344
71.097254 -155.142858
55.01666 -163.530087
38.051473 -122.262861
42.978401 -70.625008
28.407844 -96.481836
44.436592 -68.46382
55.280795 -129.983796
44.151537 -68.670014
58.488348 -153.97402
46.427895 -84.573522
57.560589 -153.848082
52.971556 -169.760725
55.588128 -132.183207
70.817355 -155.980975
48.37176 -92.47675
48.999188 -110.438151
29.021766 -103.331022
54.932736 -162.770983
70.612193 -152.341592
55.889263 -133.391815
45.20544 -87.119405
21.950817 -159.350828
43.733843 -83.46508
59.623415 -135.114588
57.759203 -134.929726
47.250045 -122.718124
38.928382 -76.203638
35.672073 -75.741605
42.985256 -79.011563
52.061047 -174.45276
32.851572 -118.496298
39.360814 -123.825331
55.747664 -160.730726
29.16997 -90.079276
61.039968 -151.252384
33.989059 -120.224461
54.933707 -159.317681
55.815166 -132.5048
27.603903 -99.584843
48.999444 -105.65027
48.006658 -89.637652
29.407235 -91.218463
27.976439 -96.977889
37.93079 -75.894065
58.970648 -153.422015
35.822173 -75.552299
17.94826 -66.275651
43.897889 -76.127285
48.595314 -93.818518
58.282975 -135.823562
63.353335 -169.31297
49.002146 -122.098357
27.831651 -97.424547
58.371178 -134.646074
64.554015 -163.036918
57.315276 -135.637423
51.933695 -175.717436
27.843661 -97.228388
37.71501 -122.361749
45.227333 -86.978759
59.968797 -162.740059
41.600982 -82.735766
37.640771 -122.152905
30.746001 -105.113816
26.051579 -98.149463
28.01644 -96.952618
48.194767 -122.464801
55.408395 -131.029045
60.140305 -152.687485
39.799978 -74.090945
40.559204 -74.231589
55.098267 -161.602509
29.540434 -91.439941
47.458633 -122.439415
57.011196 -153.349037
39.046264 -76.184207
58.774581 -133.992081
60.050659 -144.388153
56.496529 -133.835663
45.967595 -84.238174
18.091616 -65.569305
52.224166666 21.0225
38.506255 -76.26035
58.32547 -135.598465
29.401 -94.7541
48.999615 -103.982361
58.746937 -160.398911
39.476116 -76.098315
56.134864 -134.029643
56.30183 -133.953506
48.016626 -122.224979
59.061471 -160.360184
48.544121 -122.859024
45.265658 -70.84328
56.743311 -135.317429
44.279753 -68.675416
32.839547 -117.28217
57.463679 -152.662831
60.044918 -149.133115
62.601727 -164.901642
57.771216 -152.916334
35.266356 -75.585419
47.395588 -87.882245
48.26535 -124.680877
44.32996 -68.428993
55.552907 -160.75104
35.077121 -76.064933
70.145151 -146.096827
51.989666 -175.943954
43.789334 -86.437391
56.911783 -154.306936
58.275251 -134.760052
55.693373 -162.257033
43.826152 -76.269506
29.425679 -89.531943
55.121258 -131.068834
48.755913 -94.651765
55.89283 -133.407883
55.395905 -160.27997
46.553756 -85.027374
51.580534 178.831825
55.196205 -132.838928
37.89382 -122.70264
48.517995 -93.732139
64.559726 -163.0274
70.435895 -151.554647
26.702411 -82.084974
37.707993 -75.845579
29.518051 -91.906174
66.027985 -162.372147
46.860453 -87.755868
47.987713 -122.232391
47.459221 -122.368036
40.931697 -73.365961
55.168022 -159.959305
63.079268 -164.644886
48.2277 -90.839615
61.468104 -149.431417
45.967918 -84.60775
27.717071 -99.758534
44.392984 -68.209664
37.851827 -122.561487
51.774146 178.372348
44.853118 -87.573175
51.883089 -176.206069
31.364749 -105.953943
58.868494 -137.932593
31.988279 -80.848441
27.371403 -97.696936
52.870851 -170.095331
20.137987 -155.607797
57.524861 -156.0299
48.202628 -91.004239
29.785773 -91.843456
41.492256 -70.753905
51.956352 -176.034378
53.288698 -167.58918
59.061155 -154.197422
57.392184 -134.464032
40.835129 -73.815574
48.029876 -122.231761
25.159163 -80.764464
37.600846 -122.145378
25.108536 -80.399767
34.049097 -120.331161
47.792597 -122.790619
56.175722 -134.705007
60.156425 -147.377823
55.015874 -162.569292
55.4406 -161.478303
62.673706 -164.920685
48.705025 -122.775452
46.623839 -90.627885
45.795412 -86.401656
58.962392 -136.877826
45.133209 -85.558373
55.106976 -132.699142
35.345696 -76.664027
45.291868 -67.484258
58.717192 -158.878198
30.072292 -89.315163
46.283588 -123.806139
43.726852 -69.992396
55.810434 -159.40938
29.612668 -92.014777
41.348958 -70.538294
37.563839 -75.941182
56.281075 -130.644312
44.523934 -67.802541
58.328691 -136.305121
37.375135 -76.24846
56.763414 -154.037153
42.82709 74.58244
66.32855 -163.873096
47.985945 -89.871245
55.615263 -131.963121
61.169306 -165.325552
59.113152 -151.468948
58.173383 -157.39735
29.654793 -85.344768
55.281237 -132.115561
44.426195 -68.982449
45.505054 -67.420966
37.144223 -76.334017
30.107304 -104.692094
57.599909 -135.392499
43.492783 -87.793239
55.930665 -130.023189
17.937461 -67.197273
66.516388 -163.727179
24.680707 -81.313933
18.311984 -65.22111
37.662206 -122.374291
45.963113 -70.31628
57.695663 -153.918344
33.425075 -118.516267
33.21552 -119.476029
59.915284 -152.706431
17.952526 -66.88344
54.948514 -159.278696
32.109746 -80.812503
48.716818 -122.718833
29.624357 -89.485367
57.955666 -134.279221
46.378747 -70.127542
58.567482 -134.906036
37.209024 -76.865704
47.219884 -68.981096
45.218322 -71.41607
55.105215 -159.947575
70.002438 -162.462304
29.475594 -83.33113
27.045488 -97.475456
27.735216 -82.477129
59.877741 -152.920417
60.113477 -149.432131
59.299918 -135.393058
58.248537 -152.116569
57.91422 -152.639375
64.399334 -163.175336
60.902949 -147.193399
39.371398 -75.395181
29.561319 -94.593518
36.244014 -75.811588
26.128378 -97.28536
55.011645 -131.64213
44.473149 -68.163075
44.334547 -68.825419
55.451443 -133.62085
68.930938 -164.253157
46.43728 -86.875151
53.646574 -166.467583
45.243629 -71.177508
29.012054 -89.176613
57.500067 -134.824891
47.93619 -122.445759
58.480281 -135.99953
45.979447 -85.817558
45.915847 -84.879835
64.375356 -162.66768
58.91504 -136.602062
29.064954 -89.25364
41.624532 -70.835296
45.797586 -70.408
56.586105 -132.461487
36.657207 -121.825052
51.987849 178.463385
57.115016 -134.378359
41.474872 -71.24071
59.057931 -158.368042
58.296254 -152.993217
61.009412 -151.362243
36.234211 -121.797059
56.660465 -132.328842
52.18145 -175.52327
48.378182 -124.611782
55.371392 -131.027301
37.5331 126.983
58.264065 -153.099284
55.536474 -130.802334
61.03647 -148.356377
27.87686 -97.350784
49.000297 -119.137274
55.406826 -133.25441
41.62299 -71.212004
56.346868 -160.222878
56.260394 -130.589182
31.748408 -106.489542
55.561896 -132.477321
44.989834 -85.4926
46.724658 -123.979655
29.853283 -102.261389
37.186147 -76.692926
37.502671 -122.149632
28.190913 -96.733037
48.189436 -91.035858
56.516804 -132.555771
44.530785 -67.836456
45.76965 -84.7798
43.998582 -69.148883
58.074737 -135.082981
41.71565 -82.832709
43.173655 -79.053067
55.354873 -131.698743
46.968497 -90.528804
25.664897 -80.160903
56.283567 -133.953917
44.634316 -67.293665
64.551742 -163.994532
48.227321 -91.884691
29.552808 -94.62589
58.544087 -152.66622
45.688468 -67.727648
55.413963 -133.439407
44.03894 -76.346878
71.004449 -155.343871
36.222628 -75.858703
29.47842 -101.130038
29.282719 -90.517277
29.150407 -90.104162
38.236918 -76.797452
42.735068 -124.513368
54.130935 -165.661379
35.142058 -76.536346
44.112207 -68.376593
44.367526 -87.521047
56.957965 -156.885686
32.627054 -117.139464
28.420166 -82.697433
30.241488 -88.764022
59.80607 -139.909851
59.812714 -144.593735
64.638161 -166.392403
44.886164 -83.352815
46.871639 -90.72274
63.602599 -162.644513
57.058035 -134.755886
55.971948 -133.265711
28.126296 -96.864628
33.573523 -117.840289
-13.83064 -171.76968
60.868713 -151.783271
48.262983 -124.295589
27.850392 -99.882015
48.447159 -122.800133
29.290122 -94.952526
17.972808 -66.924529
44.881368 -75.196227
57.325815 -134.115901
60.924774 -164.939496
46.833944 -91.265866
44.515663 -67.830269
48.224395 -122.770045
45.958075 -83.921257
47.145174 -88.262972
43.710907 -83.506657
56.706526 -133.184363
53.538913 -167.965038
37.896605 -75.753048
29.90817 -89.742479
26.96073 -99.393748
52.322284 -174.340679
32.561976 -114.808929
45.297497 -71.282747
44.492456 -68.213861
46.865427 -87.746646
59.290995 -135.488831
20.078772 -155.405459
60.78901 -165.037889
55.273092 -130.952956
57.901146 -152.4037
39.192271 -74.976266
43.000514 -87.887683
37.89043 -122.311101
35.344397 -76.257569
30.34004 -81.396407
41.392005 -70.502372
56.591922 -169.75575
47.243072 -68.693434
34.701727 -76.647415
55.896735 -159.003412
58.909364 -136.586289
45.959465 -83.864861
42.177051 -79.989186
55.288418 -132.126398
48.017656 -89.794237
29.70033 -94.965963
27.823534 -82.441689
34.940014 -76.277698
59.856438 -166.621473
29.083322 -90.802053
64.955712 -166.586066
61.10443 -164.997636
48.006325 -89.702528
37.958742 -76.391439
55.839626 -158.731201
29.723052 -94.695317
39.350008 -76.295678
44.76516 -85.610776
60.191335 -148.1173
48.75116 -122.842834
45.084736 -124.006057
55.001039 -162.970632
44.888113 -85.559524
45.710849 -86.53328
48.69008 -123.03636
18.342117 -65.255933
43.649761 -76.196596
41.075046 -71.869558
41.336773 -70.289047
36.97145 -121.95167
46.920458 -88.08187
58.267826 -136.068115
24.8026 -80.850338
25.245857 -81.170907
57.759512 -153.553251
51.839687 -177.120377
29.448201 -104.208194
52.274152 -174.255832
44.257836 -68.246598
38.506978 -77.300776
59.21693 -151.520245
60.871334 -147.418869
55.2457 -132.214912
55.875472 -131.836962
44.539216 -88.005518
52.432192 173.704299
57.243036 -135.656363
52.097641 -174.001866
35.73038 -75.515397
35.326411 -76.149655
55.558921 -132.530264
20.511711 -156.586238
21.986593 -159.765735
30.669393 -81.430843
57.318506 -134.12486
60.703819 -148.238113
41.60066 -71.20778
37.138495 -76.311088
57.695342 -133.970087
54.775955 -159.587158
54.69405 -132.165182
55.938934 -160.851247
25.381358 -81.141395
37.552239 -122.513688
56.942201 -132.99743
28.389628 -96.389842
48.586972 -122.552673
44.958844 -85.46665
28.09563 -80.566432
48.066294 -91.575471
44.02853 -83.442245
44.869938 -85.581207
61.281487 -150.590166
48.022969 -89.763967
44.101464 -68.365176
38.632394 -75.065217
59.287622 -154.122681
55.074116 -161.964523
61.150341 -165.203757
56.472215 -134.645308
46.160529 -123.842849
42.024236 -70.189461
60.659565 -147.480972
22.031177 -159.790932
44.052029 -76.370079
48.097631 -122.343241
32.669352 -117.246069
57.867446 -133.636945
68.332832 -166.574962
57.527156 -152.259641
45.67732 -86.718191
47.292644 -68.52907
55.372836 -161.311989
47.680119 -122.407841
56.369134 -132.662178
27.686951 -97.237366
39.003948 -76.293962
59.341558 -135.393653
33.403867 -79.135441
38.309594 -76.04958
37.335426 -75.735829
61.042665 -148.164452
47.424068 -69.080656
46.753313 -90.788515
44.467903 -68.115228
33.427258 -118.423576
58.286153 -136.730218
46.449663 -86.810967
71.14113 -155.567765
40.641903 -74.143387
46.716795 -123.84621
54.68912 -163.089535
29.562479 -92.21259
44.87401 -85.648932
48.288772 -124.395593
27.861799 -97.055984
71.026182 -154.61605
19.990173 -155.240933
56.42693 -134.244569
63.547389 -162.416802
45.902981 -70.253704
40.646076 -74.186027
58.966056 -153.398479
55.05626 -131.624879
54.431713 -164.41682
37.67906 -122.387626
36.427627 -75.932694
44.441518 -124.082113
41.642725 -71.286755
41.662395 -71.290546
37.765507 -76.683372
57.984697 -152.982406
45.989194 -83.896489
51.464812 179.178081
29.282213 -90.019517
27.698661 -82.713629
41.332217 -71.91671
46.492803 -84.293016
46.0706 12.5947
36.22944 -75.77251
40.475298 -74.0071
53.613813 -167.163196
45.250332 -71.162845
48.618946 -122.807152
42.05298 -87.670512
45.750462 -85.525237
60.904874 -165.067312
55.198479 -161.439331
37.142146 -76.622252
31.015515 -81.451444
38.635217 -77.246704
57.855009 -152.396153
52.74206 174.092073
29.193723 -102.925482
57.664639 -154.196959
45.426023 -86.8309
60.74332 -147.395309
46.768135 -90.862333
32.920363 -118.479039
21.897781 -159.408284
28.525911 -96.505755
43.958995 -76.159004
46.876904 -90.516449
45.175039 -87.221971
47.639074 -122.502116
58.427349 -152.512483
29.945831 -89.748492
55.323391 -131.049671
42.605994 -79.113713
48.754597 -122.923607
40.638886 -74.152973
47.53784 -122.542355
27.759706 -175.934143
39.40531 -76.146373
43.979063 -69.092994
55.843506 -159.471973
27.8632 -82.849126
55.988929 -160.570895
46.444071 -84.829491
58.284789 -133.359691
63.45893 -162.039444
56.460805 -158.12744
43.083409 -86.254646
34.161728 -119.227743
58.515244 -152.418267
27.895001 -82.487417
48.999606 -103.858363
24.727354 -81.312767
27.500314 -80.30117
45.254776 -71.356736
36.97805 -121.93947
56.695023 -154.121735
62.622013 -165.025558
34.816308 -120.616296
57.669663 -153.676721
27.390028 -97.37955
60.92588 -147.451699
56.733653 -133.272958
36.055526 -75.741563
55.364367 -160.522307
70.329617 -148.2698
20.934577 -156.49948
43.673762 -70.188047
-17.76762 30.97854
54.042858 -165.286253
59.163081 -151.698875
26.041275 -98.039239
59.959764 -148.752795
42.613358 -79.111361
60.195072 -167.423053
48.556614 -122.881035
41.630398 -71.314889
35.579335 -75.775328
59.323734 -153.466751
43.993147 -83.134881
45.253594 -71.196658
48.712185 -94.545514
60.937843 -149.912166
56.198918 -133.905317
45.366701 -85.022234
54.993777 -131.292209
46.780565 -90.863542
68.873175 -166.224187
55.287156 -131.24019
45.246579 -71.368381
18.083746 -65.796711
44.951109 -87.819525
55.510773 -131.845596
47.092999 -124.176745
70.920775 -153.253386
60.787429 -151.062558
37.536548 -76.348992
40.081437 -74.039421
60.137717 -152.686373
28.406827 -96.710336
29.067321 -95.125134
59.286227 -150.895552
55.339012 -133.570877
30.67509 -87.981196
29.66719 -85.347711
34.008005 -119.411317
59.125407 -154.227238
24.597647 -81.705364
45.971874 -83.481766
28.04514 -97.136945
43.786846 -83.438311
27.917973 -99.917461
18.450117 -66.036491
57.997543 -134.323955
45.539406 -85.115479
41.287695 -124.092284
48.226512 -90.8377
38.155184 -76.329705
37.171027 -76.66427
36.192514 -76.447812
38.112962 -122.960889
43.492781 -76.472498
41.266913 -72.757477
41.385816 -70.033514
39.336577 -75.479963
29.855221 -88.836296
60.941468 -147.453406
29.782996 -101.537467
55.566691 -131.657623
46.54896 -86.437167
41.838826 -70.004486
29.076059 -103.076847
48.14539 -91.703569
55.197574 -131.235516
52.122403 -174.04675
64.56128 -164.071997
58.370583 -134.810257
44.343604 -68.174687
63.307578 -171.433319
41.808646 -83.441668
43.015814 -87.895784
54.673631 -163.226888
56.614645 -133.103363
45.262682 -71.359558
56.807489 -133.765324
57.294624 -134.570954
58.428186 -135.622105
63.541753 -162.252411
42.806218 -87.793976
51.547085 -178.825958
45.343658 -71.001771
29.393148 -89.457303
56.030035 -134.177944
28.164113 -97.093163
35.934036 -76.01995
44.602438 -88.012395
55.103622 -161.789398
40.932037 -73.721739
45.055039 -87.490151
37.25331 -76.429141
41.663044 -70.651956
48.057181 -122.516314
53.15572 -168.792327
48.999525 -103.968611
56.498363 -132.561722
47.16724 -122.631989
55.739868 -160.655468
57.436738 -135.555321
45.769056 -85.030568
43.777091 -83.929375
42.625033 -82.690124
47.314038 -68.153509
39.258851 -74.597921
56.133222 -134.262217
52.729423 173.9726
55.192635 -133.075089
58.577313 -135.933802
53.561714 -167.981038
60.814475 -146.71979
45.661939 -70.563747
59.391312 -153.510529
41.49759 -82.710013
54.926172 -163.065602
48.105114 -90.403219
56.506172 -154.143711
44.705705 -67.299176
29.502937 -91.878746
45.235021 -71.389412
43.212737 -82.519123
60.33881 -146.540298
41.424484 -70.91164
39.025828 -76.302846
44.313007 -68.566203
45.569026 -85.119737
45.575175 -85.118637
26.253126 -97.307031
45.594643 -67.488452
57.909294 -155.064199
63.248291 -163.970266
30.506987 -88.053375
45.787224 -84.402267
47.007271 -90.608528
59.21515 -135.328396
57.190325 -156.33843
45.009117 -87.154084
27.828674 -97.238594
42.395426 -124.424863
28.026522 -96.946988
18.305379 -65.30216
40.898198 -73.633771
37.16084 -76.375255
59.522342 -153.766242
38.169199 -76.788445
58.906651 -136.785461
48.250396 -91.972565
45.967013 -85.663966
60.24118 -146.6073
45.97264 -83.901942
58.591793 -159.979172
27.692007 -82.718822
42.833745 -78.869182
26.063876 -97.164982
37.572866 -122.262698
70.151857 -146.973212
42.002144 -70.602704
45.170488 -71.419058
42.52221 -82.679059
44.412141 -68.458849
17.991658 -66.731118
59.269187 -151.091532
27.888889 -97.132489
34.897745 -76.319967
29.30817 -94.893994
32.628634 -114.78267
35.787377 -75.533012
46.892578 -87.874538
48.395166 -122.585038
60.44563 -145.853469
55.581282 -130.126743
57.245818 -134.633844
47.995134 -88.718555
56.391119 -133.884437
21.964176 -159.333109
46.517619 -84.117925
47.183916 -91.398455
55.523916 -160.849145
41.461878 -82.658302
43.84479 -69.513267
48.503075 -122.939926
44.656715 -67.326182
26.636433 -82.238872
41.611253 -70.927172
21.978354 -160.063349
59.541255 -151.365776
30.352169 -89.366116
29.662584 -89.62355
56.625685 -157.462105
36.025156 -121.574602
10.782978 106.700711
58.931599 -152.189682
24.654326 -81.298369
48.569005 -122.736199
59.941388888 10.669147222
59.53666 -139.855565
52.099461111 4.3441
24.594709 -82.110466
55.063549 -132.901993
39.57888 -75.586608
18.097764 -65.423765
48.885066 -122.785659
47.432274 -69.055465
41.512623 -70.675379
44.70605 -86.232482
56.467357 -133.14873
59.775949 -166.079823
56.820353 -132.373615
42.032832 -70.095595
20.601629 -156.265921
46.227875 -84.152499
54.714819 -163.428377
42.188321 -124.367751
44.252244 -68.401268
37.084544 -76.271262
44.865532 -87.384821
45.29416 -67.466091
54.989655 -132.192581
29.758675 -101.635128
51.93446 -176.053406
29.429288 -89.932598
42.269922 -87.828569
37.622671 -75.909586
60.858011 -147.126799
41.783014 -124.255994
47.172152 -91.418805
45.965409 -85.724246
55.650282 -131.719546
38.003694 -122.340093
55.555448 -160.737095
47.125374 -88.28787
60.317833 -165.987336
29.770462 -104.565688
26.654337 -82.248659
26.763562 -97.484385
21.6552 -157.9301
47.19252 -122.692963
40.530076 -74.137241
48.189903 -124.072124
48.616089 -122.807152
48.629414 -122.79525
38.039762 -76.013128
30.048874 -85.591048
63.454244 -161.591632
47.394456 -122.551136
70.125191 -143.511617
45.004496 -72.291866
30.198511 -88.428301
37.251854 -76.877126
54.297567 -165.636383
26.265595 -97.341128
28.606319 -95.98616
61.107232 -164.991273
27.284175 -97.544437
59.562432 -151.192803
29.684753 -91.626826
35.207256 -76.504872
55.91167 -133.846763
39.313816 -74.521797
54.927438 -159.20567
48.348728 -92.194188
45.930389 -123.979501
66.055317 -161.798585
44.327015 -68.766197
44.429709 -68.494649
55.349184 -133.278443
29.297345 -94.84973
47.368645 -87.965598
29.406108 -101.036604
56.546332 -157.828139
61.237515 -149.985874
27.040255 -97.468796
48.371101 -124.727022
67.349812 -163.822185
37.952329 -76.360211
41.05355 -124.153622
43.164655 -79.048467
61.085487 -146.435676
55.255096 -133.046541
46.23214 -84.134652
48.209643 -91.839463
45.155751 -86.005946
32.288061 -80.755052
55.261044 -133.135178
58.12563 -152.273605
56.448361 -131.167925
30.957914 -81.403409
55.440265 -160.997335
59.597046 -153.553163
55.780248 -131.582075
44.683514 -124.070394
58.080703 -154.508949
64.699119 -161.939279
21.871647 -159.446599
54.74198 -163.39197
57.569466 -133.531905
43.563054 -87.790135
39.457182 -75.998276
48.077392 -122.554559
60.342026 -147.129166
56.734882 -133.266844
56.852023 -154.300193
46.990612 -90.711441
35.844926 -75.588878
29.178576 -89.447472
58.841819 -158.559499
47.187168 -122.705452
56.25075 -133.637308
46.025681 -83.845398
66.98471 -162.415866
53.640646 -166.444909
58.588225 -135.135843
43.293891 -76.886913
47.929117 -122.309747
65.110585 -166.755554
44.371369 -68.090045
38.999541 -76.163988
33.386629 -117.59588
41.688347 -71.293119
44.248059 -68.562687
41.901606 -80.808697
56.303756 -132.655467
58.054413 -133.783103
41.650438 -70.158621
37.812626 -75.9983
58.37757 -136.336728
41.495511 -71.199692
42.988728 -82.423086
27.610369 -99.57816
55.004507 -131.590377
46.880822 -87.793194
28.124882 -100.075474
48.642784 -93.254854
64.71716 -160.783398
41.070598 -71.856214
58.994217 -136.991044
31.73211 -106.381039
41.028348 -72.015013
60.236662 -162.361805
45.327819 -71.002563
29.867991 -102.268817
42.968756 -78.975062
64.827968 -166.410198
44.075585 -68.589563
25.993838 -97.216954
60.674164 -145.894257
59.439679 -151.728486
54.71691 -130.686192
26.736479 -97.333028
41.667541 -71.430038
33.440728 -117.645582
29.7364 -91.858328
59.638032 -153.381595
56.907171 -133.894397
43.877529 -76.180604
46.095793 -85.441932
43.933846 -69.340576
60.395239 -145.191183
29.709621 -85.37796
44.234013 -68.700627
43.792403 -69.717074
45.173902 -87.045899
42.378137 -82.915114
29.703121 -91.85864
44.584545 -87.901179
39.509195 -75.576436
38.48177 -77.27422
37.467562 -75.960877
48.124259 -123.441972
57.654125 -153.648693
54.059723 -165.28224
56.638748 -157.425217
67.003237 -162.826314
25.724206 -80.240376
48.64402 -94.052452
27.73814 85.33634
54.9759 -162.249682
36.140183 -76.071672
54.76556 -132.676193
66.758875 -162.502502
44.191154 -68.715033
55.818638 -155.485235
44.931476 -87.1717
38.176239 -75.951972
52.336437 175.94418
44.925762 -85.533553
61.825444 -165.758413
57.008258 -135.753682
36.968747 -76.285063
58.221847 -153.006979
41.585898 -71.335949
39.560488 -75.999669
55.154831 -161.966974
40.643832 -74.189106
55.28246 -133.151237
38.017222 -76.491998
26.681712 -82.181565
59.898374 -141.468075
57.76848 -152.349169
37.11546 -122.322971
25.599041 -81.240519
59.979432 -162.682717
58.606237 -153.897155
32.470672 -80.413487
55.618478 -161.363378
39.615952 -75.614929
41.615888 -70.369854
55.526968 -160.86538
60.129658 -144.328186
55.632324 -161.416235
47.422392 -88.285195
57.734741 -153.557647
48.127203 -123.21719
70.789099 -158.60732
34.062658 -120.374211
25.172042 -80.678273
29.690262 -89.599663
29.248521 -90.589724
44.640655 -87.393521
56.649592 -133.214228
56.706887 -133.219681
44.849156 -75.283136
65.569149 -168.04762
44.404106 -68.472824
38.016717 -122.856573
57.226327 -134.646773
44.075335 -68.585916
39.350008 -76.265277
51.361004 179.389855
38.109862 -76.042083
55.327938 -131.515257
37.749502 -75.812155
45.945694 -83.808144
46.889713 -87.827162
27.923454 -175.741638
46.082044 -85.381394
47.475914 -122.497864
56.927362 -158.699788
58.929468 -159.712114
44.360456 -68.034223
48.59515 -122.946587
44.036054 -76.140207
44.176298 -68.408207
36.131208 -75.750479
27.849063 -97.234512
60.913227 -147.760843
55.007316 -130.242959
39.324681 -76.33957
41.724702 -71.353748
48.731624 -122.722262
17.926923 -66.923826
40.472207 -74.017783
60.480937 -147.97725
52.565926 -171.16423
56.726382 -135.305077
60.148508 -148.064401
37.875307 -122.318663
57.362937 -154.779421
60.456048 -144.887342
48.583165 -122.560287
55.387774 -131.272447
60.470345 -146.109711
55.380886 -130.948288
44.119266 -68.427534
70.493738 -150.357384
29.923208 -89.315453
35.574276 -75.797248
63.523411 -170.040919
56.030824 -132.919769
29.167821 -82.945302
36.266882 -76.675462
30.088474 -89.222839
37.892492 -122.326912
43.845907 -69.634932
47.428827 -122.531889
58.913433 -136.050351
56.242102 -158.115282
55.068365 -160.179165
60.651954 -145.922006
32.859447 -117.25617
48.351881 -92.178418
30.831156 -81.430835
28.311285 -80.608074
18.05913 -67.904431
26.3029 127.767
45.082139 -71.479929
40.455196 -74.135823
59.217792 -151.107558
55.856392 -131.586243
46.59307 -87.383961
48.872399 -94.684217
54.182701 -165.47619
57.294098 -134.829365
47.240919 -68.717867
41.613558 -83.103928
70.772712 -158.954571
47.5569 -90.86827
55.328637 -132.149864
70.854028 -153.95137
45.407743 -87.350852
47.701602 -122.393248
46.095978 -83.615341
40.8333 14.25
43.844158 -70.006954
61.555919 -165.964035
29.563263 -89.684486
45.274735 -70.915194
27.569178 -80.324699
58.610996 -152.550418
48.564665 -122.488421
26.441515 -99.103083
45.811385 -86.773279
42.879864 -70.816989
48.587291 -93.466007
55.888993 -161.816225
28.400211 -96.705756
44.429108 -68.946582
58.953491 -152.278198
20.631769 -156.192938
29.054266 -90.841226
60.3055 -147.341064
29.738079 -101.400636
27.75581 -97.127942
57.061798 -153.22224
46.019492 -70.317596
70.187683 -147.350145
43.686375 -70.118174
45.205953 -71.398002
30.005709 -89.551292
45.650366 -67.692623
27.500314 -80.293171
57.544499 -136.001717
55.378902 -130.97049
43.805033 -83.411453
41.464756 -71.196607
70.989929 -154.567593
59.696132 -151.11649
55.800848 -155.836763
44.686582 -87.989717
38.152991 -76.54038
48.281512 -122.551793
57.999762 -133.076421
56.674028 -133.745673
26.398266 -98.967587
45.015072 -73.015539
35.020645 -76.318546
60.462031 -145.799318
48.119884 -122.942429
29.770021 -89.284706
46.291398 -123.969427
55.921291 -160.809586
44.228611 -68.718635
56.84292 -132.005107
70.316226 -160.992764
57.933056 -152.751175
57.563455 -157.703852
60.14736 -162.360185
54.094634 -165.322268
39.269812 -76.211253
45.819347 -84.5718
47.283188 -68.425233
43.161656 -82.501656
30.323503 -87.295422
58.66741 -136.372775
46.41852 -84.146172
29.520342 -101.254895
48.550552 -93.460798
34.905477 -76.233088
70.347148 -148.152676
28.216707 -96.943242
61.107854 -147.888099
51.700424 -176.896966
55.884682 -160.770345
45.874668 -84.645561
55.630497 -133.594666
56.585555 -134.281093
60.407097 -146.330124
55.422014 -131.833218
60.442081 -151.961029
48.00842 -122.690066
56.224131 -132.384456
54.927423 -131.217805
29.210366 -90.624161
54.94502 -131.232268
46.876296 -90.77017
51.837301 177.294035
18.932195 -155.690171
66.558248 -163.875235
45.421091 -70.744077
56.03604 -131.106183
40.844961 -73.766032
64.493103 -166.227295
29.73391 -102.645665
44.86542 -86.071112
32.552329 -114.793769
44.045455 -76.296986
42.478796 -70.879692
42.503596 -70.831091
38.787016 -76.526979
38.502165 -76.281761
29.476474 -89.86258
29.154962 -103.558679
59.071416 -153.793972
55.470169 -133.784424
59.1885 -135.411201
58.38486 -134.762073
54.449908 -164.877373
28.291933 -82.732792
45.409776 -84.912956
29.314869 -94.935394
30.230699 -89.156738
45.070364 -83.399255
55.10743 -161.891235
45.377901 -70.660029
60.056313 -162.228371
55.843198 -134.344418
65.558599 -167.967065
55.2099 -161.587814
42.546404 -70.871382
37.780759 -76.615351
58.372963 -134.728166
60.048744 -149.040358
45.998976 -70.303034
24.89361 -80.663386
43.833982 -76.275587
43.63369 -70.207165
45.767756 -86.431921
69.994954 -145.197331
56.0707 -132.573677
27.036458 -99.443973
64.191732 -160.956425
47.715607 -122.750061
63.698677 -170.472181
70.793703 -154.069982
56.310756 -132.381766
26.783479 -82.151093
56.556372 -134.296917
55.17598 -132.880569
48.551853 -123.171921
55.259911 -160.372604
29.554885 -95.018253
59.017178 -135.196098
55.254387 -131.445847
29.769242 -93.475252
51.757752 -178.750414
28.354409 -96.600412
29.923735 -83.686423
46.224184 -84.151666
57.311568 -135.631415
44.257778 -68.45443
57.568829 -135.587475
55.45197 -130.044303
60.853672 -151.800264
34.7933 -120.62297
29.469414 -101.087149
29.627741 -104.483502
18.485525 -66.439961
45.980087 -85.810442
43.746685 -86.461554
44.699046 -86.248474
29.658806 -88.944435
18.014906 -67.172397
36.024331 -76.459316
39.409384 -75.535977
29.082326 -90.282983
48.211776 -122.441731
60.841563 -147.668593
45.446865 -83.85856
57.366982 -152.285751
42.308638 -83.079721
44.825067 -85.462916
27.23532 -97.509831
66.076845 -162.997473
27.609076 -99.559467
34.556656 -120.608355
54.980095 -132.614836
60.352375 -145.076767
32.472074 -80.415943
28.997491 -89.139557
50.1414 8.69371
43.105086 -79.060281
43.30577 -82.532396
52.211647 -174.328599
56.163898 -132.948456
24.89361 -80.66476
26.633535 -97.444945
61.133487 -165.167072
51.721395 -177.342784
56.012951 -156.677597
60.015115 -152.612721
61.058035 -164.995695
56.871102 -153.746735
41.641575 -70.765463
37.848198 -75.999658
41.160532 -73.170074
58.429939 -137.180029
29.252023 -89.606651
45.698476 -85.494016
47.240327 -68.710919
36.973187 -76.521006
46.784983 -90.791562
58.408877 -137.009415
48.608952 -123.027489
37.296285 -75.798448
61.485236 -149.628436
54.842579 -159.742294
69.392261 -163.103166
45.496245 -84.036286
48.760288 -94.660063
56.421404 -133.010871
26.037903 -97.764913
24.582813 -82.115822
21.438435 -157.791779
56.760116 -132.520712
48.008095 -122.723374
45.9958 -83.794052
18.306202 -65.280502
55.606378 -161.355686
57.451966 -135.557765
47.462693 -88.139651
58.321284 -134.806116
33.950401 -119.971141
45.065082 -71.496105
60.014191 -148.143616
24.640294 -81.403319
42.655951 -82.623043
36.511802 -121.943678
58.431259 -134.851303
46.190293 -123.821834
51.572784 -178.857361
32.593621 -114.799683
47.277321 -122.471652
24.802968 -80.846191
64.433917 -165.001961
48.174653 -122.686626
66.551284 -163.754171
57.651532 -135.695112
46.991207 -90.955925
47.165337 -122.628654
46.434289 -84.471848
37.119347 -76.618252
60.957998 -147.491546
42.835318 -87.823278
44.783914 -85.590985
29.063619 -90.676958
48.600861 -122.819519
48.998917 -112.143769
49.7556 6.63935
57.131822 -153.783465
48.065774 -122.857727
32.273549 -80.596394
48.25934 -122.65343
56.241995 -158.119493
43.959683 -76.280677
59.724197 -139.534531
55.81459 -159.95526
70.510769 -149.866698
48.527154 -93.598212
66.704978 -161.86618
58.120755 -152.401892
42.402041 -70.985068
63.062151 -163.0405
46.754927 -90.763647
29.674025 -89.573883
55.208209 -161.919519
45.072308 -71.489145
29.187806 -95.150021
45.952724 -83.840866
56.991192 -153.301142
41.54212 -70.004136
41.015444 -72.560974
70.231583 -147.222031
59.553167 -150.594543
44.765071 -67.04335
54.98533 -162.326811
31.438885 -106.158218
26.796339 -80.031362
51.66398 -177.670951
48.998858 -113.907487
55.979086 -133.484621
56.326792 -133.649916
55.143856 -132.685458
29.753451 -101.441059
58.466179 -137.295788
33.996009 -119.575636
61.813859 -166.094312
58.864441 -136.106997
44.069389 -82.928884
47.267089 -69.047076
56.644459 -157.42807
70.302627 -148.363196
41.028776 -73.530189
52.036733 -174.556278
28.129057 -82.832237
48.662251 -123.178017
57.795292 -153.462463
64.921366 -161.19212
28.646013 -96.555119
37.868367 -122.438565
29.51965 -94.511045
35.007166 -76.502623
29.637165 -91.581843
43.772762 -69.313631
47.9994 -89.831825
41.038435 -72.17949
63.734745 -171.725748
48.513187 -123.017258
45.014786 -73.065098
52.220474 -175.12352
45.000046 -74.887837
47.040581 -90.564507
52.805775 -169.163589
30.225437 -88.908885
47.202249 -68.93571
58.088385 -153.168617
39.656712 -75.562246
56.769079 -157.183636
30.388006 -88.364022
29.595622 -101.314329
37.849659 -75.702914
35.823483 -121.388053
58.46208 -152.723169
58.481228 -134.903656
37.999544 -123.020562
39.191595 -123.76101
45.943032 -67.781095
55.489068 -160.481633
58.162128 -134.215981
30.293196 -89.344746
44.471812 -67.866801
29.672695 -85.204314
21.385208 -158.149719
48.119762 -90.590574
42.322026 -124.425264
31.568032 -81.186114
22.208008 -159.515574
47.34836 -124.299943
43.948226 -82.709839
53.960052 -166.190445
55.958266 -133.280582
37.864143 -75.359036
48.639738 -93.990082
37.86351 -75.452681
37.741671 -75.82481
56.593199 -132.539698
30.05224 -89.429047
55.384237 -133.208794
55.457941 -132.142945
59.030384 -136.987237
60.145536 -162.476214
70.821765 -154.501866
35.603503 -75.762963
56.246802 -133.07823
29.42988 -101.043364
39.689435 -74.141733
71.011281 -155.260084
60.955092 -149.69982
45.919832 -70.262824
39.098811 -74.897784
55.020439 -162.247946
48.252043 -122.493448
38.138562 -122.952086
38.329273 -77.020947
39.427614 -76.11682
59.700609 -140.272266
57.814665 -153.480377
48.165822 -123.706432
30.207962 -88.980239
40.45064 -74.169977
45.153257 -71.42675
18.187011 -65.694515
51.677831 -178.117864
55.248721 -162.8566
47.204418 -122.726868
47.969355 -122.350254
27.661015 -99.685813
61.254029 -150.312226
41.384257 -82.513827
47.981433 -122.353611
54.179915 -165.621282
29.72708 -84.968841
29.141658 -100.739116
56.487904 -132.362556
42.364621 -87.81657
54.945977 -163.290908
29.552634 -94.526336
60.77806 -148.497954
59.583333 -150.086959
60.812325 -148.556013
21.93297 -159.648132
43.893901 -83.331788
56.638079 -133.683957
45.055575 -85.740836
31.149161 -105.71954
41.684774 -82.826443
38.231305 -76.140068
58.612099 -134.941722
44.020709 -83.687892
60.238454 -167.312616
55.949938 -133.282367
27.940537 -99.937142
55.914246 -133.457257
49.000705 -120.376216
60.162018 -144.271072
56.968059 -134.7383
29.597073 -85.023501
38.555763 -76.515106
39.204808 -76.498384
27.306563 -97.638044
36.175148 -76.247877
48.507835 -122.769798
41.210197 -73.05065
36.24186 -121.826425
48.116094 -123.268917
60.363178 -144.912707
47.173983 -122.857546
36.244122 -75.922344
53.410325 -167.83952
20.815496 -156.988933
52.173836 -175.529922
56.839421 -133.699822
48.121699 -88.511902
58.99448 -160.256592
45.518488 -70.716606
52.096129 -173.357498
55.391164 -131.225568
61.058641 -149.805816
29.085824 -90.245283
43.368059 -77.965238
44.483222 -68.252474
45.279572 -83.401091
25.613629 -81.240677
51.867938 -176.072225
48.482254 -122.816193
63.058457 -164.583735
55.126467 -159.83089
55.511205 -130.095588
29.767433 -94.792238
55.657265 -133.575043
28.649067 -96.047737
41.680846 -83.293928
55.841099 -160.477892
27.102494 -97.480569
46.892715 -90.449768
48.699882 -94.274345
48.527702 -93.635476
60.181914 -144.553786
48.708462 -122.76445
45.282222 -71.109349
55.136724 -130.826129
34.140747 -77.841785
56.332132 -133.41837
46.837359 -89.47154
56.669727 -133.110329
55.588227 -130.75415
56.633698 -132.570358
60.054466 -141.325307
57.499036 -153.922183
29.765569 -102.392906
21.403036 -157.722544
41.428425 -82.616952
44.629816 -83.307504
17.931747 -66.161232
47.769671 -124.47657
37.742347 -76.617373
39.01996 -75.34089
29.523291 -83.401552
48.171801 -91.717548
59.834246 -166.336805
56.463215 -133.798538
55.921345 -132.382672
58.849693 -161.001101
47.705095 -122.525851
45.236125 -71.430394
48.707747 -94.290737
27.682827 -97.237534
44.626554 -67.543368
26.447275 -97.411612
36.383167 -75.916949
26.699536 -82.125795
41.080837 -71.899256
18.264198 -65.607186
58.329538 -134.607408
38.637817 -77.216303
56.755591 -133.225298
29.024249 -103.382125
59.201212 -135.294315
56.672473 -132.452081
44.814959 -85.474796
55.608708 -131.962642
51.9021 -177.420166
45.015869 -73.059685
52.775028 173.881412
25.139609 -80.780758
45.804469 -86.563392
55.309673 -131.60347
59.326588 -153.424866
56.307785 -132.380574
48.499428 -92.636696
41.460605 -71.389284
42.34686 -70.963578
28.11216 -97.025693
29.693526 -85.3638
55.441921 -133.668442
26.26512 -98.687156
45.222997 -87.122819
55.025427 -131.50759
35.88398 -75.681415
58.376532 -134.646669
56.399336 -132.181647
51.541963 178.951626
58.686974 -160.277084
46.893035 -90.750858
63.480702 -170.026953
35.421999 -76.533761
30.222921 -104.711236
58.294441 -134.683551
40.509448 -74.210474
23.871731 -166.2453
46.572523 -87.392974
55.556699 -130.802334
48.683189 -122.91613
37.85042 -75.996859
45.598147 -70.649578
48.103301 -90.264986
28.176291 -96.872678
41.944897 -83.253552
37.79866 -76.734309
55.667377 -133.542923
28.076802 -96.890947
60.454454 -148.700685
41.268897 -72.920846
63.356166 -171.667115
60.797089 -148.144355
60.979621 -147.252984
71.126264 -154.942864
42.349698 -70.953292
29.106946 -89.086257
53.684219 -166.283267
67.001044 -161.711715
45.783538 -86.617336
29.93425 -88.817017
28.086622 -96.888328
39.328236 -75.460423
27.808447 -97.098874
56.145609 -132.152459
55.281269 -133.424286
48.096537 -122.525422
52.793938 -169.704105
47.267475 -122.62812
60.999443 -150.515058
42.955857 -78.93236
54.211323 -164.765625
60.365899 -166.408546
55.129307 -159.714935
52.529954 -171.252053
26.067182 -97.981335
47.867497 -122.666417
48.030733 -89.994687
48.699848 -122.94754
56.028366 -158.475543
41.415781 -70.928197
41.681635 -71.237635
39.107858 -74.704409
48.078472 -122.393413
56.925682 -132.87034
61.059313 -148.237403
58.086462 -152.557237
46.753034 -90.771228
20.629639 -156.156772
70.962197 -155.978405
52.109245 -174.348463
47.850243 -89.201812
55.765861 -160.277382
57.261632 -134.617081
31.182666 -105.780021
37.155711 -76.381379
31.55553 -81.178822
26.938715 -82.061401
56.495755 -133.92816
45.570677 -70.678462
56.547939 -156.990969
45.967133 -83.985141
70.076391 -162.356469
24.880873 -80.703028
29.017993 -89.186061
47.38616 -87.827115
70.441136 -150.296287
33.959583 -119.721206
25.147652 -80.898911
27.004086 -97.463081
59.421751 -150.651586
34.69829 -76.674568
29.105518 -89.101961
37.996735 -122.821383
55.284889 -159.870591
61.447165 -149.429513
42.989475 -70.759175
60.683357 -147.483826
55.946369 -133.386468
31.547997 -106.25478
39.3388 -123.817369
27.867893 -97.325097
64.540952 -161.049148
42.307889 -70.907556
35.446715 -120.946546
56.095484 -133.956411
33.861406 -78.009973
57.830221 -152.841361
59.906443 -162.974977
48.59182 -122.904228
25.685062 -80.176916
56.669721 -132.403923
45.100776 -86.058653
63.504525 -161.136758
48.622047 -123.179657
58.175771 -134.519644
38.302685 -77.026304
55.641 -131.726615
17.976458 -66.33839
64.543884 -160.970555
54.958862 -163.314592
45.058602 -87.501572
18.472464 -66.251547
29.71526 -93.79925
55.079388 -130.182375
56.968445 -153.902802
30.4273 -88.10407
60.615082 -146.002533
59.230309 -151.518488
46.771362 -84.954009
59.741878 -140.164657
37.605592 -122.378545
45.241069 -71.182587
28.257733 -80.604214
27.594045 -82.596488
58.302694 -135.069775
44.110001 -68.908984
24.0769 47.564
60.458298 -146.329773
44.349594 -68.821311
62.124686 -141.002133
36.247699 -75.811851
54.767277 -133.520111
40.604421 -74.032856
45.784134 -84.742
54.693746 -163.228409
43.763641 -70.04377
60.008781 -144.221588
59.47225 -151.470992
66.473179 -165.124026
29.456686 -89.833659
51.931339 -177.197506
44.204171 -76.249661
43.760932 -83.954792
32.30662 -80.64988
56.979313 -132.937978
17.940997 -66.185554
55.557731 -130.945177
32.635869 -114.774482
58.490304 -136.101959
45.152291 -86.059393
35.415778 -76.050171
42.521492 -70.857125
57.98407 -134.101125
39.133626 -76.252968
60.460164 -148.66071
35.343273 -76.265437
57.835739 -134.143112
43.990159 -69.077172
55.723538 -130.998638
45.730719 -85.565132
37.772731 -76.602024
30.208548 -88.430332
66.921319 -162.40905
29.20861 -103.742175
48.642738 -122.871391
42.899957 -78.905758
45.17145 -67.291417
45.701039 -87.095455
59.158601 -151.748451
54.076026 -164.960581
66.505179 -161.279803
30.240289 -87.860085
42.377316 -70.972223
18.332054 -65.304409
46.957438 -90.837716
38.525221 -77.283503
46.169293 -123.9042
55.219418 -161.32988
44.918524 -87.844299
29.994722 -89.58136
45.000574 -85.776207
45.520889 -86.723328
17.962706 -67.183508
29.768729 -101.630319
43.956651 -87.703951
35.320012 -75.502188
55.580188 -133.275972
29.345075 -104.075924
55.957855 -132.129697
37.696205 -123.014303
48.072032 -90.018835
57.418972 -135.06505
40.59056 -73.753349
47.231186 -122.691772
26.11005 -98.302979
56.614658 -132.519791
59.742281 -149.638668
40.964498 -73.040445
57.944244 -134.278275
41.259897 -72.893845
68.371783 -166.706139
55.463932 -133.426331
62.732421 -164.857695
42.271637 -70.906301
52.298565 -173.986421
29.865817 -85.405815
21.884527 -159.425862
41.483841 -81.860262
52.117107 -174.11437
44.009864 -76.300956
45.313753 -71.059265
32.53946 -114.802018
55.83905 -159.472801
48.108436 -90.128647
70.136875 -143.497982
60.430533 -145.536942
18.006317 -66.764491
44.912077 -87.842719
46.915975 -90.998848
40.560902 -74.210887
48.627597 -93.088438
29.592875 -102.746202
32.624578 -114.797565
58.727991 -133.840392
55.836165 -131.610629
52.827891 173.413016
56.910635 -132.846744
46.923002 -90.543583
48.507797 -122.679122
42.007586 -70.712204
55.058788 -132.970993
70.158948 -146.129579
44.256016 -68.231469
25.190117 -80.569124
46.856202 -88.360868
61.07864 -165.119781
58.69558 -158.861207
55.325892 -130.700612
59.25045 -151.387261
47.326943 -68.384281
48.315597 -92.441286
63.490135 -170.047114
59.825665 -149.741129
62.974468 -169.734938
29.45212 -90.018598
56.893996 -153.730713
41.647961 -71.336182
58.928941 -136.575541
29.364772 -101.004207
25.183 -81.142278
42.331661 -70.957268
48.030992 -122.607342
28.633098 -95.884026
60.485615 -146.610443
49.6188 6.1289
35.50753 -121.05308
55.288925 -160.468262
40.934897 -73.436664
55.205722 -132.825251
20.922546 -156.91845
26.90631 -97.540874
56.341865 -158.489546
17.945806 -67.109985
55.141116 -162.119033
44.444411 -83.326824
36.523256 -121.949072
29.936263 -89.736311
57.776744 -152.381076
57.465726 -134.046449
36.107197 -76.191715
70.786852 -158.9656
55.099834 -133.236298
61.714931 -166.153178
28.596649 -96.480309
39.447722 -76.060989
47.353398 -122.825237
44.834166 -85.539924
61.123558 -150.271606
37.195379 -76.74
46.851595 -88.390135
33.033961 -118.57516
52.212994 -174.360631
36.57337 -121.972594
21.976562 -160.065811
45.555737 -86.654144
55.12467 -131.548736
48.100359 -90.393469
37.126085 -75.886369
70.129837 -143.911494
45.957372 -86.145714
57.9302 -153.033849
48.62085 -123.004166
56.104413 -133.63017
48.264773 -124.250882
38.34089 -77.199433
59.34729 -150.631378
69.482892 -163.046961
45.276916 -83.388274
28.700976 -96.202446
55.170624 -133.208344
59.841148 -147.637192
55.90279 -131.621933
45.132168 -67.128935
47.992717 -89.846244
64.529824 -164.491327
55.535759 -131.723648
46.827182 -87.69459
43.342667 -124.353332
27.253131 -97.639094
25.005043 -168.001266
48.093719 -88.566938
48.177147 -90.826135
61.49298 -166.075398
48.350396 -92.194874
55.633979 -161.482064
61.500419 -166.058242
54.254138 -165.557581
48.484586 -92.701298
54.836049 -162.349315
55.30407 -131.031174
43.89674 -69.125107
26.480957 -81.980712
20.760201 -156.846413
31.013678 -81.424732
54.857138 -130.95343
27.370809 -97.685039
30.083079 -84.274003
58.916252 -136.932352
19.995542 -155.828965
26.06647 -98.028759
47.439816 -87.715942
42.305686 -70.91749
19.739286 -155.006423
41.159697 -73.110352
32.088943 -113.493196
45.759741 -86.466039
46.647497 -87.503025
66.55597 -163.908341
55.799843 -131.053217
21.43574 -157.793167
47.922519 -122.592184
57.771019 -134.108856
44.641664 -67.24726
29.028782 -89.156339
44.86838 -83.314966
43.742134 -70.194678
29.187711 -91.094015
29.804828 -102.001786
55.924168 -160.486594
29.280027 -90.032088
60.967607 -149.770264
60.903986 -165.03204
52.787425 -170.128714
55.384194 -161.364577
57.476501 -133.940564
54.417583 -164.844931
52.032665 -174.615943
60.974434 -150.603069
48.643122 -122.486878
66.523529 -161.399006
48.14915 -91.137733
47.6149 -122.97244
42.355843 -70.974897
30.644891 -88.061998
58.342999 -135.408059
42.347039 -71.006877
38.133438 -75.827674
44.791073 -66.995154
58.259876 -151.802841
54.197998 -164.878891
40.43752 -74.208655
58.747887 -160.405579
55.807266 -159.307983
58.131857 -136.420449
56.00764 -133.385279
40.631448 -74.20058
19.250698 -155.31337
40.577201 -73.834408
34.417597 -119.794771
24.585836 -81.790808
58.675552 -160.270416
59.355858 -150.618057
70.430761 -151.876122
57.339733 -153.008525
53.579934 -166.514888
55.282113 -131.688644
29.631582 -91.866112
55.78516 -133.701157
24.556423 -81.732511
54.932686 -130.947481
40.57035 -73.991346
35.896906 -121.461227
55.858268 -160.769155
56.279403 -134.233147
59.002092 -137.504049
52.281336 -174.349404
57.848421 -153.324881
9.05855 38.76404
40.48982 -124.38494
60.446902 -144.983585
46.039089 -83.692146
27.810868 -82.410837
55.544281 -133.752869
48.436709 -92.656027
60.055527 -164.336111
56.538835 -134.639732
41.822278 -83.422316
46.925602 -90.984617
44.138572 -68.671454
48.135539 -123.52232
38.941439 -74.865198
45.629242 -85.07491
45.761813 -70.406548
37.646781 -76.574049
26.053126 -97.18273
45.727031 -123.943121
21.2621 -157.7097
51.681411 -177.876811
57.648251 -153.982581
34.266902 -119.278644
55.828911 -159.470216
58.161494 -134.699956
61.125462 -146.401411
54.575697 -164.949781
41.431833 -82.617745
29.083627 -89.075787
57.870004 -134.240198
59.959763 -148.083694
56.608492 -132.553213
48.999593 -100.907107
43.962068 -69.304301
18.444619 -65.916843
41.470636 -71.430744
42.22716 -124.383633
55.649532 -133.62323
53.881343 -166.236513
18.255699 -65.599627
53.798012 -166.434846
24.70756 -81.345881
43.431594 -82.538578
55.937683 -133.876494
38.848388 -76.509285
37.003796 -76.562923
36.095409 -76.216599
57.909123 -135.613039
28.389662 -100.3444
28.190383 -100.208059
30.855427 -105.39669
58.894973 -136.676898
60.177246 -144.344367
38.299385 -123.053504
60.039428 -139.505389
57.857346 -134.291429
44.640825 -67.251247
44.515206194 26.086880075
55.133826 -159.643313
57.217885 -135.620735
29.736343 -93.741948
37.936607 -122.503064
45.965247 -85.842404
28.093848 -97.031966
57.557746 -157.684833
58.369015 -152.78742
20.633685 -156.120985
45.97375 -84.437633
57.545482 -135.566699
26.455182 -82.088423
29.741158 -92.130776
70.472686 -151.91921
58.318985 -136.047882
44.520577 -67.781556
41.383598 -70.045586
33.962929 -119.795938
43.822587 -70.026193
56.081347 -133.989359
46.921261 -123.957493
33.8081 44.5334
58.40774 -135.556066
70.847175 -155.543031
36.435464 -75.98005
45.014683 -74.834669
38.025497 -75.991846
59.299918 -135.435293
21.900486 -159.577784
18.216719 -67.158001
45.131289 -87.250487
58.608925 -159.9944
48.140756 -123.574214
66.361971 -165.6686
55.026138 -163.213281
55.21524 -133.222626
59.051507 -160.335142
37.208011 -75.804446
54.820845 -130.773606
42.01232 -70.667512
24.625135 -81.511165
58.260525 -152.107962
55.286556 -131.027145
31.207938 -81.314183
26.062108 -97.152009
18.4108 -65.805364
41.898032 -87.617433
70.260634 -161.801603
38.009941 -122.359493
54.824564 -164.576896
55.385254 -161.514211
55.174789 -133.228577
71.145422 -155.060764
54.950412 -163.256982
48.020681 -88.915032
57.832587 -136.372377
55.26024 -132.109531
38.907477 -76.365658
48.008305 -122.686898
70.820806 -158.157725
18.290685 -65.263937
57.571379 -156.010818
44.10341 -68.51706
29.550207 -94.485848
46.600621 -90.951543
55.239075 -133.604187
57.639946 -157.710645
25.888411 -81.473992
47.128643 -67.892166
39.211657 -75.101019
46.044586 -84.006082
58.267826 -136.281067
53.793234 -166.106805
43.725135 -86.481854
41.654573 -70.637632
56.206661 -133.953825
54.780876 -130.901801
37.036228 -76.646013
24.584597 -82.122368
25.637022 -80.277147
28.037203 -100.012839
17.990262 -66.491396
32.658304 -114.753111
56.367511 -130.782231
56.213424 -132.302365
48.975026 -122.796887
59.3333969 18.1048297
38.782242 -75.134022
27.67561 -97.220863
55.746029 -130.151509
46.836955 -87.734325
51.59848 -178.567078
18.112574 -67.887099
44.210718 -83.552872
55.729038 -133.643326
45.817622 -67.780507
33.272829 -119.50504
48.645714 -94.138682
48.696625 -122.630422
33.40711 -118.368301
51.741678 -176.289921
60.709539 -148.326357
30.4811 -87.931902
46.909686 -87.900339
55.99167 -160.567604
56.791864 -133.325392
39.596784 -75.545405
40.171581 -124.231095
45.750559 -67.793083
38.019402 -122.497828
29.207881 -90.55739
48.516118 -93.763176
28.898145 -95.353451
57.963387 -153.520392
32.616389 -79.99175
60.853166 -150.895508
28.636234 -96.563137
48.680809 -123.172516
46.948556 -123.86018
47.238894 -88.60983
47.7214 -90.458365
51.705972 -177.826997
55.643862 -133.43818
48.118065 -123.424668
25.324641 -80.260137
37.998572 -76.462542
37.02874 -76.586491
43.709278 -70.095727
48.106951 -90.569763
45.93067 -84.917484
18.469581 -66.118338
54.959426 -162.552729
30.226342 -88.633743
54.495266 -164.341474
37.126615 -76.292344
55.22006 -159.93124
63.238692 -170.30363
53.478565 -167.278827
29.604379 -85.017205
57.746625 -152.847811
42.054657 -70.082624
24.953659 -80.571668
48.054116 -122.740007
54.972023 -162.707203
26.736204 -97.370961
44.003245 -83.10782
41.614548 -81.529742
45.306133 -86.942787
59.028924 -153.648029
48.068501 -122.461606
27.837867 -97.379042
65.599045 -168.099356
27.629616 -99.654324
27.344735 -97.399398
57.047905 -156.535587
63.512807 -162.123249
45.068721 -67.090786
34.059822 -118.977751
45.10554 -85.675671
44.00095 -83.120659
46.467515 -84.915184
47.062544 -67.789461
55.566655 -132.544541
29.991205 -89.433411
52.976147 -168.445938
51.588963 -178.673676
58.148102 -153.274215
58.725998 -160.297073
59.214198 -135.527319
47.394864 -87.848252
57.044984 -135.31278
60.983073 -165.190271
38.970538 -76.218929
57.703778 -153.932964
34.677618 -76.642939
45.410852 -86.830353
60.753282 -151.860179
29.758288 -84.824197
44.66265 -67.186612
37.690203 -123.000677
59.214041 -151.477516
48.649189 -123.163582
36.76115 -75.94955
29.984123 -84.3477
53.023973 -169.66493
60.078261 -141.376704
19.463642 -154.838545
44.940256 -85.83615
21.628101 -158.079895
29.671724 -89.632698
45.726291 -85.498777
31.082625 -105.60333
28.430181 -100.336186
45.22916 -70.857042
42.557909 -82.680758
59.766076 -149.757641
55.471668 -133.59407
43.810264 -69.714873
46.542577 -87.3903
29.215878 -102.915866
55.221909 -133.09906
48.505303 -92.629126
58.381237 -135.917917
27.907433 -175.740662
45.60118 -67.489793
58.61502 -158.140307
26.339895 -97.372171
33.478098 -118.603375
28.348811 -96.705247
55.292352 -131.53651
21.3065 -157.89
31.704195 -112.246102
27.782905 -97.393291
57.388207 -135.627022
35.18852 -75.793283
45.315067 -86.957909
64.762723 -161.413493
57.602474 -135.592778
55.80704 -130.12372
53.108226 -168.80203
45.969448 -84.532392
38.302656 -76.211446
57.214756 -153.056971
28.023964 -100.008631
67.052186 -161.850188
57.577617 -153.824823
44.365027 -68.911634
39.198578 -74.651443
38.503906 -76.289507
59.382528 -154.007207
57.590399 -152.439667
55.294295 -162.66196
53.486027 -166.667921
61.723105 -165.993851
70.492724 -150.354056
48.058669 -88.579784
42.988284 -86.226305
58.675251 -136.22998
53.51482 -166.743054
39.583568 -75.592224
56.010461 -131.212664
55.290234 -133.592285
29.077332 -90.304129
44.041295 -69.081131
18.256376 -65.584892
45.31314 -85.307646
58.905344 -136.062222
34.094566 -119.109784
45.361251 -85.032813
41.804796 -70.532656
42.912787 -70.808712
45.688987 -67.734605
46.196991 -70.285526
29.301851 -91.164893
38.025273 -122.882114
58.871212 -153.302433
58.930439 -136.750422
29.78507 -102.050044
39.205108 -76.480083
57.468833 -152.600375
35.424298 -75.500374
35.939714 -75.718266
60.957582 -146.745543
54.972385 -131.520782
55.387911 -160.545227
41.710823 -82.835577
48.159352 -123.915589
56.89167 -158.84203
29.670862 -85.077237
48.431095 -122.803108
48.998991 -104.875527
60.696647 -145.911538
47.218151 -124.209017
36.379456 -75.85147
45.162879 -67.161247
29.790161 -101.922585
34.991428 -76.588055
27.736306 -82.753723
55.141722 -132.606895
67.087503 -163.495201
35.25399 -120.896876
58.91637 -152.230621
59.94073 -139.693423
60.325955 -166.569828
54.661597 -163.096744
44.686769 -86.256796
55.28684 -162.581282
42.535084 -82.666596
28.649576 -96.623313
45.194313 -83.31971
27.619196 -99.578099
61.504645 -166.124202
60.728092 -147.48764
47.327964 -122.819738
46.815897 -90.720932
29.263154 -89.949925
56.487656 -133.671653
48.580785 -122.547438
30.500903 -88.103768
57.180832 -153.368921
46.968605 -90.668015
32.490795 -80.343883
45.238905 -83.41241
61.102143 -148.176489
57.855375 -155.15242
29.15026 -103.59236
58.904074 -156.966649
46.278761 -124.060961
48.068861 -88.573924
24.54658 -81.786157
24.733091 -81.02217
54.814934 -132.714264
47.822518 -124.51278
53.869527 -166.320004
41.001597 -73.570068
55.164066 -133.227859
29.917253 -89.592346
59.961905 -141.595376
30.687256 -105.04293
54.733994 -132.71698
55.131373 -159.503592
47.656176 -90.647837
52.761667 172.903628
56.798924 -133.946767
43.047056 -79.005164
39.233341 -76.232051
46.537694 -85.045534
60.970797 -148.424905
48.494892 -92.698824
41.664843 -70.055523
52.09633 -173.06643
48.331057 -124.65894
27.304732 -97.359963
29.180777 -102.947156
43.458521 -70.327303
48.481659 -122.8507
30.362378 -88.200065
61.084392 -164.927825
35.132098 -77.048895
33.121842 -117.328359
55.28127 -133.22738
48.559303 -122.478431
35.139616 -120.644311
61.105924 -164.883441
60.515251 -173.05275
45.827183 -86.777225
47.466431 -122.433388
68.059283 -165.49355
30.227476 -88.562067
59.449799 -136.358141
55.86628 -158.881577
29.492593 -91.343567
46.029042 -83.95141
29.976982 -83.788729
54.661072 -163.059085
32.545346 -114.805966
17.950438 -66.176814
59.583333 -139.634462
44.58934 -67.541611
49.002494 -122.251063
48.177276 -123.133445
29.380922 -104.125475
27.824126 -97.220771
41.572385 -70.642748
60.303615 -164.850355
55.912903 -131.648697
48.457867 -123.036888
43.316225 -86.39575
64.364643 -162.807205
29.06141 -89.215531
48.705255 -94.281797
55.858208 -133.333221
38.543452 -123.297151
54.932083 -133.131607
28.434367 -82.677839
21.932863 -160.167471
60.874951 -147.66296
32.043764 -80.892344
48.359213 -92.055228
47.150925 -88.789813
57.424907 -135.612882
59.932638 -149.510177
42.322895 -70.967545
56.56357 -133.731259
55.920689 -133.935016
56.159737 -132.893127
36.234235 -121.813734
33.969111 -118.460611
54.804279 -131.957382
34.049625 -119.59324
18.366989 -67.268259
26.245554 -98.679042
37.954847 -75.890871
48.536388 -122.982162
38.898404 -76.308425
45.335057 -70.819049
18.12799 -65.296036
29.679067 -94.980113
44.572581 -88.041202
37.832513 -122.476473
37.113085 -75.924225
51.696844 -177.631523
54.715444 -132.199566
60.945468 -147.055754
45.116216 -85.674861
48.555897 -93.808973
70.497219 -150.762035
33.332811 -79.158429
57.750847 -135.063972
41.585385 -70.830087
70.048336 -145.468856
38.608869 -75.06192
27.843233 -97.099533
43.815975 -86.431043
40.099518 -74.033546
26.087165 -80.109566
45.898568 -67.767827
27.997046 -82.664806
41.701562 -83.326825
38.414755 -77.086393
58.397352 -134.77635
46.741322 -123.916371
44.459508 -68.119425
39.361408 -76.239877
56.176659 -156.804184
44.016013 -68.659972
66.522843 -161.469227
45.977594 -85.790639
38.687131 -123.43272
37.904519 -122.656519
55.336037 -133.544708
19.926927 -155.894474
44.765919 -85.599256
28.172537 -82.850365
29.410714 -101.0386
25.154073 -80.35857
38.930297 -76.264943
60.433707 -165.129403
43.011171 -70.74036
29.864065 -89.638016
26.560001 -99.16741
37.096627 -76.579499
41.658197 -82.797493
45.18797 -71.408777
27.083084 -97.44976
58.391597 -157.536176
55.71182 -155.719803
58.211871 -157.407918
29.647961 -89.641228
43.770175 -83.441591
56.648492 -157.715998
45.856974 -86.528224
47.871016 -89.246774
59.939301 -144.428131
45.909791 -67.765002
45.040547 -85.597181
56.129398 -132.87291
56.562611 -132.530792
48.026215 -89.985217
55.041756 -161.92836
45.97126 -84.687712
60.630534 -145.764668
44.433276 -68.247438
59.63092 -139.654449
21.401871 -157.730191
57.569883 -156.033806
59.970234 -148.195999
45.942057 -86.278007
42.541935 -82.859316
49.000631 -109.437397
27.62531 -82.705017
40.61643 -124.329404
56.635895 -157.409988
57.70092 -135.638023
48.454087 -122.654844
27.702307 -82.662921
47.077175 -90.395367
44.171542 -69.054546
45.232719 -71.420335
25.387255 -81.150508
32.051943 -80.905378
46.515339 -87.077279
60.337265 -147.214828
47.066013 -90.449075
46.507731 -123.921192
37.357399 -76.264847
41.496677 -70.705181
38.795016 -76.524679
58.463858 -135.916112
46.024681 -83.765259
52.718295 174.071842
41.38629 -70.484503
54.579877 -164.948789
54.869068 -132.806473
45.134987 -87.045748
55.738241 -160.806014
41.053827 -72.16037
43.590016 -82.597911
35.463552 -75.994528
29.279484 -91.135388
59.463603 -153.699025
21.65234 -158.066711
57.946551 -153.129494
44.804717 -86.071746
60.739989 -148.574097
55.281129 -162.624112
48.098773 -90.564341
44.14531 -68.782375
43.305872 -124.402814
29.777662 -101.754323
29.377486 -89.820824
56.017158 -133.393607
21.420868 -158.181
37.648462 -122.387381
55.092186 -159.783463
46.18235 -123.863347
48.457867 -122.941711
30.522569 -81.434064
60.890371 -149.174435
55.09409 -159.713028
55.885693 -133.42395
34.85818 -120.610266
58.318447 -136.296281
59.573623 -151.20913
41.073258 -73.41367
58.054413 -134.02676
58.923031 -152.331497
29.468861 -83.307828
60.520173 -145.802387
29.741158 -92.202755
45.080787 -85.982799
48.227548 -122.769939
18.46874 -66.241797
45.718779 -87.070442
54.773717 -163.188853
64.782099 -161.364438
52.058603 -174.992309
38.943543 -74.870497
56.638977 -131.844866
28.976551 -89.143364
47.430326 -69.097364
61.206839 -147.817667
20.874605 -156.170458
58.607975 -161.076584
44.268948 -68.677577
45.616379 -70.617198
60.981702 -147.220325
48.169263 -91.723285
42.683878 -70.748752
48.049793 -122.281087
45.314256 -67.453336
44.198164 -124.114424
45.260349 -71.235364
59.411158 -135.372832
18.444881 -65.92567
45.965498 -83.952183
28.164288 -82.847443
46.784374 -124.096655
37.994375 -122.363001
21.409626 -158.181274
47.059246 -88.914189
56.886911 -158.842982
49.000261 -119.4577
59.951199 -148.053238
59.756593 -151.018888
19.290613 -155.113272
53.999039 -166.354614
48.395681 -122.637892
48.056752 -88.835714
47.925117 -122.310747
45.392965 -67.430001
33.38632 -118.478465
40.600789 -74.010926
55.742501 -132.190479
64.540046 -163.042618
48.004764 -89.601659
39.460812 -75.589439
55.999867 -131.961507
18.296067 -65.276037
55.33231 -131.509811
60.756529 -146.062044
38.265155 -75.984274
27.893706 -82.541747
18.474681 -66.742067
54.753513 -163.228391
45.991385 -84.530444
46.053364 -83.733192
37.742383 -75.548082
26.063724 -98.081884
60.881805 -147.717729
56.117549 -158.405691
46.844477 -88.382204
44.753107 -87.95156
35.414091 -76.037244
45.166944 -67.404658
27.065952 -97.466415
37.978168 -122.367582
54.112196 -165.549217
17.951648 -66.980516
35.855316 -121.413146
39.402017 -74.36699
47.309161 -68.381308
37.273963 -76.349489
18.03185 -67.193269
70.37984 -151.229919
48.817829 -122.709169
45.851813 -86.332625
35.065349 -76.014954
58.275227 -134.081012
37.054858 -76.512289
29.742422 -84.964007
38.039124 -76.020827
55.910677 -133.260357
35.779691 -75.543259
31.824881 -81.04794
29.353435 -94.810696
44.767508 -85.627982
48.280388 -92.007246
61.018386 -148.371605
41.492324 -82.687921
64.898219 -161.133062
27.822559 -82.47244
36.98085 -122.155078
26.006614 -97.644011
43.994196 -83.680108
27.89577 -97.134685
31.333191 -108.707657
32.514594 -114.804429
61.721918 -166.13302
26.683437 -82.246535
62.621952 -164.82193
43.685432 -83.553707
44.388493 -68.126114
56.873586 -158.916269
46.561492 -90.437596
54.242713 -165.595732
44.992754 -74.900733
54.796455 -132.967422
63.784711 -171.738178
47.132738 -122.650634
27.969424 -82.576003
26.051466 -98.070025
30.27078 -85.999937
56.876257 -154.226494
18.390062 -65.71955
40.996453 -72.083039
55.756607 -133.316869
31.528152 -81.213519
46.223808 -84.150725
46.874466 -90.616452
26.27164 -97.194458
57.303932 -133.863647
43.013307 -70.734363
35.955623 -75.946767
47.269558 -122.826149
29.768949 -93.438973
60.177397 -164.493861
38.291568 -76.920932
58.830788 -136.474735
52.051659 178.119144
46.905957 -87.986113
29.509425 -104.260293
63.40287 -169.579892
52.00497 177.577226
47.081188 -67.816345
58.202891 -134.216165
48.54813 -122.578856
56.907269 -153.54686
37.698695 -122.213774
48.53234 -122.583565
58.266041 -136.353653
52.798161 -169.156921
55.290674 -131.056214
37.142895 -76.324353
52.121761 177.371338
25.124222 -80.999176
57.010219 -133.354878
42.073601 -83.168759
45.977913 -84.639633
37.089449 -75.93979
71.203209 -156.029205
46.9334 -90.913838
66.885941 -162.61459
59.820535 -153.285802
53.378294 -167.852217
44.626554 -67.524061
52.914322 172.5487
60.041141 -144.086434
45.023417 -83.271506
56.613275 -131.581221
52.104274 -174.09447
51.872136 -176.290728
54.980223 -162.720404
51.75428 -177.813886
42.278728 -70.956239
36.130647 -76.228527
37.250543 -76.475927
35.91989 -121.472435
59.366016 -154.100989
-8.810109933 13.245651883
46.693225 -89.996034
27.978272 -96.9809
19.053932 -155.555177
58.860798 -160.093109
47.015444 -67.78956
29.353723 -91.234374
55.259109 -131.672468
52.59526 -170.665266
60.345951 -152.082855
47.938987 -122.617022
27.82285 -97.098874
57.191857 -156.3413
44.368084 -75.912985
43.774591 -69.302995
41.59646 -70.838452
35.93193 -75.927286
58.279129 -136.157333
55.971794 -131.254899
56.058164 -132.551018
56.670356 -159.324421
41.51501 -70.953299
42.158588 -124.363389
47.363069 -122.821868
40.659019 -74.018272
56.37586 -158.501705
33.676418 -118.029694
-6.18136 106.83092
41.786034 -87.576347
55.098653 -130.741063
56.680691 -132.495987
41.90202 -87.622944
66.067391 -162.121788
21.5823 -158.17
56.115271 -132.110223
56.130444 -158.600405
46.898903 -90.450455
57.379595 -135.630627
58.596966 -136.153595
18.163957 -65.743632
44.814729 -87.282561
60.687754 -148.384094
45.943985 -83.822807
48.567199 -93.457046
47.217506 -122.602539
39.25624 -75.196756
34.252903 -119.270144
29.906328 -84.434287
45.052447 -87.302831
40.560604 -74.214788
18.31934 -65.238034
39.510817 -75.529978
-3.36527 29.38015
28.655225 -100.479636
41.047772 -71.96704
45.967442 -84.563492
55.299717 -130.836836
57.077985 -154.515213
59.987484 -148.142822
55.224163 -132.891281
43.964705 -76.146072
18.37625 -65.64913
54.845565 -162.275316
56.557931 -154.391294
44.280473 -68.626075
18.120377 -65.364733
43.442051 -70.337884
29.074585 -89.315637
59.090582 -154.166406
52.057513 -173.937239
39.189766 -75.12707
47.344526 -68.222893
44.347534 -76.000998
20.588783 -156.293454
55.730041 -160.65556
44.003366 -83.066026
44.619637 -75.618364
65.389269 -167.170465
28.635835 -96.499648
56.203311 -131.871087
34.470587 -120.225498
35.960361 -76.014685
43.678669 -70.187536
25.899941 -81.515738
47.18953 -68.862848
37.115338 -122.330463
24.807488 -80.846142
60.68042 -146.623266
60.448743 -148.692118
35.662508 -121.284731
43.12591 -87.900485
45.054751 -71.497738
37.888712 -122.326912
42.490296 -70.857791
29.647217 -91.637344
40.921506 -73.428836
35.269491 -75.596915
66.85086 -162.621564
57.000134 -132.852905
36.916947 -76.058154
18.426849 -65.831476
54.676292 -132.670593
25.897953 -81.644553
55.911476 -132.618464
58.565556 -136.088867
48.999512 -122.756037
30.233233 -88.310025
59.605959 -139.587135
38.590229 -76.51634
70.811468 -158.385792
47.972979 -122.701294
62.255451 -165.500322
57.104231 -135.575722
24.756096 -80.978778
58.021639 -134.935005
43.682978 -70.115908
29.758795 -101.652401
27.864901 -82.538618
67.074167 -163.399048
47.448738 -88.217822
17.973819 -67.062478
26.590402 -82.222131
40.847358 -73.782174
26.506563 -97.430696
29.803053 -89.293251
38.97758 -76.229277
56.953284 -156.885372
43.718231 -70.138128
45.843309 -86.632478
44.189354 -68.619592
56.138321 -132.879456
47.992998 -122.541564
39.655113 -75.526744
55.841534 -158.703598
38.361267 -76.387002
60.546777 -148.449413
38.606738 -76.212427
27.309324 -82.57602
56.442279 -133.655468
55.370056 -130.981857
42.052243 -83.185526
32.555547 -80.20523
61.144291 -150.039304
44.930174 -75.066245
24.591141 -82.105118
36.896239 -76.483369
47.469785 -88.049326
60.407531 -145.181041
40.646484 -74.181083
47.545698 -124.355955
59.668336 -151.126122
48.65321 -123.010834
51.870312 -176.073431
55.047112 -163.284008
57.640244 -135.618988
44.439136 -68.429648
38.032148 -76.041668
44.037159 -76.381973
20.916368 -156.697418
41.644791 -71.342514
48.03495 -122.734268
40.978071 -73.118331
30.46122 -88.100646
29.755926 -84.837168
57.909087 -133.585786
47.355524 -68.303778
62.598217 -165.0522
48.601219 -122.814537
56.603026 -134.967164
58.232117 -157.374511
60.846969 -146.183158
46.531119 -84.146526
56.444827 -132.843184
61.816498 -166.085334
48.255227 -122.474494
54.88458 -163.408027
56.872294 -154.231771
29.599562 -91.803833
39.377516 -74.406692
54.826718 -132.341009
63.427802 -169.643167
26.166432 -98.336837
29.02309 -95.191391
60.9739 -165.194945
36.959447 -76.327365
30.604832 -104.924796
52.512422 173.73627
52.139119 -174.090169
18.971572 -155.601866
30.193751 -89.480214
58.394949 -135.687933
47.840029 -122.812616
55.419189 -132.273503
41.772845 -70.064314
43.497063 -82.565505
51.927799 -175.766922
20.738997 -156.949009
21.10636 -157.095373
52.636275 -170.817943
45.280218 -123.962887
44.012557 -69.07183
59.0286 -135.20276
49.364962 -95.105057
29.262827 -91.161562
54.982511 -163.4615
-9.4791196 147.14837
21.533035 -158.23175
27.375567 -97.486948
59.725248 -140.18861
29.797117 -85.301331
44.991905 -74.335184
38.127002 -76.061
41.684208 -71.418069
45.311353 -71.066197
21.466747 -157.84549
59.253779 -151.978748
36.189901 -76.454414
31.115902 -105.648834
25.7722 126.669
42.545881 -79.193232
32.618754 -117.136664
30.418792 -104.85242
55.869379 -160.508433
45.12893 -83.318442
56.918673 -154.312888
57.840659 -152.442512
28.583418 -96.608045
40.165138 44.481723
61.259297 -150.690497
41.315697 -72.201422
55.149059 -131.548736
57.301981 -135.828831
26.380862 -97.374461
59.734665 -139.578308
52.54024 -170.788495
37.826728 -122.483483
45.427789 -70.753977
58.530602 -134.834647
56.068899 -158.424451
55.126686 -161.949882
41.733733 -70.23485
57.248104 -135.449073
48.570115 -122.44456
45.023454 -85.761943
48.007585 -122.860822
55.127598 -161.862504
45.177344 -71.416181
70.137242 -143.753065
57.719821 -133.994964
63.47285 -162.050132
56.061138 -131.980543
57.969282 -152.411618
45.754715 -85.506133
48.646104 -94.065775
40.44958 -74.124692
45.83416 -86.349134
29.318983 -91.12825
44.346172 -75.974839
45.540626 -67.428338
24.645121 -81.480951
48.503383 -92.627237
27.766855 -99.822193
40.597037 -74.19682
60.063892 -167.281357
38.367715 -77.094665
55.588685 -130.93078
55.984342 -131.216475
56.903573 -132.829346
27.02285 -97.473444
56.933823 -134.273113
46.600995 -85.037056
34.615416 -76.524199
37.613773 -122.373309
45.059428 -87.506055
48.233876 -92.332247
35.993001 -76.093697
48.079457 -88.77183
45.574177 -86.661285
43.774009 -70.128271
47.388759 -124.32665
35.989845 -76.083131
41.54058 -82.77201
44.314545 -124.109556
18.299977 -65.288941
57.433352 -152.722651
41.644218 -83.23166
28.557972 -96.526111
45.991169 -84.507201
43.770943 -70.129668
68.864158 -165.814938
19.080777 -155.903693
38.548809 -76.275913
63.62127 -162.451929
58.234892 -154.152982
41.519025 -70.654104
38.318246 -76.045599
47.987599 -89.897414
34.662485 -76.567951
59.868393 -149.400955
55.537102 -133.287125
53.895448 -166.487847
21.004939 -156.549813
27.663908 -82.721622
24.616295 -81.655735
28.935979 -82.708793
21.1086 -156.748932
45.289767 -67.47969
58.160335 -157.533329
64.448666 -162.60302
48.244535 -91.975809
57.114508 -135.405293
17.962436 -67.21433
59.934826 -139.705328
57.206248 -170.390121
48.426758 -122.558403
44.844654 -66.996523
55.848061 -131.817642
59.415819 -150.307773
55.492851 -160.646304
45.239004 -71.438546
60.268261 -147.063736
45.246399 -86.973022
34.023527 -119.876916
56.420437 -132.537338
45.503515 -67.416416
56.325108 -133.62779
59.875033 -152.860867
48.607674 -122.59848
55.059829 -131.524942
58.343315 -136.896937
44.085326 -69.089078
59.937397 -141.299609
38.493926 -77.310334
51.927245 -176.544867
54.530431 -164.331404
22.170782 -159.66984
21.927295 -160.085787
34.021227 -120.047798
46.269159 -124.082187
37.127091 -76.62478
58.487179 -134.913162
56.995043 -135.854131
36.564009 -121.95146
44.949825 -124.023834
59.942874 -164.209843
45.287033 -70.918753
51.763326 -176.509655
47.282226 -68.551747
48.426933 -122.832253
37.981768 -122.471975
66.994323 -162.462616
35.511707 -76.476706
43.373988 -78.358711
66.551339 -161.915856
28.634561 -80.61679
55.516724 -131.755188
57.534107 -134.595981
55.69472222 12.58305556
45.261126 -71.236271
48.381882 -124.597331
39.505373 -75.53014
44.810072 -85.560231
40.897898 -73.617571
57.029699 -135.852146
38.00533 -122.331912
53.097766 -168.776176
31.513376 -106.236804
58.269611 -136.284042
48.014643 -89.96349
52.128026 -174.080677
48.354683 -122.673731
41.620364 -69.957775
57.066062 -135.36571
47.877878 -124.588172
45.244097 -67.46357
38.116658 -76.085947
60.153521 -165.71912
47.868401 -122.633879
61.298173 -150.655804
33.741417 -118.385006
42.793481 -87.773699
57.394211 -135.633573
24.762316 -81.327553
58.025787 -154.568627
56.59739 -159.636156
54.136682 -164.937766
46.985176 -124.012218
46.441514 -86.883919
45.006185 -72.160506
70.044574 -162.394531
62.469637 -165.199804
18.481367 -66.683719
66.304079 -163.839825
59.871248 -149.273421
46.399303 -70.100607
58.476609 -152.467197
48.365651 -92.145049
43.764181 -70.116932
47.193443 -68.85343
38.290431 -76.166154
45.301906 -71.097772
44.08519 -68.913406
31.057488 -105.585323
46.463152 -86.688816
29.388136 -90.029468
37.118608 -75.97043
52.506948 173.623883
59.651541 -153.586518
48.554019 -122.650786
51.586137 178.920826
70.760012 -159.299304
57.080511 -153.404263
43.325968 -124.387642
48.103515 -90.641596
37.188739 -75.998647
38.230093 -76.962375
23.574688 -164.689255
56.78091 -132.637458
46.060654 -70.27889
49.000694 -115.501016
29.630625 -91.643832
48.62085 -123.0056
25.397417 -80.221991
18.248008 -67.175429
45.120453 -71.432444
55.173622 -160.675871
47.800546 -122.748061
55.225947 -132.674155
46.831056 -89.660625
60.707652 -146.14064
66.235164 -161.067871
48.743602 -122.70306
44.43869 -68.931934
32.531192 -114.8064
59.1202 -154.173669
55.890858 -133.703339
57.52154 -136.030458
63.340937 -169.087914
57.251678 -135.406086
37.206061 -76.773752
44.881646 -85.425804
62.668945 -164.936737
55.477425 -132.571905
55.27889 -133.191093
21.907507 -160.205528
44.037482 -76.135448
45.01604 -71.500969
47.274726 -68.592516
45.045962 -83.280272
45.046197 -124.004386
48.629395 -93.844008
55.365002 -130.98349
58.564493 -152.665999
19.271313 -155.243961
42.33488 -124.427222
42.688006 -70.620031
47.304093 -68.145452
58.878919 -153.304788
42.339565 -70.894028
21.983681 -160.051992
58.701248 -160.387497
55.020564 -159.477702
40.392923 -124.373599
48.999398 -100.431676
56.984204 -154.476315
48.712696 -122.877579
46.086608 -85.316264
45.647599 -85.604951
27.664547 -97.197339
47.03326 -90.760422
27.264046 -99.452391
37.118161 -122.313907
59.784652 -153.439977
60.613458 -151.344477
47.704814 -122.53094
45.068382 -85.573353
42.531757 -79.242889
59.673752 -149.74622
45.241389 -71.178576
55.306782 -133.459747
29.750676 -92.128397
43.881615 -69.543912
28.020041 -96.967807
26.426278 -99.110855
26.745851 -99.240023
55.096325 -131.612669
57.486705 -152.890173
59.201667 -151.242425
42.68474 -124.447487
55.307819 -160.069885
55.476425 -133.570877
46.157342 -123.854801
66.209404 -164.046937
56.45412 -133.460634
25.884037 -81.501027
40.67877 -74.020467
28.369676 -96.700158
57.301765 -135.642782
45.661923 -123.939005
45.876626 -86.603293
54.572722 -164.257585
52.232762 -174.182857
56.211725 -133.92342
55.223599 -161.878076
63.745559 -171.641477
33.356649 -118.48877
31.754209 -106.431541
60.548977 -151.268373
20.075541 -155.4024
59.222607 -151.017804
56.036154 -132.481419
44.915696 -86.038332
47.211042 -67.990171
26.820789 -97.387459
59.27299 -136.494084
42.107727 -87.724661
43.948438 -69.429806
29.621929 -102.738428
41.009508 -72.565406
41.087696 -73.392162
55.544086 -131.755783
44.533798 -67.696354
57.338705 -156.481632
57.936487 -135.732607
33.273429 -119.555242
47.983153 -89.624559
33.029151 -118.569013
21.924479 -159.382349
56.421337 -133.807098
30.715601 -81.449375
54.790869 -130.569366
47.447621 -122.367036
25.750301 -80.137476
41.247392 -69.975
51.87915 178.031158
55.603914 -131.897413
57.751745 -133.888989
66.553233 -163.640908
55.891453 -133.488586
57.339142 -154.780373
44.450733 -68.134094
49.120733 -94.773223
59.052275 -137.033875
47.354923 -68.272501
37.836227 -122.548986
60.715373 -145.901279
25.871678 -97.449172
48.863363 -94.690246
56.753158 -131.90176
55.169435 -132.63192
60.027761 -143.69899
38.236341 -76.957417
43.652896 -83.844118
45.82589 -84.609871
45.055792 -87.492668
37.059448 -122.252181
28.644996 -96.303718
32.806872 -118.428372
44.219607 -68.722956
57.665358 -133.291062
27.747883 -175.935898
39.207608 -76.533085
46.489452 -86.618061
53.260985 -168.617143
36.046839 -75.74051
53.444207 -167.007035
31.421403 -106.106877
47.12042 -88.287173
45.760807 -85.048441
47.07568 -90.586517
29.627757 -85.094882
26.023455 -97.697069
44.857437 -87.530999
44.403687 -68.555088
56.845938 -133.86904
43.848684 -68.903957
48.614334 -122.600861
33.800138 -78.714116
48.428719 -122.879845
48.041649 -89.995994
27.762028 -175.895706
48.759064 -122.89164
66.111588 -161.680577
45.001648 -74.667338
19.718667 -156.052485
41.585639 -82.847657
45.750419 -85.567128
57.980212 -134.758833
41.222697 -72.997948
60.280934 -144.914016
58.329478 -133.994399
39.432001 -74.334804
46.038452 -67.780438
55.645167 -133.438933
29.871981 -85.347044
56.332276 -132.543076
44.340464 -83.332533
48.166764 -88.427373
31.857811 -81.058596
37.8174 -76.266057
63.22628 -164.363592
30.057451 -84.297836
60.349236 -146.30217
37.251854 -76.884264
38.82619 -76.300889
60.407269 -144.871428
54.988502 -159.440057
29.363403 -100.995607
44.925463 -87.186732
56.456859 -132.927663
48.124894 -91.704143
57.020532 -153.593498
47.95359 -89.639545
34.867553 -76.377154
48.092677 -122.879314
45.071665 -86.019874
27.966998 -82.553918
56.851184 -158.957471
59.793431 -150.927312
48.326413 -122.408718
40.929797 -73.429863
44.939923 -67.033474
45.013103 -85.609123
58.948532 -136.849228
47.944049 -122.684688
35.774178 -75.522232
25.20015 -80.498644
18.367755 -65.619068
55.906954 -131.593973
30.33198 -89.281564
55.767031 -130.150595
41.633701 -82.827011
45.046413 -83.201584
37.24147 -122.419113
58.346663 -136.365148
57.137049 -134.29276
54.066313 -165.458179
53.330325 -6.233717
29.256374 -90.311523
55.253693 -159.519196
39.345335 -75.333743
40.886899 -73.767276
42.06195 -70.148294
58.380672 -135.631775
33.320264 -118.303174
35.232048 -75.560225
38.309988 -76.226376
18.260485 -65.610994
48.075301 -122.511081
37.612136 -122.496786
40.418908 -74.047884
34.037681 -119.704628
46.273499 -123.766682
45.852062 -84.602142
48.662251 -122.741951
41.709935 -87.520544
27.412396 -99.487521
51.36421 179.384679
47.2915 -69.050094
45.144826 -67.305472
53.68463 -166.824218
45.728539 -70.390379
-13.9625 33.78686
41.062687 -73.40361
40.593502 -74.059184
28.427151 -100.337059
45.293405 -87.438908
51.91943 177.291312
29.899539 -84.343389
36.950151 -121.880167
51.301229 -179.094665
48.018788 -89.731163
55.149337 -159.860891
29.45404 -89.836773
33.483692 -119.048164
58.917764 -160.253094
49.333193 -94.878454
42.962015 -87.845181
59.922644 -148.856539
58.845063 -159.643549
47.354217 -68.240168
60.904257 -151.720815
48.998039 -111.85409
58.235703 -136.33699
57.311546 -133.856979
41.619609 -82.70731
51.724978 -177.515591
46.878309 -91.06822
32.308048 -80.659874
41.71898 -70.644641
55.188975 -130.104749
54.065708 -165.916235
41.336968 -71.701631
44.443415 -68.8928
59.693729 -163.932312
55.034996 -132.995972
42.32616 -70.923584
28.58698 -96.046211
26.888876 -97.385626
55.112328 -133.172653
42.385042 -70.972513
45.60286 -67.449674
25.016945 -80.524498
55.453819 -133.792755
55.857544 -133.674194
37.614427 -122.370364
41.890315 -70.002922
57.539621 -154.540923
42.574758 -124.389977
47.956517 -122.278047
40.630884 -73.20844
69.991707 -145.175073
29.752981 -89.634048
45.421482 -85.87339
44.06696 -68.899997
55.055065 -159.844376
41.434441 -82.254678
47.904023 -122.380497
54.450064 -162.588883
26.923191 -82.090148
58.233634 -135.277198
60.982095 -150.582471
57.776142 -152.443786
29.40023 -89.518368
57.440719 -135.896979
71.090348 -155.511125
41.023908 -72.137409
64.583558 -166.236939
27.910934 -175.740921
41.308962 -70.766166
45.562284 -84.128867
59.630236 -153.542466
20.81054 -156.059788
36.003139 -75.723662
57.771078 -133.586976
24.774626 -80.93157
34.021256 -119.612226
27.34166 -97.670762
60.747676 -151.279635
48.556206 -122.498463
30.103208 -84.048715
29.740726 -104.55466
29.208863 -102.899231
52.321139 -174.384199
40.854131 -73.78806
41.075844 -72.097136
44.088128 -68.627893
28.978074 -103.143274
48.047897 -122.770496
38.788703 -75.097103
56.808837 -133.861472
39.333935 -76.333924
45.312652 -71.030565
51.747078 -178.808157
30.049212 -88.870476
60.631407 -146.147236
27.294941 -99.487937
47.067921 -67.790515
31.541153 -106.246203
55.037294 -159.635226
40.648601 -74.086485
51.731969 -176.8707
58.890359 -159.589811
45.051229 -85.746444
42.027576 -70.193074
65.288631 -166.360618
55.247652 -162.901644
39.421226 -76.121889
29.260801 -89.950756
19.597505 -154.93394
28.397661 -96.371117
47.419399 -87.585907
59.715535 -140.210907
21.403121 -157.722735
57.232725 -133.500721
52.125452 -174.142262
58.019285 -154.581547
43.769534 -70.02561
43.39357 -87.865048
45.086851 -71.467447
38.252045 -75.908272
52.506877 173.772402
37.144099 -122.344029
55.52624 -130.87835
48.601227 -123.098755
52.298751 -172.620261
45.757655 -85.567781
45.139403 -67.318462
48.010295 -122.326115
38.344741 -75.902974
45.314409 -71.021753
45.244167 -71.133994
30.019077 -104.693592
59.555823 -151.272459
53.605909 -167.16164
34.490075 -120.490523
41.306687 -72.005143
57.400474 -156.362039
29.285042 -103.91891
37.512677 -76.298456
27.753905 -82.63052
44.536946 -67.805479
44.731088 -86.106182
36.611136 -121.860604
56.194762 -131.958838
44.21689 -68.829593
37.151823 -76.340129
57.78689 -153.550823
29.587847 -101.307332
40.914298 -73.519267
56.781126 -159.106652
49.343662 -95.153344
31.752009 -106.41794
35.970365 -76.460632
61.826013 -165.870982
59.59475 -136.26123
54.794643 -130.78857
60.37141 -145.11293
43.115334 131.909256
42.662342 -70.681594
48.65675 -123.127487
56.455193 -158.402954
56.265483 -133.910135
41.687401 -71.449318
27.632336 -97.231383
41.233497 -72.986247
48.51549 -93.784657
47.350636 -123.149342
47.988449 -122.47266
58.807137 -158.566397
56.085529 -132.018616
57.660015 -155.593031
37.013949 -122.20618
52.846743 -170.004218
29.098902 -82.823659
29.032635 -89.189893
45.497298 -84.095905
18.386496 -65.618229
47.509726 -123.033276
29.565844 -91.715645
55.958076 -133.327377
48.643115 -94.060267
27.842179 -99.877202
46.957302 -90.65136
51.696866 -177.317939
54.834965 -159.694702
52.184303 -175.512802
52.169376 -174.41529
61.306827 -165.809373
37.354524 -76.434965
29.182571 -95.111474
54.123174 -165.067428
36.945147 -76.234961
47.996404 -122.542924
58.441876 -152.505516
45.292449 -71.304896
55.228922 -132.832985
48.625023 -123.145752
58.592417 -135.190544
20.888673 -156.688969
57.336081 -156.336427
45.264366 -86.984398
21.16594 -156.898174
36.19944 -76.080106
57.323108 -135.859572
55.52029 -131.753998
55.359322 -161.486114
57.320059 -156.539718
51.387377 179.218185
28.616774 -100.448648
30.211627 -88.982219
45.493507 -123.970794
48.101662 -122.68724
61.258125 -165.627549
56.194388 -132.310098
48.099787 -90.495398
51.454875 179.060354
55.503193 -133.28772
65.018029 -166.688762
29.149023 -89.432932
58.013424 -154.990431
48.749975 -94.646256
60.076762 -149.341584
33.87779 -77.956881
41.681747 -71.302627
70.987908 -157.392802
48.296099 -122.376818
59.165233 -151.580351
60.629091 -165.170458
27.881633 -97.273698
30.012789 -88.841225
41.535852 -71.236642
41.100835 -72.140737
51.614914 178.90391
60.350471 -145.175751
59.709442 -151.098253
43.79103 -69.653337
59.464194 -136.474326
65.035857 -166.696453
18.301636 -65.307027
44.449754 -67.588346
51.802745 -176.123965
27.264118 -99.492407
59.550264 -153.719309
29.505367 -94.500807
51.576591 -178.857361
46.980919 -90.788773
56.589977 -154.079016
25.745557 -80.184626
44.104694 -87.646583
59.69948 -140.385022
46.98288 -90.707275
35.504145 -76.499047
58.945337 -153.388765
41.409241 -70.538301
60.16909 -144.379225
70.787955 -158.656101
47.403542 -88.324083
45.276769 -71.333674
58.311253 -136.03302
45.009198 -73.437371
37.874429 -122.474266
59.994695 -167.133258
48.0741 -122.926644
59.739035 -151.850272
47.17646 -122.723892
55.169285 -131.723032
57.28385 -134.096333
34.027509 -118.519514
45.846517 -67.783108
27.86808 -97.267517
58.671231 -136.317193
57.192339 -153.350266
44.178815 -68.822206
35.232913 -75.681916
57.54445 -133.933216
27.616226 -80.34437
29.357988 -102.843021
45.636275 -87.196852
58.882929 -160.064719
47.563896 -122.982482
63.141213 -163.616272
44.754907 -83.298287
41.713954 -70.259205
48.182352 -122.585778
55.533243 -160.464301
46.725686 -124.046399
45.795662 -85.351433
59.84521 -139.775517
47.381464 -91.146958
24.75729 -81.317673
61.194037 -150.960114
56.607116 -132.319303
46.971818 -123.947996
47.216278 -88.163059
52.05365 -173.799574
58.210178 -135.159055
1.28967 103.85
57.041535 -135.349229
29.359909 -91.176791
51.912655 -175.99265
48.401134 -92.456389
33.98899 -119.621117
48.3972 -122.595351
48.69128 -122.907562
60.434806 -152.325821
38.166581 -76.760241
58.484798 -135.004181
39.56224 -75.563034
56.036791 -130.031573
43.774108 -70.143603
36.1228 -76.360188
64.197775 -160.953596
56.441215 -132.245479
43.688784 -70.196535
45.70903 -86.665511
17.949931 -66.838584
58.558483 -161.026138
55.517914 -131.847977
49.000269 -119.702016
61.04218 -148.360184
41.711615 -71.365717
48.944911 -122.822464
28.575637 -100.39727
43.744612 -69.778348
55.344612 -160.500656
55.080043 -163.00155
54.944849 -163.279586
58.776876 -134.938748
63.646778 -170.698156
54.835159 -132.634552
45.968739 -83.488808
38.703127 -76.334017
56.600452 -133.693783
56.455776 -131.191822
55.062805 -131.190033
33.800215 -118.405007
42.993393 -82.42455
59.690049 -135.858947
55.553604 -131.705215
46.103954 -83.634979
27.316073 -99.537771
40.6251 -73.23914
48.01443 -89.721287
29.544749 -91.447345
48.017499 -89.721569
46.299235 -123.687763
38.719287 -76.299171
42.984638 -70.601089
24.743371 -81.392947
59.595909 -139.623124
58.34899 -136.092646
55.881931 -133.706314
36.567602 -121.949659
44.332919 -83.336988
57.367935 -152.312393
44.578992 -88.027103
48.526058 -122.54351
36.590571 -121.964059
45.364933 -70.802648
63.622491 -162.440229
56.983479 -132.830902
36.927547 -76.043054
29.62177 -92.111787
59.574768 -139.795319
58.142849 -154.21625
66.609863 -162.09791
22.142756 -159.733457
54.70068 -132.871063
59.591899 -150.516213
66.220179 -161.145397
70.165996 -145.858297
28.667897 -96.572931
46.01133 -83.532913
57.865356 -155.097095
47.065744 -67.789761
59.830643 -153.009084
48.285504 -122.522756
66.610433 -161.665368
42.30886 -70.882764
58.290498 -135.053488
46.931486 -90.535368
28.441956 -82.674787
35.971681 -76.38192
55.920006 -133.340469
35.678634 -75.479128
48.468004 -122.526943
58.888751 -160.243771
23.055073 -161.910156
47.405066 -87.75138
41.498642 -81.958463
29.072848 -90.63924
44.819063 -66.966468
55.993379 -130.00426
55.814358 -160.930591
35.092598 -76.586931
63.306915 -171.464455
47.31852 -122.540238
54.931496 -130.950456
60.17048 -162.447904
41.536648 -82.710935
58.494946 -152.600534
39.514064 -74.27737
42.022403 -83.17089
32.58508 -114.802823
29.901413 -104.659042
56.874188 -134.141933
37.507821 -76.281043
60.42429 -146.126205
26.635375 -97.30069
28.365683 -96.794555
55.093136 -159.806305
33.477939 -118.598783
45.366556 -70.802745
48.651596 -122.49399
51.907606 179.734772
57.969223 -152.848251
56.335467 -133.839099
48.121683 -90.55929
47.652233 -122.899498
21.961099 -159.334714
48.581825 -122.939445
47.115065 -88.848176
43.95744 -69.280498
38.72443 -76.526655
55.649532 -133.599426
30.002361 -89.250534
58.273508 -136.717093
41.472682 -71.422991
45.393265 -70.825156
29.708388 -83.493728
26.350582 -97.330441
70.200384 -147.50527
48.23704 -91.903767
60.467777 -151.88298
60.425526 -146.356247
30.191561 -89.475824
60.001864 -139.053597
45.850872 -84.638428
39.508273 -75.566933
59.964076 -164.161024
41.47344 -82.186174
33.749218 -118.187701
56.42153 -134.040938
35.233839 -75.52592
56.652205 -133.722931
46.82405 -87.674345
30.35657 -88.115432
56.92738 -132.98137
59.100777 -151.708801
55.804195 -133.328171
57.375267 -135.6924
64.609219 -163.142566
57.599796 -133.162464
59.118862 -151.430878
48.288608 -92.301451
55.13024 -162.582908
29.815379 -91.919143
48.029059 -88.895069
63.393651 -162.426095
21.437752 -157.791779
29.232265 -103.777623
45.233214 -71.385629
44.193207 -68.563085
44.034184 -76.336761
19.155963 -155.917292
26.121249 -98.323828
47.352514 -68.247987
29.265958 -91.302677
48.107264 -91.676876
56.198552 -132.327944
43.557627 -70.206123
28.410389 -96.768352
60.940328 -165.172467
37.943513 -122.417371
27.783804 -82.783124
26.086459 -97.270898
45.813156 -85.603264
45.052936 -87.124701
66.073662 -163.768357
29.754304 -101.646418
56.384747 -132.412415
58.260344 -153.10241
58.163509 -154.26434
54.77961 -130.733209
60.773993 -151.252902
55.883907 -133.416214
41.329987 -71.979447
56.476671 -132.239043
28.791063 -100.532431
37.927117 -122.395071
46.44094 -84.462597
38.118561 -76.085311
45.282726 -71.263815
29.735429 -91.621512
57.884338 -135.004952
48.230328 -92.353177
55.104813 -162.424796
53.257859 -168.412851
44.990577 -74.74464
37.243764 -76.898065
45.812794 -85.377129
42.682768 -82.726366
42.359437 -82.928815
58.460662 -152.733845
37.92901 -75.704318
47.679861 -122.811929
36.564482 -121.957335
45.881512 -84.838472
44.769803 -86.073506
47.70392 -122.781682
46.78204 -90.696465
38.244445 -75.883435
66.525626 -161.483604
63.574676 -170.897581
23.726048 -166.169724
47.039739 -88.359054
55.13613 -131.077162
56.365178 -158.50204
18.449895 -65.99718
56.927269 -133.903634
44.032755 -86.508827
48.610378 -122.801918
59.384723 -153.998506
32.626388 -79.986917
48.107702 -90.12509
20.245409 -155.772734
54.952659 -131.482676
46.941304 -90.973755
18.419311 -65.788343
29.668485 -83.412768
34.681964 -76.524712
57.589071 -133.188864
46.614811 -87.464108
42.269792 -70.926336
67.02579 -162.123181
32.786948 -117.25497
46.903326 -89.249143
58.162198 -134.631434
44.353093 -68.817647
39.583248 -75.591984
46.893594 -91.036622
28.053644 -97.031457
42.105857 -80.165884
28.211548 -82.838852
44.197681 -68.459182
28.981651 -103.239109
61.259548 -150.204894
27.692829 -97.190007
45.907807 -123.96763
28.408862 -96.72255
20.60657 -156.576871
38.072312 -76.011544
47.30248 -124.25359
30.058224 -84.358923
60.740724 -151.30923
37.083942 -76.536875
44.784516 -83.295718
41.010537 -73.584988
28.189938 -96.945026
57.738677 -133.485403
30.054729 -89.372375
54.212837 -165.405377
54.794798 -130.736295
60.896057 -147.525056
29.588919 -85.036219
33.483669 -79.084588
55.879745 -133.396576
59.254177 -162.048584
60.872969 -147.253128
38.168274 -75.947534
48.575927 -122.495904
48.587833 -122.810066
29.781662 -92.035666
38.049938 -76.332812
45.860068 -86.633168
46.075375 -83.699883
46.54714 -87.375613
43.921188 -76.377945
51.609901 -178.618469
35.773577 -75.533512
55.308822 -133.233572
55.910677 -133.374571
44.122056 -68.81953
47.348521 -122.324833
43.70514 -69.838689
60.359989 -145.173843
48.547096 -123.005363
59.069491 -154.195271
57.389874 -134.527873
56.304456 -132.349149
48.461825 -122.511348
47.002327 -90.767982
59.752453 -138.584819
48.941369 -122.821631
57.120468 -153.380389
47.290496 -122.550134
24.863323 -80.711849
37.206738 -76.629868
55.09935 -160.188586
29.670536 -83.414701
27.639858 -99.596231
52.008829 177.503441
22.100388 -159.748159
29.789971 -102.377313
37.228134 -75.789929
47.345543 -122.52813
29.76993 -84.696726
38.291768 -76.84622
60.49235 -145.914403
29.452439 -104.212529
24.548906 -82.130692
58.702202 -161.056595
56.006409 -131.988281
59.229663 -151.273779
18.168055 -67.180822
57.010866 -135.325216
44.606782 -67.27916
-6.7727 39.2663
35.46071 -121.003359
58.280161 -154.103412
32.931341 -79.581687
37.865373 -76.738395
30.050685 -104.706874
61.007957 -150.501923
29.189709 -95.132413
57.821444 -135.343991
41.335396 -70.309669
56.516294 -158.129349
57.834768 -152.351152
54.947585 -130.308016
55.131371 -130.714294
18.074195 -67.186465
25.715649 -81.335037
48.256747 -92.273706
25.151185 -80.651994
55.856762 -158.749283
46.533183 -87.393985
46.845437 -88.382052
64.511908 -163.028887
37.467318 -75.665499
59.691944 -164.004288
25.139115 -80.703718
60.619587 -147.45433
18.148424 -65.766919
55.362786 -161.507657
55.943798 -133.333923
44.990219 -83.450013
29.343982 -89.32317
56.055278 -158.448413
48.066968 -91.365143
57.563888 -157.678891
44.901707 -85.488624
58.244495 -153.082507
45.116938 -85.366908
68.422406 -166.377564
43.717065 -70.006954
48.108268 -91.559272
29.433109 -102.832539
58.708637 -161.859055
57.936711 -153.052671
48.75116 -122.877892
45.182168 -83.368896
55.606106 -133.717209
60.763784 -148.525556
56.684551 -154.021805
44.036365 -83.679654
55.383946 -131.292102
62.571142 -164.868059
48.999567 -103.992467
26.70816 -82.255159
27.496696 -99.52582
53.827769 -166.21233
60.060177 -141.327211
27.582769 -82.760056
56.566197 -158.103619
37.873143 -75.349338
27.773952 -99.813086
56.042458 -156.75087
48.206013 -91.809038
55.965905 -131.245949
56.070562 -133.693765
19.485628 -155.935641
70.426835 -148.928979
57.680954 -155.577803
35.172197 -75.789655
28.187789 -82.797762
57.466597 -152.684413
55.297181 -131.678417
27.642623 -80.351717
45.958874 -84.582527
55.097096 -162.618918
31.54828 -81.260076
13.6495 144.863
19.922872 -155.149215
37.747619 -122.252226
48.019741 -122.729112
47.068684 -91.591508
41.372161 -70.035162
56.492722 -133.81282
43.617501 -86.538497
47.84676 -89.933899
45.353065 -86.867743
18.406602 -65.788003
29.245863 -90.58847
53.64204 -167.008671
51.812331 -177.21193
58.478259 -154.073032
41.819349 -86.717037
44.74357 -87.964714
65.739709 -168.898754
18.45943 -66.123188
29.268062 -91.167749
32.871321 -118.508095
48.105458 -90.477635
22.219403 -159.534594
59.941681 -148.235977
27.909619 -97.033383
34.581035 -120.645739
70.216354 -147.257248
27.958398 -82.716522
41.282724 -70.237175
41.239353 -70.001586
17.898552 -66.509525
26.10629 -98.272898
57.444788 -135.558496
51.639408 -178.004566
29.733882 -84.881777
51.700811 -177.316353
55.056732 -159.291153
44.233035 -68.92648
48.434666 -122.808464
57.786593 -133.677433
48.019156 -89.723571
29.887828 -84.57744
27.890823 -97.061462
61.079994 -165.342321
37.814278 -122.358779
56.479247 -133.428585
6.31641 -10.81318
27.822091 -97.196852
29.193668 -90.275851
41.628323 -82.842099
58.921115 -136.988412
37.889174 -76.236725
48.462624 -122.979187
29.290598 -94.933966
48.689404 -123.20723
48.610724 -93.824144
37.725486 -75.830773
55.186092 -132.95018
56.738237 -133.265608
47.831603 -89.19017
29.756355 -89.271034
58.500673 -136.100303
45.238857 -71.380158
60.942177 -151.641066
19.349291 -154.980861
47.393567 -91.131268
46.946769 -88.44857
58.042418 -153.214568
44.611056 -124.084476
26.00607 -81.762439
56.158476 -158.387607
47.920282 -122.581846
60.24432 -152.670403
58.587448 -135.876624
56.900608 -153.616348
45.885376 -84.644974
40.501299 -74.23324
55.399386 -131.798555
58.428697 -152.301713
42.71798 -82.48387
31.332315 -108.861028
44.531214 -124.076387
37.001683 -76.315008
54.132123 -165.667323
43.291816 -76.904288
51.919399 -178.090632
29.520215 -91.42713
29.073641 -89.105009
33.99771 -118.484212
18.484287 -66.584074
28.630746 -96.496595
65.749319 -168.951388
58.951097 -153.393101
43.951346 -76.123907
61.206299 -150.947155
48.55946 -122.937065
29.694319 -88.920235
37.848889 -75.992556
39.174625 -75.408266
47.26908 -122.605337
57.656745 -134.077383
46.507713 -84.343599
57.206302 -135.37758
60.543263 -151.264461
46.657799 -86.074219
55.833464 -161.898956
24.803701 -80.850866
52.998214 -168.625257
60.25189 -162.571198
24.747818 -81.298492
54.964708 -164.061164
25.135047 -80.777499
25.53264 -80.328746
54.246826 -165.55795
41.24774 -72.854055
27.803187 -82.418401
57.254233 -135.833895
29.373855 -83.200702
45.839809 -85.593811
19.920523 -155.144394
41.787364 -70.024734
43.115986 -124.434451
47.184788 -122.694153
55.112544 -159.906609
58.399884 -135.461296
24.850652 -80.745468
42.05045 -70.186816
38.629225 -76.170066
37.172817 -122.367085
38.031908 -122.939711
57.308904 -135.690372
45.050613 -83.357609
59.654955 -153.61903
55.204941 -161.903407
64.605496 -162.290571
41.707144 -81.388632
53.674439 -166.859022
60.942079 -147.038952
21.848943 -160.244943
45.107882 -71.448355
45.319628 -67.452268
58.61116 -161.550537
58.751153 -136.21366
28.179448 -100.174413
45.05673 -67.117688
35.030509 -76.073
60.827833 -146.313757
20.854476 -157.010911
-25.293055555 -57.603888888
35.4567 139.45
57.642085 -155.699986
48.359602 -92.066269
48.637573 -93.976535
44.609136 -67.428367
59.140755 -151.471802
47.860118 -122.690974
57.252357 -133.538193
20.941596 -156.345655
57.163007 -134.617521
46.742523 -69.95
55.086962 -132.039002
28.020368 -96.966759
70.825304 -154.4857
47.204945 -68.83097
51.874627 -176.217544
38.11446 -76.090872
44.863572 -87.478489
55.112122 -162.437368
29.110647 -82.799117
32.824545 -118.379968
54.980862 -133.170868
48.06677 -91.465499
59.964626 -164.12543
45.155488 -85.573893
61.303363 -165.816434
56.540446 -156.975549
59.138472 -136.863896
35.318198 -75.523952
60.727778 -151.702833
45.071304 -85.583198
55.362961 -160.344376
45.927782 -85.917238
46.858056 -90.587392
57.514972 -154.618704
59.924549 -149.351471
70.822048 -158.389269
59.570008 -139.720123
29.172958 -90.645169
29.713338 -91.880999
51.984905 -175.443314
45.210169 -85.540497
57.223168 -170.150813
27.287228 -97.621791
29.881636 -89.311462
32.497231 -114.813991
30.221132 -88.028401
44.111696 -76.363835
60.561916 -145.798813
55.096868 -130.719648
60.393888 -152.234199
47.035824 -90.573425
58.601852 -152.61613
32.597054 -117.132963
58.456338 -137.25271
56.491052 -154.232464
57.231571 -135.508347
41.637797 -71.283791
60.552418 -165.419788
57.468719 -133.916889
45.242748 -67.462081
55.811333 -133.49176
46.051472 -83.773781
31.876198 -81.041548
37.581815 -76.410781
31.132778 64.189444
39.145764 -76.278527
55.323386 -131.471976
45.967742 -85.832603
56.529295 -133.112907
28.371475 -96.403206
60.293833 -164.777233
48.545664 -93.467504
44.265046 -68.519516
56.850926 -132.080262
61.724352 -166.143757
25.539164 -80.313918
47.905058 -122.655085
51.884841 -178.220742
48.025484 -89.987293
58.909525 -137.985198
45.060272 -87.503602
60.130609 -144.226346
55.176575 -132.811569
55.667925 -133.408432
60.350666 -146.5242
33.708319 -118.297104
29.48105 -104.229081
55.892044 -133.504654
26.906846 -99.321819
58.838963 -136.493716
29.58922 -91.778496
48.265546 -92.397645
60.318233 -172.595901
61.492475 -166.108269
54.186577 -164.814163
27.020736 -82.419218
46.70319 -89.985817
60.58651 -145.844223
29.47055 -101.103699
30.977718 -81.408484
55.542423 -130.829698
41.299488 -72.248161
64.496626 -161.198029
58.94873 -152.031693
45.29123 -71.266754
54.984633 -132.143263
62.589653 -164.952271
54.895798 -132.855591
43.90108 -76.212451
27.608882 -82.570607
57.903056 -135.581326
59.983913 -147.374252
55.016956 -132.072544
24.865361 -80.729274
29.729202 -88.89006
57.494087 -152.722846
29.426536 -94.723818
47.977346 -122.551032
54.632911 -163.861206
48.260676 -124.297643
71.079149 -155.262602
41.46094 -71.40056
47.267868 -68.598657
37.077773 -76.526203
56.296468 -132.575023
47.188405 -68.874487
47.53175 -122.496773
56.556252 -132.61083
42.404291 -79.474794
29.0738 -89.256869
61.581342 -166.18185
52.051407 -175.1959
35.853433 -76.063203
45.137498 -85.564612
47.124807 -124.183833
58.214657 -136.274646
65.498524 -167.710888
60.420811 -145.502351
43.366575 -78.023609
29.794962 -102.084439
37.190098 -76.75047
51.894746 177.200423
21.03288 -156.592256
70.422917 -148.858069
66.409296 -163.856359
37.035145 -76.292863
29.058107 -100.662508
58.372477 -152.839234
60.878949 -149.111617
34.866739 -120.616325
51.588337 178.918827
51.4826 -0.1317
18.06544 -67.865598
40.623865 -74.067598
57.994508 -135.63849
30.355876 -88.601762
40.447407 -74.187787
42.457896 -70.934993
42.567849 -82.834216
56.192557 -131.943402
56.1697 -134.153663
55.124846 -162.595603
55.55574 -130.954919
58.581731 -136.194207
33.008281 -118.586928
70.116362 -143.516098
59.998235 -139.046426
39.113183 -74.892547
-0.13865 -78.46762
34.03735 -119.609239
19.397646 -154.928772
25.683283 -80.154082
55.385782 -161.34608
60.971448 -146.868826
27.856193 -99.89365
47.4948 11.1078
38.276466 -75.985815
60.083953 -142.537534
43.221859 -70.575787
58.127818 -153.167605
46.009564 -123.927891
44.284468 -68.421302
25.412244 -80.204198
41.485902 -71.252692
42.536087 -79.223195
55.470177 -130.898129
56.216248 -133.004959
37.879775 -122.311445
36.287773 -76.132005
36.423079 -75.936446
56.031395 -132.070374
57.607981 -152.40247
38.076509 -76.036676
55.810028 -131.771248
47.214531 -122.648941
19.115889 -155.526136
60.91402 -150.085166
37.872242 -122.430958
57.605367 -135.571186
54.933126 -164.43528
55.203342 -133.015608
58.955395 -152.312469
53.04491 -169.759644
38.310693 -123.051061
58.168882 -135.497911
32.32391 -114.250775
42.669732 -82.753317
57.157653 -134.613357
55.117851 -160.821381
34.817115 -76.373247
57.396215 -135.670267
45.400305 -70.825612
65.840075 -141.002465
48.62513 -122.954201
34.052093 -120.418768
59.195483 -151.521455
56.045252 -158.59562
56.640575 -157.71428
58.643147 -158.297189
43.938261 -69.421072
27.987053 -82.682414
59.415104 -153.412491
61.084059 -148.189814
58.660267 -137.683516
33.089986 -79.329909
59.292434 -135.396611
21.4043 -158.1792
63.470618 -169.974858
43.745049 -70.040768
40.457806 -74.236689
47.582439 -124.366221
46.146432 -84.089309
20.698064 -156.00187
45.32564 -67.456676
35.238487 -75.630358
29.100919 -90.249806
30.686039 -105.006801
64.517124 -161.01714
27.791603 -82.790224
61.181823 -165.307976
55.776084 -131.53984
46.027019 -84.692735
33.1592 129.723
58.640084 -153.591635
30.230274 -88.280571
58.776282 -135.022029
59.591503 -151.201678
18.381728 -65.626527
29.828855 -85.417971
37.788503 -76.723863
37.150548 -76.747632
54.499195 -164.904077
27.582837 -82.613003
42.839315 -124.564569
44.257086 -69.017051
57.841684 -152.409478
55.20444 -160.841917
48.179569 -90.817698
41.310262 -72.16158
38.323211 -76.033947
59.07214 -154.063489
70.430084 -148.667017
27.159149 -99.429984
45.005598 -72.103058
56.106644 -158.46181
47.014848 -124.016999
35.815659 -75.614361
45.001362 -74.877232
45.767593 -84.35408
46.268225 -84.115563
52.72855 174.145326
57.783942 -155.539766
30.057197 -84.289727
32.002107 -113.217308
19.510003 -155.953663
25.863761 -81.441391
60.308929 -147.671135
18.087778 -65.45681
59.202636 -151.163408
30.322497 -89.220442
21.4043 -157.7386
21.081686 -156.790815
60.349598 -146.717148
46.062758 -70.284176
37.788312 -122.50531
59.744184 -149.960371
18.378247 -67.226744
36.061494 -76.689257
29.225694 -90.286621
31.94532 35.8804
47.333321 -122.518852
38.156497 -76.684892
28.347284 -96.69456
29.153135 -83.068249
57.265542 -158.376249
32.639537 -79.975248
51.593182 178.706047
18.174066 -65.738834
55.198582 -133.199417
18.369835 -65.634431
45.361324 -67.433536
29.180094 -82.987162
45.422619 -86.810055
45.960158 -85.697203
37.704432 -76.54005
58.24912 -152.146519
41.670014 -69.933114
25.01477 -80.545971
29.486545 -104.233825
60.063299 -148.382325
35.65131 -76.04015
48.092466 -124.688602
26.86544 -99.295146
47.294768 -68.523492
43.915507 -69.423324
55.345322 -130.97699
46.359294 -70.171969
36.521861 -121.944666
48.073033 -91.302625
57.348685 -132.367984
48.457867 -122.928627
41.745756 -124.17739
46.964207 -90.740547
43.680933 -70.154503
45.016655 -83.446342
48.354617 -92.092256
42.582835 -82.788116
52.769076 -170.053443
35.277819 -120.889354
41.711008 -71.2988
39.668613 -75.514643
46.526581 -86.976958
47.43024 -69.066715
48.572079 -122.889961
59.642147 -153.418099
45.588817 -87.234612
56.404075 -154.775766
38.359477 -77.288145
45.485367 -67.503157
43.746542 -70.151833
29.296017 -103.975235
45.639969 -86.688772
48.748445 -122.666953
38.793992 -75.093654
29.925484 -89.231178
69.736025 -141.528197
43.88028 -69.483498
28.180769 -97.020827
43.94961 -82.712235
17.978989 -65.995185
52.8315 173.187952
28.13026 -82.833786
39.458646 -75.990005
55.52862 -130.877755
36.583853 -75.874145
34.028081 -120.454134
59.874458 -147.815643
54.954759 -163.429548
42.478952 -124.423084
36.901108 -76.482135
49.000253 -119.428678
39.391583 -75.523583
30.365403 -88.771742
56.058204 -133.278798
56.191887 -156.778473
57.230976 -135.601142
58.491931 -153.977617
29.117016 -90.885351
30.349307 -88.39398
43.007956 -82.422768
57.542189 -157.786046
29.369158 -94.744834
42.134406 -86.466262
55.828667 -134.282453
52.227135 -175.127319
57.483598 -135.246114
46.605923 -87.451368
54.875015 -132.621475
43.135055 -79.049467
57.033812 -134.601407
29.987739 -84.361962
57.828663 -153.406716
56.997449 -153.970876
18.14283 -65.294896
70.549675 -151.695162
55.012222 -131.388569
29.245612 -102.887902
59.007486 -158.478449
61.195418 -147.746283
27.891679 -97.108609
48.139815 -123.399808
33.310323 -118.305084
21.2646 -157.8241
37.832136 -75.487485
41.760072 -70.141533
29.211004 -90.62742
63.193004 -162.839167
55.28056 -132.098531
48.126545 -122.918159
44.337754 -68.421471
32.655178 -114.75831
46.295314 -70.214423
49.000019 -107.363582
44.242866 -68.916872
46.456747 -84.607945
55.706086 -160.134196
42.036168 -80.329976
44.492456 -67.851228
27.341307 -80.233538
59.688936 -153.378235
60.725712 -148.627397
38.812371 -76.219328
46.757488 -91.574291
18.094858 -67.843202
54.212929 -165.512782
26.456261 -97.247619
29.270442 -91.168701
48.170424 -122.582595
60.157257 -144.301544
43.974748 -69.351961
46.476315 -86.949526
45.549099 -70.687605
59.241511 -151.015013
45.691895 -86.969765
46.062576 -70.287295
55.150482 -132.598675
57.535331 -155.915261
56.320451 -132.662478
47.080006 -90.730865
28.057037 -97.137421
47.460717 -87.756739
29.051405 -90.932823
63.206592 -163.724072
48.680809 -122.673538
47.1978 -91.374191
58.813122 -135.274203
43.831298 -69.514889
28.079068 -100.046108
45.505907 -67.424242
30.313188 -104.779356
46.698564 -69.994248
46.744644 -85.289846
47.138212 -88.281701
47.206342 -67.96907
56.419387 -154.799907
48.526667 -93.580711
56.878442 -153.715263
37.615736 -122.35531
55.307623 -162.750371
36.222468 -75.945372
44.506009 -67.619211
58.46442 -135.987564
56.163697 -158.314128
55.711347 -132.237532
62.958228 -164.766117
30.090601 -84.124889
29.772301 -89.325134
29.393346 -89.487308
57.182757 -133.563776
55.815834 -159.321304
48.999585 -103.917428
59.099262 -135.377826
43.843429 -69.629685
17.94782 -67.198988
45.978132 -84.534648
26.611814 -97.324872
48.058238 -122.918602
55.23487 -132.890686
55.221783 -133.357056
41.430243 -82.334182
29.811754 -83.585899
59.220304 -151.261636
62.076873 -165.734117
57.958566 -153.270325
55.198339 -162.86152
58.940896 -156.975946
56.41646 -134.251231
28.251275 -96.651856
56.153717 -158.382849
59.689564 -163.938858
70.043958 -162.454541
28.475055 -96.244751
60.711023 -151.410273
60.068603 -143.0687
46.023148 -85.055581
29.995613 -88.840866
60.576449 -162.224748
60.538237 -152.261497
58.071521 -136.431574
27.101222 -97.49151
44.199155 -68.564275
34.050187 -120.396188
39.509419 -123.78417
35.628795 -75.729802
55.52943 -160.771433
56.941443 -156.786802
57.488691 -157.615137
58.520107 -136.017731
42.343973 -70.953022
56.02517 -158.501967
46.556489 -86.670927
28.17799 -80.589975
57.232606 -134.563983
29.309634 -94.922069
25.154522 -80.717901
26.199151 -98.442536
56.553483 -133.071828
60.049778 -142.24518
43.734555 -70.107812
56.767216 -153.924041
70.903318 -154.654375
56.291993 -134.298292
21.955153 -160.078393
55.403812 -133.054274
45.15929 -71.424004
29.299045 -100.882052
47.257698 -68.595427
55.31102 -130.763668
57.056148 -153.205384
29.70715 -91.866516
59.424124 -153.862199
27.571231 -82.612019
58.055256 -154.716162
18.494199 -66.624618
47.253852 -122.585826
46.23545 -84.182732
17.95729 -66.218081
57.290437 -135.604161
48.698556 -122.606105
60.823746 -146.639357
58.855994 -135.154089
45.531543 -70.700613
39.302108 -76.281578
44.6739 -67.322058
43.989417 -76.202548
57.856678 -134.185944
47.287561 -68.378678
29.71398 -92.974305
33.988611 -119.596877
29.476894 -91.294325
32.410659 -80.43296
45.663239 -67.73035
46.888023 -87.813226
45.749717 -70.388501
56.642687 -133.697947
54.896066 -159.212627
47.953235 -122.350741
29.196171 -90.300885
55.30566 -133.297577
39.286915 -74.553439
59.128278 -134.566689
58.261879 -136.125214
60.655163 -173.059418
27.319055 -97.649347
71.316809 -156.561512
48.714653 -94.549069
58.637404 -152.337964
56.198385 -134.653827
52.512878 173.680586
45.770565 -84.35408
34.353016 -119.42777
30.070491 -89.698496
46.873466 -90.730232
40.446607 -74.157787
25.881652 -81.471607
19.949372 -155.179939
48.737374 -94.61901
48.102825 -123.050446
53.443878 -166.863119
57.656745 -134.083927
47.350787 -68.224646
59.500083 -150.589645
44.238335 -68.551162
57.643218 -135.636834
55.514986 -160.459815
59.845058 -163.172633
55.378333 -162.512111
48.105602 -90.122603
24.651665 -81.303113
30.496739 -81.42601
27.891827 -97.135132
24.742965 -81.041797
36.441583 -75.888325
57.454546 -152.458971
38.982492 -76.277478
60.67146 -148.233358
58.597377 -153.902558
44.691295 -67.307909
57.676476 -135.699537
43.000315 -124.456918
48.530092 -93.632327
56.613245 -169.785692
66.069921 -163.540115
41.59534 -83.066593
62.852168 -164.836318
57.445743 -153.872922
55.017308 -131.378572
48.144991963 11.583352377
56.912882 -133.887734
55.394333 -133.636307
41.634578 -70.329924
27.035971 -97.469749
41.74125 -69.928652
57.623287 -152.161617
43.513437 -76.345492
34.274902 -119.290945
34.019806 -120.090182
48.99967 -101.500437
48.113725 -91.652204
18.370197 -67.260671
30.63606 -87.919346
41.646963 -69.973153
40.937597 -73.374462
58.393188 -134.77754
45.057847 -87.498863
48.238367 -92.383161
63.665494 -171.742338
47.891344 -88.911665
35.227514 -75.610101
48.999583 -106.617539
44.575062 -67.519005
41.556736 -71.384478
60.291972 -144.782521
53.388034 -167.694484
55.854257 -155.75143
52.112746 177.661607
44.649129 -87.756031
55.262829 -132.837743
29.74155 -89.428207
47.395387 -87.8567
37.521876 -75.949974
47.305025 -124.271193
66.375943 -161.360743
53.432776 -167.373527
51.67439 -177.918806
69.918988 -162.606297
60.104076 -147.890594
56.140392 -158.099213
29.774444 -101.575564
60.980968 -147.136884
48.143791 -91.698448
41.972402 -83.249204
56.374037 -132.364231
60.267902 -164.653098
46.602741 -90.306609
24.586382 -82.130096
52.864349 -169.666512
29.492343 -89.644039
48.135081 -90.788101
32.56727 -114.810517
43.742895 -87.708285
35.120042 -75.98395
46.299352 -123.970355
60.015919 -148.52627
34.894145 -120.642212
55.194064 -132.605219
17.9369 -66.931581
29.805826 -88.861267
42.207959 -70.722269
54.783459 -133.547714
55.706638 -133.49176
45.043671 -71.491085
46.368906 -70.133367
42.677787 -124.451484
48.631493 -92.954876
59.774759 -166.219022
57.649054 -154.08613
52.771511 -169.249252
60.715243 -148.257153
29.415632 -94.694158
44.39071 -68.367565
41.641046 -69.973035
45.302006 -70.812338
56.492033 -134.655174
27.671141 -97.243546
45.234513 -70.84443
51.9462 -175.747438
29.612956 -83.39948
58.244926 -136.723391
55.864747 -134.231157
57.886409 -135.58917
44.225029 -69.043599
46.670374 -90.885869
64.474864 -162.858556
30.237957 -104.713166
35.240979 -76.483514
28.068258 -82.823063
45.240178 -71.179838
63.183665 -170.124354
57.070899 -135.841819
20.587109 -156.614598
37.241385 -76.828109
17.949141 -66.116194
63.726791 -171.727986
56.055784 -132.54269
29.552189 -102.775725
29.467341 -89.833659
39.646012 -75.542045
48.999561 -103.852287
34.444641 -119.971951
29.225545 -103.755943
45.1704 -67.29591
19.151952 -155.453516
29.138355 -89.050565
37.528851 -122.111998
33.847831 -78.553944
59.472338 -151.528493
41.077381 -71.895496
45.837045 -84.725734
59.644247 -150.046984
48.249821 -122.530996
24.962811 -80.578185
43.993858 -69.05498
37.908791 -122.33453
55.402065 -133.28653
48.122481 -90.776133
29.229684 -95.022482
70.022596 -145.331553
48.532669 -93.818853
45.059565 -87.506184
56.534653 -132.562912
39.022611 -76.39778
35.767622 -75.735422
55.077923 -161.963577
40.450407 -74.142886
48.014528 -89.489226
54.859009 -131.353233
43.372538 -70.418461
55.757174 -160.765228
55.393174 -160.308921
41.577416 -70.937978
43.422378 -82.53993
45.23327 -70.878495
56.324275 -133.235354
25.398603 -80.246307
54.074267 -165.843047
44.252741 -68.572772
43.921188 -76.406471
48.59182 -123.004646
70.79523 -154.223307
60.830173 -146.57565
37.970663 -75.759091
37.852009 -76.733046
56.506096 -132.574219
29.069792 -90.636033
29.177194 -103.697314
45.938163 -67.779984
70.574935 -152.060684
40.849501 -73.806914
46.229256 -124.024305
26.3761 127.859
21.217018 -156.969064
30.246139 -88.075856
42.00455 -70.597892
61.220588 -150.848842
62.629089 -164.940308
25.766354 -81.359489
47.807727 -90.072241
35.033077 -76.35229
26.088227 -81.801663
57.789393 -134.013144
61.237557 -165.634048
46.467435 -84.463322
66.040366 -162.635985
63.160895 -168.950091
60.506802 -148.568387
41.469127 -70.56328
39.297546 -75.435551
68.579015 -166.225567
36.917293 -76.333158
54.696734 -163.094294
47.19786 -68.926421
27.257712 -97.422299
40.855825 -73.792253
26.173167 -81.81461
55.85657 -159.81107
30.030441 -89.381096
60.023781 -142.062454
46.280227 -123.782654
29.749479 -89.651237
52.715375 174.155764
47.37443 -87.965063
41.565075 -71.442567
56.566039 -157.288702
29.796028 -101.93809
55.975096 -133.798092
36.186807 -75.882987
41.481985 -71.336442
39.620288 -75.613377
56.221752 -131.868113
55.547559 -160.766237
71.04236 -155.638994
48.048791 -91.575672
57.219258 -135.862347
28.161979 -96.969416
40.335016 -124.356595
24.747259 -81.430599
43.892975 -76.133267
33.419826 -118.48875
52.176802 -174.455707
29.267729 -90.060511
26.182564 -98.404433
25.19221 -80.391909
36.127262 -75.867792
32.820593 -118.44492
55.812484 -132.076911
42.207546 -79.923924
47.037014 -90.560936
29.279237 -94.803695
27.712676 -97.316446
45.971375 -84.640915
42.689548 -82.700964
36.072065 -121.606845
37.808671 -122.470336
28.055894 -82.782724
29.84576 -89.363289
24.90893 -80.699844
48.529842 -122.919106
31.959075 -80.882814
55.834881 -160.9464
47.20292 -68.951769
60.754074 -151.851967
43.873721 -87.736017
25.856654 -81.672633
45.29812 -70.816224
37.937589 -122.48572
29.911491 -89.368019
53.465389 -167.217606
38.273935 -76.990255
43.730474 -70.109561
30.168667 -89.562825
30.242097 -88.109432
27.094186 -97.390602
45.494138 -83.978017
57.707052 -134.720351
43.042313 -87.895084
36.367796 -75.923511
55.299878 -130.909948
60.932877 -147.171624
42.092929 -124.34101
56.004951 -158.413645
43.46423 -70.380233
57.297715 -153.017643
38.60952 -76.279589
57.336798 -133.34207
24.720618 -81.028616
59.927879 -141.386221
45.975308 -84.140816
57.007424 -133.362502
44.85129 -87.550288
38.803101 -75.097197
17.968231 -66.362511
48.205022 -91.756637
47.209179 -122.64418
45.37369 -67.427243
59.020034 -135.378841
44.477165 -67.780777
24.66498 -81.49858
46.647258 -124.06905
60.06208 -141.322452
57.482016 -135.549627
41.076918 -71.86447
29.369141 -94.731047
43.097383 -124.432236
41.667735 -70.76236
58.714577 -160.381775
40.471806 -74.26759
29.305816 -91.33275
29.042259 -90.730899
56.062923 -132.469522
52.721937 -170.184564
36.910847 -75.991552
55.968934 -131.972809
30.301148 -104.761634
40.8665 -73.729575
30.024588 -84.365882
60.715244 -148.239075
58.790878 -135.248985
60.302108 -152.392009
66.592281 -164.094554
40.443201 -124.408601
32.122494 -80.789996
48.645563 -122.616956
18.451209 -66.125198
59.968054 -152.679402
52.074611 -173.033166
45.269199 -71.351666
42.029142 -87.668982
29.049631 -90.916672
31.761256 -81.077057
48.110616 -122.598301
48.921227 -122.745371
56.741943 -133.266768
46.962654 -90.946411
30.343586 -88.196353
54.93124 -164.204897
52.845477 173.421682
28.626675 -96.373439
56.597927 -135.103271
38.09487 -76.579497
39.290539 -76.266411
55.298386 -162.584872
36.96215 -122.023373
55.442173 -132.284442
29.096539 -103.05537
24.591932 -81.694235
35.123805 -120.635787
34.473405 -120.141165
48.540606 -122.722407
42.548843 -82.607068
48.014665 -89.820483
26.895114 -97.547999
29.393518 -89.816155
18.48562 -66.337728
56.719425 -133.702706
46.111069 -83.81707
45.811016 -84.50042
44.598215 -67.314938
17.978536 -66.323659
22.05867 -159.324775
41.371722 -71.483295
57.372492 -134.486023
35.830204 -75.675054
39.30291 -76.341432
60.64124 -146.268684
39.04879 -75.379873
42.323976 -124.433063
45.970901 -84.703948
26.865831 -99.316753
60.311447 -145.254745
52.289872 -174.408277
30.836336 -81.428577
24.590199 -81.748071
60.741981 -146.12039
48.078003 -88.578395
58.172546 -134.50074
28.194697 -96.943836
40.942297 -73.478365
57.265192 -156.332718
55.26759 -133.232132
44.525403 -67.648506
58.887816 -157.070584
55.597745 -130.724407
57.899688 -152.639887
43.35408 -70.426537
36.193812 -75.841222
60.174801 -152.734251
64.778907 -161.367483
29.246022 -102.881135
68.855839 -165.522358
26.3545 127.766
51.839575 -178.819459
36.204705 -75.759637
28.568028 -82.65705
18.129239 -65.777584
41.421061 -70.902763
52.926102 -168.808854
56.558015 -153.870804
46.931149 -89.201511
58.404043 -136.986384
21.459089 -157.737617
54.629028 -164.831936
53.554069 -167.962723
37.155574 -122.359791
55.45739 -133.716614
26.063258 -98.18906
48.998276 -113.864127
55.044358 -159.57764
24.556044 -82.156868
46.919259 -90.654805
55.170877 -159.953595
55.541706 -131.752808
41.626919 -70.852518
66.058129 -162.680204
29.972356 -84.432271
18.06775 -67.184589
55.265911 -131.326989
61.251245 -150.495726
47.760976 -122.719712
57.570423 -154.520055
59.920007 -165.550405
29.381569 -89.355528
53.893514 -166.619003
52.004877 179.704433
56.793787 -132.820556
48.106278 -90.211426
40.693504 -74.021721
40.888399 -73.770576
54.766341 -130.854966
51.880138 -176.169751
59.568598 -151.264811
41.2444 -70.083239
52.402647 173.3955
45.084426 -71.475286
47.155045 -122.741737
58.171199 -134.47981
55.852867 -160.947674
49.000088 -121.256933
56.49011 -158.111603
47.366266 -91.170037
20.25524 -155.890663
34.032247 -119.52177
55.851878 -132.323242
37.806656 -75.743097
48.196458 -124.090717
29.294785 -90.009678
45.685905 -87.111638
70.586754 -152.146165
56.121129 -158.575042
55.704183 -160.062812
41.158096 -73.202656
60.221586 -148.35825
59.904232 -152.745083
46.985912 -90.852539
35.696824 -121.296473
57.900164 -133.579243
48.997614 -111.761679
39.475047 -76.071975
70.42916 -148.696768
51.970693 179.773922
48.131807 -123.507235
29.066374 -90.954689
57.93663 -134.195465
20.59203 -156.288037
54.913664 -132.387494
55.115353 -160.057797
49.214284 -94.797244
51.952545 -175.991547
38.105142 -122.301804
19.690687 -154.981102
46.468057 -86.730829
38.728435 -76.529868
45.011003 -74.805421
45.14712 -83.337822
46.548137 -86.44439
30.379511 -81.397067
29.740498 -85.397871
29.049431 -90.781981
55.120153 -160.824468
59.955957 -148.787059
55.680466 -133.607162
56.222712 -133.880927
55.793768 -131.697211
45.413304 -83.721815
66.568462 -163.756074
29.224292 -90.544311
48.010398 -89.932617
32.002643 -80.841913
41.488902 -71.264793
59.058105 -135.391214
29.336591 -91.132533
41.280291 -71.980061
60.23948 -144.662364
56.61262 -132.57454
56.801246 -157.447768
61.123691 -165.344389
48.088034 -122.607291
44.804603 -87.304824
58.804712 -158.790378
46.601397 -124.06842
48.1628 -123.728736
55.409692 -160.339858
43.468617 -76.521999
37.337009 -122.401323
29.296637 -89.906586
5.33478 -3.97588
58.752935 -136.247343
46.804053 -89.831956
58.230195 -134.589562
35.105091 -75.944725
24.914311 -80.641306
67.585856 -164.079514
54.21216 -165.86514
59.138462 -154.263291
47.662182 -122.501935
47.035142 -124.141517
57.294591 -133.249688
29.786963 -91.8268
51.593723 -178.601334
54.810174 -163.352997
59.17551 -151.764908
27.794627 -99.870066
66.651217 -162.07362
43.973525 -83.26153
60.710484 -148.396114
44.022758 -68.659874
18.264989 -65.630833
48.448349 -122.848915
35.266704 -75.59796
68.332508 -166.846456
48.217811 -122.385703
48.24634 -91.977486
29.198469 -90.468773
21.2795 -157.8319
47.330681 -122.504913
44.471051 -68.2445
60.653851 -147.500015
61.144913 -165.16886
58.857093 -160.805399
54.627825 -163.670838
45.945461 -83.657661
38.241682 -76.044108
58.489222 -154.056526
44.619757 -67.377554
39.492215 -123.795639
42.058334 -87.671462
46.233868 -123.625219
45.185132 -67.257795
60.321592 -165.927956
30.343689 -88.700587
54.936882 -132.71962
41.347829 -70.783291
26.954239 -82.117171
45.705378 -85.494154
61.203637 -150.009941
25.949022 -97.156608
29.548439 -94.771053
55.80822 -158.840652
31.747809 -106.484642
44.021912 -86.501738
40.966498 -72.995931
37.804493 -75.793399
17.934651 -66.229181
46.872872 -90.622048
55.778618 -133.329361
60.003546 -149.194423
58.626004 -133.723635
70.457121 -160.48553
56.295575 -132.655513
27.242444 -97.597363
24.711993 -81.099135
55.001781 -161.864594
55.951041 -158.898116
35.345521 -76.282299
45.729523 -84.392151
48.445969 -122.897095
63.17767 -164.493118
60.689068 -147.373428
18.470435 -66.125015
37.922535 -122.39049
21.022312 -156.644167
56.72184 -133.907795
38.314932 -76.923629
57.390865 -156.377439
29.698485 -85.380303
58.125654 -136.314385
37.861817 -75.689837
56.861696 -157.378771
29.151417 -83.018212
29.327916 -83.17826
48.463013 -92.712562
70.778133 -154.127487
43.774323 -70.133029
27.902719 -97.073364
38.894514 -76.49088
64.788981 -161.667261
57.903393 -152.798308
27.635968 -99.665948
60.352375 -145.140533
41.692002 -82.812805
58.884762 -136.572266
56.274695 -132.38981
28.290287 -96.809573
42.700719 -87.786774
43.758994 -69.323569
59.49451 -150.584636
17.968259 -66.664391
55.856985 -131.911036
23.053579 -161.935745
56.505868 -133.92816
55.765599 -132.280431
45.168937 -67.299238
57.977282 -153.469421
59.814129 -151.83334
42.574695 -82.681036
59.279349 -151.407203
25.900338 -81.541183
55.025305 -163.534638
58.065114 -154.676108
46.804038 -92.062088
59.942154 -144.404327
52.601732 -170.603862
45.215348 -71.403267
38.494314 -123.202277
59.448008 -136.365825
56.676601 -132.313799
30.62204 -104.980291
29.066616 -90.7253
56.541195 -132.521271
52.75078 173.894753
44.227282 -83.549096
59.916458 -144.449066
70.825704 -158.385816
28.987497 -89.151454
70.502793 -149.728247
45.185331 -87.163169
17.943912 -66.231519
48.999991 -94.718932
55.509584 -130.979477
39.021293 -123.69074
55.042679 -162.361969
55.785096 -159.892319
54.97124 -162.569289
38.284663 -76.149876
33.307 44.1869
46.866696 -91.211112
55.77681 -159.322266
55.862453 -132.082859
38.100968 -75.86381
55.306068 -131.566677
38.437314 -123.122379
42.168658 -80.073381
41.477934 -71.417621
35.215955 -75.527676
37.170655 -76.348658
53.635344 -167.009635
44.02853 -83.425743
52.048538 -173.816999
48.59182 -122.932312
57.503927 -132.559178
47.002593 -90.465465
45.671738 -70.51947
55.065296 -159.322556
42.066431 -83.188598
55.857712 -158.805435
56.140392 -158.158234
54.822905 -130.787444
23.869291 -166.252747
45.307718 -71.073743
46.655132 -90.100695
56.534232 -132.361293
29.601344 -94.982706
48.999363 -107.441017
58.857105 -158.520327
55.797561 -131.691058
39.023073 -74.778777
58.440018 -154.07066
41.495039 -82.094169
69.593416 -163.116622
34.023988 -119.538847
52.024975 179.622283
39.058805 -76.175284
56.250583 -133.094977
58.791071 -157.429531
60.948077 -147.215273
41.04477 -72.241252
43.837673 -69.50329
55.080204 -133.029892
44.996874 -86.133655
41.448596 -71.399568
41.449332 -71.356033
48.277695 -124.342412
57.32255 -133.247903
51.937456 179.475569
51.698755 -177.540393
55.210292 -159.938576
55.031033 -159.34826
43.837453 -69.613069
42.418097 -70.936393
47.275208 -122.668571
29.792421 -102.077348
55.704794 -159.552016
60.287864 -152.411281
45.317026 -123.964169
48.473091 -92.709267
29.736123 -102.661252
55.516686 -132.416645
57.070408 -132.83222
45.092585 -87.260542
60.441277 -147.738151
39.174945 -74.905181
28.756692 -80.709725
43.238554 -79.055868
57.285995 -133.425948
44.270597 -124.109744
30.087937 -84.19853
47.238036 -68.019724
37.870151 -122.313164
48.460558 -122.695587
61.133076 -146.424254
55.310425 -130.741658
60.77266 -165.040843
54.926814 -131.233001
57.945427 -152.739746
29.276956 -90.332796
51.72941 -176.870997
59.944534 -149.331482
57.144722 -135.507751
69.352178 -163.137614
28.369511 -96.412896
42.307431 -124.410556
44.906597 -87.215977
47.526215 -90.909801
55.818983 -160.317826
29.529933 -101.260837
63.167489 -170.051062
53.001324 172.629077
56.544152 -133.672262
58.446866 -154.073592
55.108013 -131.190628
46.498542 -123.983688
60.796405 -148.450122
59.639854 -136.190352
18.212452 -65.598217
35.248938 -75.615378
55.041408 -159.509674
24.908585 -80.697098
43.816328 -69.685473
52.103641 -173.49702
57.578459 -133.505982
32.569652 -114.808929
56.825837 -132.390129
20.826036 -156.809576
56.582142 -157.250098
18.224444 -65.637565
40.611999 -74.060345
58.004679 -134.777022
61.40308 -165.921194
45.812483 -87.057439
26.279018 -98.710602
49.000188 -120.716604
29.378228 -89.336589
58.766173 -153.385126
45.778497 -84.792337
29.594734 -102.768341
62.611486 -164.796056
24.585787 -82.139618
54.850033 -132.767212
45.342267 -86.956129
55.569225 -133.413834
58.176288 -134.857221
59.219417 -151.287771
56.04995 -134.170904
58.712767 -153.477755
45.233351 -71.384917
59.076824 -135.208585
60.48873 -148.346378
44.884191 -83.312903
66.922749 -162.283941
53.242811 -168.270744
55.038672 -132.028288
45.747983 -87.052908
44.605779 -67.443686
43.016916 -70.732684
42.230999 -79.867979
52.752433 173.925271
46.945881 -91.780675
41.242351 -70.118669
25.137837 -80.669236
53.734577 -166.787318
60.086231 -148.066681
45.725952 -84.452827
64.494687 -161.155518
29.808094 -85.302591
54.969567 -130.97544
55.106194 -159.530302
58.633141 -161.521347
56.649286 -133.233684
48.705352 -94.424203
38.865638 -123.654696
55.30983 -130.680982
41.587705 -70.857239
56.965581 -156.909725
58.684116 -160.316101
29.354545 -100.972916
48.073236 -91.340159
36.165818 -121.680145
70.384775 -151.187394
39.16549 -76.274637
29.075138 -90.325514
47.544243 -122.506294
38.322137 -76.041618
47.185834 -88.729688
45.734875 -84.390366
26.380303 -98.950186
48.238774 -124.705031
40.653742 -74.087452
35.949831 -76.507491
47.477045 -87.902416
59.879219 -147.803741
55.223438 -131.462701
37.8842 127.05
28.624639 -96.099137
49.000479 -109.285975
55.299408 -131.027466
36.015644 -76.589625
58.757232 -137.87535
63.587988 -170.076689
46.884363 -87.841228
58.214932 -134.914857
57.014762 -133.308317
60.613653 -145.897785
28.648049 -96.006516
58.23035 -136.358994
60.197639 -162.453176
42.028045 -70.171008
44.162429 -68.495511
55.881299 -159.534415
43.849529 -83.425732
59.118862 -151.655502
68.498391 -141.002694
26.047992 -98.070021
47.377878 -69.053885
44.982904 -124.015243
39.345527 -75.493148
59.247625 -151.959279
25.959262 -97.168199
21.219298 -157.202125
51.371837 179.366788
57.414234 -157.99467
55.711543 -159.551432
41.939335 -83.270484
60.335398 -165.920794
38.825438 -76.250364
41.146797 -73.130253
57.431154 -135.611786
38.350233 -76.238611
43.401262 -70.401666
55.552973 -132.524315
41.035619 -72.183266
54.281838 -165.479981
26.90197 -97.391649
48.140056 -122.759046
46.479059 -86.946218
66.955794 -161.685775
43.740531 -69.858947
58.199218 -135.995402
57.310058 -133.238385
36.096923 -76.698607
26.292821 -97.347489
41.206397 -73.020449
45.264738 -71.362245
63.217187 -162.758741
56.583651 -157.146636
47.999516 -89.834049
52.214764 -175.135895
28.957504 -89.412388
55.377553 -131.732441
58.328994 -136.848992
29.110657 -100.684472
48.108861 -91.663092
29.785176 -84.893992
59.939142 -162.828585
29.809221 -104.594023
57.531551 -136.021283
55.45854 -133.120899
47.003915 -124.005248
45.970822 -84.080071
42.771686 -87.77134
37.551295 -76.302762
48.236747 -91.920802
51.872463 -176.311573
29.625215 -85.097082
27.380517 -99.492144
45.41596 -67.458495
57.44272 -135.562234
29.412764 -104.18007
28.644487 -96.615679
41.127896 -73.286759
55.796904 -131.522589
45.061117 -87.500105
44.032993 -76.376617
32.325656 -80.714601
28.101141 -100.055596
25.007337 -80.543254
35.000421 -76.539719
57.846766 -133.631303
66.664048 -162.07801
43.957929 -69.42876
48.347901 -92.045734
28.116524 -97.054616
56.804291 -157.457622
26.289687 -98.711233
40.453245 -74.131135
47.398652 -87.765019
27.878098 -82.481763
59.26792 -150.887821
46.681083 -85.794923
59.645989 -151.203186
69.964362 -144.966761
27.672933 -82.537146
33.7986 42.4391
46.608322 -90.93868
48.999531 -101.225915
40.648101 -74.075884
45.358167 -83.538306
58.380161 -136.041818
48.158551 -88.459697
58.827187 -137.927624
56.040141 -130.035943
27.119218 -99.43337
52.401165 173.559891
46.692267 -90.73726
70.155612 -147.161601
44.053814 -76.357582
30.46479 -104.866119
59.751346 -151.172439
39.313384 -75.439027
51.889748 -176.111452
55.606158 -161.612926
29.749125 -93.088182
41.524468 -71.392137
39.447808 -75.976601
18.462022 -66.083254
54.827928 -162.321094
41.577127 -71.285142
48.999078 -101.125434
52.1304 -174.052296
48.253294 -124.217873
41.450802 -71.351096
68.269181 -166.220423
41.479594 -71.275324
18.487659 -66.83694
57.115537 -133.272887
47.287551 -68.578551
48.580875 -122.933258
60.40778 -146.350098
59.033366 -135.382641
28.417334 -96.341617
56.519697 -133.142482
30.741979 -81.45947
27.259989 -99.480688
51.927089 -176.810433
41.47756 -71.316519
47.118489 -91.506998
21.560181 -157.878601
37.812664 -76.275178
61.678696 -141.002052
29.446954 -91.258226
25.128453 -80.439403
55.09211 -130.77735
47.746036 -122.758498
44.045046 -82.875889
51.68051 -177.275121
37.500133 -75.958966
26.166016 -98.345781
59.974041 -147.901901
41.029497 -73.516766
48.10294 -91.214428
59.596986 -151.274795
45.585305 -84.157121
44.460686 -87.498662
41.737058 -83.43436
29.678768 -94.867438
19.855399 -155.086341
47.963155 -122.446682
47.50222 -122.386637
18.364951 -65.655716
40.576304 -74.208988
45.617126 -86.69239
48.353865 -92.083513
37.862934 -122.308352
55.300346 -133.68866
47.997422 -89.842709
58.997969 -158.529845
48.616089 -122.864731
45.34646 -83.514717
55.55096 -132.301119
60.695004 -151.404451
48.651846 -122.635299
57.890615 -153.721176
43.442032 -70.349684
57.807406 -133.904874
54.063907 -165.324415
45.022811 -86.101894
45.209783 -87.121609
55.511368 -131.768265
36.404344 -121.914378
18.487396 -67.164144
63.770791 -171.643963
45.294982 -71.279219
60.961063 -147.278004
38.234215 -76.151035
47.874081 -122.573098
54.95648 -130.95224
58.090921 -154.340449
59.47954 -150.579595
48.057006 -88.816084
26.704136 -82.151668
46.678862 -85.624573
41.400242 -70.506984
56.283023 -132.36542
48.524778 -93.812149
30.041152 -83.933668
42.551495 -70.823291
58.946305 -160.317353
55.79155 -131.586239
56.779201 -135.398678
46.554419 -85.029594
21.096632 -157.143483
51.596671 -177.909185
36.964047 -76.418969
55.036744 -159.373958
44.299201 -68.682979
45.361506 -85.043101
58.922178 -136.629426
41.121957 -124.159065
59.486778 -150.516286
46.024811 -83.746872
59.832586 -139.801197
41.598569 -70.823735
59.370132 -150.613297
60.963312 -147.070552
55.845683 -131.844411
54.992611 -131.498169
26.509549 -80.050363
46.102298 -70.272689
46.209662 -123.982149
47.343144 -68.378616
48.182699 -90.819304
42.693622 -70.778671
27.347612 -97.326523
56.838345 -157.073453
55.366336 -133.021557
48.998554 -102.211301
32.50426 -114.813753
56.911717 -156.79731
29.06723 -90.665589
57.742376 -134.921604
46.969971 -90.789719
35.693993 -75.713502
54.818672 -133.547714
41.507699 -71.330694
20.952708 -156.69411
57.322668 -152.630441
45.262287 -71.119914
29.562782 -94.755237
60.225765 -167.081935
66.723764 -162.041314
55.797975 -159.99986
54.976378 -159.330164
35.818639 -75.63898
57.036596 -156.726607
59.815631 -153.113586
48.034457 -122.376259
21.582684 -158.254425
29.962326 -88.838715
36.284674 -75.864933
35.362853 -75.51261
58.145099 -153.262643
26.052688 -97.93542
56.665593 -132.281464
43.664022 -83.897078
38.252181 -76.074897
52.858884 -169.975345
45.836495 -86.545602
29.07866 -89.225865
25.041436 -80.501326
41.547761 -124.081987
59.809856 -144.563278
55.606149 -160.356913
57.851351 -133.568231
48.999049 -99.91378
44.684114 -67.148061
19.556797 -154.875
41.600441 -70.93
32.852647 -117.26067
58.380673 -135.467119
69.695144 -141.43084
57.996354 -133.759309
68.790437 -166.190209
38.299829 -76.821569
35.525889 -75.487528
54.835539 -131.965904
30.064943 -83.95968
56.224699 -158.341331
45.155267 -67.296979
63.14454 -170.006196
56.680729 -132.467904
37.31782 -76.018645
47.9533 -88.899184
51.817217 -176.790163
47.286065 -68.460064
43.562149 -70.219784
61.072056 -147.502323
26.676043 -80.035763
56.003592 -134.126903
62.797774 -164.877773
48.602764 -122.79763
44.564354 -67.533279
48.528881 -93.587957
55.038745 -159.638905
56.715008 -154.021805
52.10488 -174.218469
19.132501 -155.51474
41.646035 -87.42984
26.470176 -97.43553
47.828616 -89.124134
59.828034 -164.079837
42.808629 -82.482045
57.06983 -153.675981
52.733786 174.13315
34.059256 -120.354982
60.034004 -147.93045
39.357208 -76.323679
60.731857 -148.368529
33.972225 -119.69011
37.925825 -122.736898
56.80361 -132.903211
46.187674 -123.866643
48.087561 -122.801399
59.462326 -150.516317
26.93888 -97.555378
41.561953 -70.00153
55.381521 -160.797147
37.268971 -76.023664
55.35907 -161.460392
59.39082 -153.996261
18.439562 -67.156619
18.472347 -66.291225
41.144686 -124.1438
48.038711 -122.51145
36.750239 -121.805643
51.772019 -176.273792
45.250457 -71.2118
51.712086 -177.827524
48.231404 -92.349177
44.062187 -82.947368
39.567616 -75.511932
44.954317 -85.942099
51.950655 -175.747836
55.856392 -131.824188
51.975969 -175.726245
48.168181 -88.501088
44.426594 -68.432556
38.234401 -76.673462
59.519563 -150.213546
41.251297 -72.685539
27.774087 -82.433981
56.604549 -132.500153
38.92825 -76.250868
47.52482 -122.393938
25.271965 -80.393438
27.169308 -80.153375
63.184131 -168.783239
56.597728 -135.118709
70.974056 -155.192246
38.011965 -75.875297
39.559852 -123.76721
37.001378 -76.304272
45.048167 -124.004668
42.384721 -87.80537
60.39925 -152.014328
48.087081 -122.69222
21.327986 -157.967971
29.637232 -84.932592
47.151243 -67.919767
55.957969 -160.861717
47.510078 -122.468559
58.374962 -135.602264
47.269707 -122.429605
57.860654 -133.610178
56.285456 -132.582033
44.38144 -68.868444
65.742714 -168.94076
45.582504 -86.661285
48.454891 -122.91851
42.946857 -78.918859
48.007421 -89.667128
25.50773 -80.188778
18.093749 -65.426311
48.013775 -89.804926
45.480877 -70.707945
60.460641 -152.333375
41.51444 -81.994565
26.348547 -97.369372
30.9844 35.0735
48.158713 -123.71835
56.526321 -132.439774
57.894753 -134.213547
51.785498 -176.268243
36.317806 -121.894714
60.396397 -151.97435
45.062223 -85.96059
60.214722 -147.321899
52.032293 -174.783189
48.460243 -122.82869
30.608107 -104.967167
56.89998 -135.347244
32.645996 -114.763512
19.276099 -155.1337
46.081326 -83.719513
29.375642 -94.783131
28.980952 -103.249155
58.599982 -137.632889
44.369145 -68.184532
47.233788 -122.856171
44.067596 -69.067876
30.324679 -88.171967
58.29707 -136.389964
53.648607 -167.017863
57.85055 -134.098628
26.452058 -82.013913
55.553725 -130.815421
25.406313 -80.226142
36.263902 -76.149486
21.089015 -157.02617
41.330941 -71.868235
37.475352 -75.963496
70.559345 -152.02607
29.173344 -100.775905
27.872577 -97.360302
59.677666 -163.940643
70.894584 -153.774169
39.479186 -75.593068
55.965251 -131.311412
26.042763 -97.779191
29.170934 -103.660203
19.146964 -155.465663
37.216002 -76.641085
52.773525 -170.061868
17.965635 -66.80827
56.431796 -133.869729
29.799217 -91.978381
30.228847 -88.665857
31.751757 -112.39942
30.044175 -83.931879
39.031663 -76.178281
19.858928 -155.925843
30.546317 -88.081617
37.921881 -122.493574
48.999928 -117.268192
49.320987 -94.816222
19.537626 -154.826732
31.743988 -112.375758
29.847092 -88.826538
41.27846 -72.327595
48.831778 -94.701968
55.844387 -159.183304
29.920949 -85.38473
20.623605 -156.142665
29.561012 -91.709206
55.041211 -131.356314
26.774279 -82.241935
46.102211 -83.625557
57.31345 -133.833191
56.771095 -133.233331
29.735472 -89.560181
25.888808 -81.584519
60.880198 -147.321084
55.241894 -131.395294
39.018518 -76.231765
63.634367 -162.401203
55.875488 -131.689041
37.78383 -122.33079
60.002594 -149.185857
57.497048 -152.825515
38.165373 -76.545335
37.910427 -122.471975
43.89852 -83.333532
48.490582 -123.118385
55.870405 -160.790333
60.000214 -144.367203
21.912422 -160.202716
63.985943 -160.892455
56.131315 -158.338304
28.585166 -80.574868
58.016586 -154.825051
48.161927 -90.776279
61.115944 -147.529276
47.250033 -69.439198
30.368795 -89.353248
55.558363 -131.660598
29.95878 -89.727933
55.770468 -162.082856
55.224043 -162.84014
54.001264 -166.619754
29.68271 -85.184776
56.988215 -135.821915
38.321088 -76.929554
29.227532 -90.46832
54.066629 -165.044322
55.936286 -133.864099
21.437679 -157.789734
44.446571 -68.126358
44.911773 -85.406173
55.884502 -133.399551
44.156848 -86.400645
59.062677 -153.932824
35.916166 -75.662938
59.964523 -148.195999
58.513929 -135.893152
63.540601 -162.614949
37.013846 -76.318065
59.782209 -138.630953
60.610936 -145.856046
57.177929 -135.785583
58.554398 -134.898895
45.109001 -71.448678
43.740931 -83.459628
58.337093 -134.009628
41.086299 -73.400154
39.001262 -74.955363
31.026718 -81.415123
36.006167 -76.575936
31.722692 -81.130634
29.962388 -84.433646
28.975124 -89.151454
48.351836 -92.469948
41.501952 -71.363292
42.301522 -87.834769
46.997239 -88.987197
45.831718 -87.00508
55.478588 -161.471468
57.177776 -133.517197
29.91518 -81.288955
35.666711 -121.272322
43.658795 -86.538482
44.602631 -67.398987
46.636127 -90.770192
57.997568 -135.581753
26.989809 -97.469749
24.76124 -80.984275
59.118462 -154.256528
41.080517 -71.919385
20.038517 -155.33021
46.686439 -91.973389
60.761187 -146.535182
57.063281 -134.033979
55.015597 -130.232294
44.813575 -87.637104
55.823231 -133.601212
48.114137 -91.653261
58.004516 -153.097462
59.177825 -135.342254
41.290171 -70.20869
58.94302 -152.154465
43.369235 -87.877448
70.077465 -145.522384
56.52564 -154.361378
55.688974 -130.965994
21.089751 -156.775995
46.908352 -91.871286
30.343299 -88.536214
38.274214 -76.981372
33.448261 -118.575901
21.005082 -156.546291
18.207136 -65.664127
47.043556 -90.68705
44.948077 -87.188375
60.171535 -144.289169
29.698542 -83.483567
48.175466 -88.491961
42.272505 -70.948971
55.684032 -133.579208
41.301528 -70.273478
55.901147 -131.156834
44.778555 -87.926816
59.543411 -153.76148
46.462978 -124.026032
28.484434 -82.665055
40.8568 -73.726675
54.87648 -159.236066
41.316838 -72.021898
39.962458 -123.980031
67.060748 -163.299266
46.037197 -83.543365
48.18866 -90.834166
27.351351 -97.483877
57.281164 -156.507301
44.456881 -67.868875
37.434116 -75.981624
42.814175 -124.536073
40.962466 -72.913834
46.616066 -90.829031
35.856331 -75.616833
56.5412 -134.671047
46.224995 -84.14595
60.306961 -148.211194
60.665276 -147.308701
54.68581 -132.796097
46.274599 -123.775054
24.704286 -81.469275
21.181376 -157.254709
31.072781 -81.401267
44.400984 -86.251926
23.854198 -166.216766
36.384721 -75.852523
38.911513 -76.46948
25.932257 -97.559364
39.190238 -74.962382
30.114323 -84.205589
64.86197 -161.264283
58.397067 -135.728054
48.525681 -122.787643
48.106076 -90.471019
47.821373 -90.01373
46.057019 -70.278334
31.683491 -81.135608
38.727062 -76.52718
45.702268 -84.555496
56.575467 -133.691998
61.82772 -165.74709
41.658345 -70.639003
55.96264 -133.588493
38.451233 -76.455799
47.108121 -91.518793
57.638107 -136.207876
40.881099 -73.766276
29.390628 -89.42238
58.601311 -159.960144
56.932926 -153.671317
56.533637 -153.887678
29.924659 -104.679772
41.058292 -72.086975
28.392746 -178.333344
58.63347 -158.273036
59.337421 -139.271031
59.333015 -150.772247
58.321864 -134.088626
55.094888 -159.86858
48.999687 -114.224912
55.609521 -130.942595
48.573893 -122.73944
27.873501 -82.61002
59.836688 -164.115117
54.623211 -163.572383
46.697451 -85.027513
47.206743 -91.357803
18.321059 -65.235972
44.921107 -85.625497
37.772848 -76.593835
19.266156 -155.187427
47.226429 -122.673927
46.915461 -90.549104
40.11635 -124.139952
58.145473 -135.411777
28.457194 -82.680396
57.022411 -135.635347
45.724697 -85.69529
-25.950143 32.613759
29.779825 -91.831559
57.239899 -135.570804
27.03481 -97.486676
47.293503 -88.50078
24.71128 -81.105287
29.027472 -89.350853
44.838384 -87.610063
45.672761 -86.964275
59.387138 -154.05215
29.876117 -84.603303
37.966828 -76.416299
39.011311 -76.39408
17.970799 -67.003972
17.982109 -66.709856
32.542457 -117.026358
41.422378 -70.866946
55.553162 -133.447144
56.605141 -132.472198
42.398237 -82.888413
41.252797 -72.903045
18.223473 -65.605809
48.591709 -123.076149
29.847104 -84.647958
37.920225 -122.732898
48.696381 -94.260541
41.579038 -70.948797
36.195146 -121.717176
21.327391 -157.898969
64.378649 -161.531909
39.008961 -76.323557
52.097238 -174.365667
59.318954 -135.367479
17.983464 -67.215271
71.11205 -155.150524
55.114076 -160.109925
70.103127 -143.327114
58.851984 -137.082118
29.06126 -89.320396
60.501821 -145.863092
48.465599 -122.945282
44.665483 -67.37905
44.484039 -67.80484
27.450588 -97.36581
49.000397 -109.384762
44.501682 -86.238743
55.19448 -160.002155
56.565543 -131.495949
48.204491 -91.742313
47.635122 -122.493205
58.287495 -152.982356
30.563258 -88.085493
48.462029 -122.958961
51.663618 -178.086304
37.908136 -122.385908
59.467061 -151.542349
32.269501 -80.738872
55.867549 -160.550343
39.177908 -76.525785
35.610248 -75.747225
27.996278 -82.81906
44.029392 -76.23015
48.999637 -105.775808
71.127572 -155.085782
60.340579 -147.639474
35.338776 -76.14291
48.703178 -122.848549
18.489129 -66.957733
19.065 72.86861111
58.944188 -136.798368
44.895876 -86.07099
29.929085 -84.451705
66.749751 -162.50052
63.385975 -170.712572
63.470171 -161.5005
48.660347 -122.741478
65.236178 -166.451711
56.439511 -132.819256
25.078904 -80.460652
25.141301 -80.915924
45.305476 -71.085564
60.759975 -148.160065
38.621953 -123.379303
57.75317 -152.307632
19.62425 -154.947874
44.973035 -87.661964
38.391799 -77.136728
64.982353 -168.049164
57.819644 -155.341235
55.808801 -130.929508
56.896901 -132.81789
35.294936 -76.472273
19.726193 -155.079426
57.612428 -152.38714
47.972997 -122.521219
47.599113 -122.339513
59.111248 -151.440399
42.634898 -70.605611
29.227347 -89.121949
39.483945 -74.308344
45.661225 -85.001154
23.864462 -166.292633
47.985983 -122.543063
29.717123 -104.552241
35.033085 -120.63357
58.690026 -134.93161
65.754341 -167.857216
27.983245 -82.60865
49.4131 7.57021
38.341915 -77.17934
33.31533 -118.360332
38.256486 -76.96215
28.562353 -80.567361
20.736676 -156.458438
63.954409 -160.851979
29.776608 -102.433301
48.672722 -122.908989
70.885905 -155.485915
45.060067 -87.50428
19.187858 -155.417369
66.959799 -161.688506
48.998909 -113.19474
48.309839 -92.437825
60.184833 -164.494317
55.155354 -131.565677
39.006375 -76.322296
39.759538 -74.09892
64.680581 -160.78357
48.599522 -122.425271
55.466908 -133.732086
44.720196 -87.983494
56.846894 -153.800935
57.016075 -134.610382
46.831859 -89.569808
42.588501 -82.788612
45.746246 -85.497656
37.193503 -76.389284
61.551249 -165.981879
66.961367 -161.68628
46.485776 -86.646393
45.210742 -85.551072
56.997301 -135.772432
46.172485 -70.273594
57.239899 -135.39711
58.797736 -159.450831
47.356095 -68.300718
26.715242 -80.032862
42.637693 -86.22905
61.476446 -165.748503
56.334963 -133.975809
57.408048 -135.892131
56.773178 -133.687722
53.698248 -166.265182
35.991951 -76.679657
46.103779 -83.987885
29.524337 -104.308813
47.853774 -89.235552
38.009119 -122.981776
45.3055 -87.437257
49.001158 -121.2299
20.913407 -157.05913
56.616745 -154.113397
41.400005 -82.55808
55.076957 -160.146093
38.751901 -76.341302
60.20587 -166.93797
56.077214 -160.488708
45.821724 -84.589645
38.615661 -76.271827
45.97953 -83.898594
41.993895 -70.639137
60.507573 -148.250132
57.606311 -152.461018
29.548546 -102.771429
33.912261 -77.946568
44.8679 -75.228635
60.717916 -151.916914
60.170546 -164.498556
45.089124 -87.048213
55.747089 -133.259762
53.983695 -166.599947
52.101415 -174.927549
56.494165 -154.571701
59.899813 -165.722458
48.662594 -123.200356
52.730286 174.021702
68.113327 -165.888488
56.512046 -154.3474
34.634489 -120.625127
55.508443 -132.188771
53.029915 -168.578895
47.079372 -88.346709
42.060479 -70.238875
61.310063 -165.787442
29.792063 -83.581903
44.78311 -75.372347
51.959209 -175.824982
20.916011 -156.493263
46.885732 -91.186561
58.470375 -135.997418
57.28411 -154.691855
17.943727 -66.179548
47.797454 -124.482154
57.616567 -136.106796
32.559681 -80.162327
59.772274 -150.042854
38.302246 -123.052021
18.199975 -65.635281
34.531291 -120.524776
24.654609 -81.505585
41.867849 -83.359467
61.281487 -150.56167
45.287033 -71.314318
28.236177 -100.251634
25.253891 -80.333787
44.720623 -86.172201
59.408443 -153.453415
48.618469 -122.977516
53.492411 -167.788066
34.043383 -118.938081
60.335243 -145.11293
48.521876 -93.612844
57.90433 -155.061806
32.895424 -118.446771
59.813719 -138.662769
27.954048 -96.985745
55.966594 -133.355535
43.47535 -76.486962
41.546486 -82.794324
48.135249 -122.602109
55.949343 -133.501872
60.936331 -148.265584
52.025385 -175.999044
51.917919 -177.963723
46.713754 -85.369805
45.755405 -67.806308
48.111698 -91.687623
43.070314 -70.673114
31.560058 -81.183252
25.721473 -81.346078
60.628155 -147.384842
48.001945 -89.842629
39.535278 -75.527676
38.119264 -76.469798
45.782524 -86.428946
54.490859 -162.827621
31.098322 -105.64189
59.810027 -152.992126
54.739341 -130.62807
58.173851 -134.462633
60.282181 -148.023972
46.985855 -90.982101
21.4403 -157.8139
24.885759 -80.691761
57.562808 -153.970876
57.32866 -134.951267
59.551475 -153.585406
30.525848 -87.911141
46.860035 -91.232733
39.34658 -75.494122
47.383934 -69.046448
30.38947 -88.341345
60.055299 -148.139251
44.88322 -75.188283
30.821369 -81.44013
42.980201 -70.764567
48.087096 -124.695114
59.701316 -153.441214
55.130618 -131.543977
60.32125 -166.608896
58.472188 -154.075051
60.101071 -152.596784
30.327184 -88.155775
61.832901 -165.736904
69.761695 -141.606229
38.117868 -76.043423
59.827942 -144.576599
68.348136 -166.811836
41.597984 -71.307381
57.276517 -154.740161
59.668994 -149.933721
32.688851 -117.196767
57.07208 -153.365239
60.534286 -172.90332
18.014916 -65.832429
60.14893 -152.63298
42.446166 -70.96047
51.276781 -179.14734
29.799865 -85.413983
32.531114 -80.246361
54.294219 -165.605225
29.756625 -92.143863
52.879301 -169.856722
56.744861 -153.97178
27.764374 -99.825793
46.707507 -123.987521
48.534603 -122.851883
60.550053 -145.820663
25.157207 -80.795097
60.115799 -152.634972
55.014023 -163.148615
45.778242 -86.583391
47.040429 -91.637164
45.75423 -86.504216
41.478891 -71.354315
56.782025 -133.867616
31.94127 -80.972392
60.987009 -146.701356
44.768199 -67.02615
57.979222 -133.706961
27.824126 -97.187183
63.447313 -161.839897
38.92379 -76.248023
30.393798 -88.922031
41.397728 -70.729225
42.254166 -86.356218
56.783298 -154.125431
43.860676 -69.322731
38.115534 -76.469738
66.855031 -162.624945
54.029533 -165.559418
47.296337 -68.504006
23.781967 -166.211899
59.222231 -151.341601
27.259493 -97.458431
54.78928 -159.510056
48.135788 -90.790312
45.426706 -70.798028
48.196412 -91.78614
41.622236 -87.287637
70.220161 -147.18396
47.073299 -90.590088
35.160459 -120.756086
40.815597 -73.797332
55.112179 -131.207291
19.855183 -155.964817
46.525599 -87.029892
56.177207 -131.935728
29.289194 -83.146445
47.289306 -122.799025
48.278118 -92.295668
59.930258 -148.82513
42.783958 -78.853455
51.657411 -176.984489
58.372963 -134.692474
29.768378 -83.578955
57.008373 -153.348707
44.335692 -68.067047
47.982366 -124.67083
44.309872 -68.919301
57.294074 -135.600688
37.89341 -122.448413
59.625706 -153.308837
19.468081 -155.925166
45.173385 -85.536892
60.944263 -146.929789
35.15971 -120.760492
48.087384 -122.379481
62.609083 -164.777244
60.0587 -149.04929
32.713071 -114.722746
45.399829 -87.359512
51.79852 -177.238175
48.638931 -122.981804
25.518999 -80.179288
45.556616 -84.126532
51.912539 -178.061147
63.435797 -162.384625
39.2457 -75.191863
48.523026 -122.552795
29.188449 -90.435907
34.290576 -119.337475
41.637829 -70.652614
30.749504 -105.123265
52.359728 175.966521
45.953182 -83.846436
56.087583 -158.472706
45.651564 -85.015341
55.512522 -132.408317
60.861635 -147.192354
55.89682 -159.453945
55.792909 -159.434787
57.824444 -152.324284
48.613378 -93.35324
47.47942 -87.978934
29.286497 -89.92411
20.246395 -155.783242
45.139659 -71.435795
55.750961 -159.673191
46.755666 -91.551408
37.55717 -75.60672
45.093023 -71.464837
47.416649 -87.65052
55.305515 -131.038727
48.716207 -94.555835
44.529693 -87.943801
28.947434 -89.383814
48.152701 -91.708523
60.966947 -149.816817
55.35362 -160.524665
44.065774 -82.958688
43.700658 -70.135563
61.550618 -166.165232
48.053432 -122.770559
42.436248 -70.943295
55.871522 -159.374842
27.859731 -80.447179
38.07717 -76.005904
47.167109 -122.771619
42.464896 -70.887292
43.502172 -124.255609
28.133236 -96.874972
29.463536 -89.832898
44.192808 -87.512903
29.418262 -102.827355
29.053247 -90.750092
28.620059 -96.376492
28.21841 -96.686816
52.863266 -169.054243
36.425788 -75.923601
42.26827 -70.851093
51.936713 177.610618
18.385208 -65.750455
38.982811 -76.448981
40.566463 -74.090797
22.028978 -159.341401
53.991463 -166.191406
60.524886 -148.419908
56.665222 -132.45079
47.271921 -68.082896
32.287024 -80.539429
57.76311 -153.551088
66.70977 -162.228635
56.358378 -133.060361
47.45561 -69.181951
51.966651 -175.655056
45.237724 -71.443365
29.247776 -91.278792
29.473769 -94.645948
55.59596 -130.723217
41.425708 -70.906011
48.154796 -123.866677
59.472926 -150.390578
60.65897 -173.11557
29.264777 -90.316093
58.21136 -157.423325
55.996237 -160.86325
43.49604 -70.384885
52.501514 -171.3075
24.864644 -80.719976
52.831161 -170.012487
60.417656 -146.284195
27.866867 -97.417409
36.226432 -75.793286
38.389466 -75.06137
53.252024 -168.366519
44.19592 -69.05181
24.656774 -81.298028
38.161887 -75.951273
21.431236 -157.772209
59.835197 -147.912018
55.255585 -161.529755
36.123424 -76.178946
60.747706 -147.957239
60.718052 -151.705553
68.613771 -166.229761
24.575079 -82.099762
29.018123 -103.101608
58.819787 -137.931565
37.091 127.031
38.933413 -74.967274
60.674501 -151.387839
59.391312 -153.560013
42.511228 -79.283364
26.54085 -82.111996
31.537596 -81.199518
28.15174 -97.027014
19.230147 -155.90491
47.423976 -69.082508
48.894732 -122.792584
43.323561 -77.714129
38.439767 -76.301488
60.388167 -147.681888
19.261295 -155.19626
58.478848 -134.925659
35.933509 -76.667547
31.401667 64.258889
55.952318 -133.503062
35.149927 -76.536346
60.714767 -147.362
59.164909 -136.581521
25.468587 -80.184033
18.998833 -155.596032
57.147312 -135.565707
44.162702 -68.716474
19.826656 -155.088979
48.659988 -122.583824
43.270692 -76.952174
42.639958 -79.073261
41.98972 -70.011898
40.455607 -74.174787
58.817139 -157.008226
34.015012 -119.421376
41.661682 -82.808587
26.120321 -98.296195
60.154404 -144.399567
18.006597 -65.870335
38.3962 -77.056032
52.043001 -174.885554
54.78262 -130.732201
44.443317 -68.460003
60.376652 -146.152664
27.924505 -175.73494
60.151285 -165.702411
18.422261 -65.789932
45.666715 -70.541415
44.884788 -86.072468
39.718128 -123.824744
29.697052 -92.149349
48.235383 -92.336831
20.565574 -156.651567
53.513896 -167.786387
42.554041 -82.583996
30.334926 -104.809794
41.444995 -71.433612
60.401003 -166.174906
46.223514 -124.010344
28.437795 -96.335119
66.631585 -162.033156
44.655515 -67.192068
66.731581 -162.422414
37.575484 -122.305895
53.021258 -169.663576
47.036419 -90.636482
57.996475 -134.087572
45.009132 -74.799434
48.14324 -122.760447
29.771063 -101.625958
38.192048 -76.361877
17.959102 -66.916127
29.12147 -90.700893
27.542514 -97.266474
56.747459 -133.261381
58.818416 -136.431055
48.999469 -101.216182
27.84989 -97.361247
32.934526 -79.574951
59.014149 -158.434667
44.411848 -67.931453
35.985238 -75.671801
55.802258 -131.544004
29.313441 -94.927304
51.381311 -178.992094
55.32815 -131.041938
36.212725 -76.744436
59.837459 -149.77858
29.391785 -89.380001
45.746608 -86.486028
45.274195 -83.385104
60.813887 -147.743256
57.109863 -134.634565
66.045062 -162.530755
54.78928 -159.591919
45.911684 -67.755701
48.170775 -91.705318
31.783599 -107.422495
44.402847 -68.560964
59.242722 -135.429601
13.52575 2.07356
44.372486 -83.333757
48.070588 -91.328738
38.899614 -76.49388
45.493189 -83.939261
33.237955 -79.180563
38.170792 -75.94728
18.063116 -67.918778
59.960715 -149.043089
21.3585 -157.7106
48.067188 -90.015057
36.201097 -75.775814
27.32673 -97.36232
28.19651 -100.212105
44.131695 -87.600882
42.597518 -124.400918
55.562527 -131.724243
56.665888 -134.619799
47.315619 -122.571239
46.53371 -86.62738
70.563215 -151.975785
48.443889 -92.687998
45.275306 -71.333965
57.441514 -152.326134
26.944217 -99.388253
39.606832 -75.613473
47.277588 -122.663811
41.602499 -124.100961
29.549612 -94.479899
48.139225 -88.656915
24.65375 -81.281778
39.191253 -74.998002
55.542896 -131.791473
56.353983 -132.441839
18.444632 -66.127938
54.706036 -132.875809
47.985419 -89.873286
17.975896 -66.024
48.605149 -93.383807
58.870608 -136.76793
28.481116 -100.365982
47.765965 -122.471402
48.129902 -90.789919
41.151718 -71.551953
48.1634 -123.706226
29.592512 -101.242023
57.242874 -135.491684
41.255458 -72.034958
42.736806 -124.514669
51.957211 -176.789558
29.762368 -85.395528
55.040871 -163.527109
58.93235 -136.861603
55.114897 -132.561819
55.124537 -130.152912
29.739218 -81.240924
41.625742 -70.26913
38.175673 -76.547333
65.338155 -166.572735
29.697557 -85.31139
70.059136 -145.469508
58.397095 -158.830598
46.55191 -123.903321
60.347854 -148.134373
37.978823 -122.456595
48.465554 -122.515056
45.435287 -83.841543
44.135434 -68.819659
54.899026 -163.319161
38.374554 -77.011827
56.604549 -132.400223
21.560661 -157.85614
18.161935 -65.399517
55.362758 -161.317545
43.235763 -77.551022
37.861918 -76.245072
55.089135 -130.897513
70.092934 -143.455354
29.581616 -92.158624
56.970589 -154.076623
60.613403 -145.764664
56.604616 -133.697352
41.264546 -69.960181
37.195791 -122.405073
29.566805 -92.02681
25.209027 -80.554107
55.930902 -133.376356
29.127885 -89.340859
29.727055 -101.396294
56.827958 -133.712922
28.084639 -97.077934
58.915417 -152.022171
41.501697 -82.713904
46.625417 -90.924487
33.137055 -79.238262
57.865013 -153.823385
45.282999 -71.110159
61.060776 -146.661518
63.579566 -161.036049
47.822605 -124.497987
57.775092 -135.19896
18.361939 -65.668845
45.732821 -87.061721
45.16302 -83.359895
56.605048 -133.025091
44.805713 -66.970026
59.881104 -162.092361
17.949896 -67.200973
61.115346 -149.9601
27.948098 -82.724122
55.993363 -133.408478
41.285098 -71.952864
29.432549 -91.217448
57.606388 -135.526303
38.225657 -76.632544
70.247972 -147.789357
18.292349 -65.634389
29.171261 -90.640863
31.52241 -81.17831
45.15894 -85.56168
24.744963 -81.298492
37.76889 -76.584289
42.689909 -124.448418
61.855892 -165.608427
68.917909 -164.526887
55.218498 -133.453781
27.676583 -97.166682
55.336037 -133.572662
63.251472 -164.209475
58.8484 -157.010984
44.478605 -68.189517
46.517292 -87.381349
25.840117 -97.372864
35.920347 -75.94782
1.3052732 103.8183053
55.328262 -133.305313
60.92749 -149.628436
37.81489 -122.529452
60.780342 -151.212186
63.424579 -171.067663
47.343338 -122.453995
41.899641 -70.065723
19.613614 -154.951014
32.507712 -114.81237
43.996324 -69.052309
28.030387 -97.137897
60.533452 -148.360898
29.90046 -81.27654
29.817008 -91.940723
48.998543 -113.092055
51.913521 -177.464905
57.256996 -134.127947
46.979488 -90.784966
46.031041 -84.581081
44.263035 -68.297641
39.752409 -123.838089
43.758585 -70.147646
25.208098 -81.155481
48.620373 -122.847603
57.136712 -134.637378
55.368601 -131.279884
58.107685 -134.192724
25.886458 -97.521762
38.141219 -76.514824
37.002947 -76.356366
60.273632 -147.933269
55.100758 -159.855444
55.832012 -158.701691
56.208351 -133.912992
37.332924 -76.406388
37.897299 -75.726699
39.296676 -75.435374
56.184536 -133.040979
56.993905 -156.63784
60.741903 -146.703597
18.488777 -66.645839
57.6188 -152.361903
33.566565 -79.007356
47.413888 -91.097569
29.82325 -91.836318
60.374915 -145.202891
56.366898 -132.482605
27.538834 -82.745748
41.290122 -71.926802
29.15715 -100.759726
27.87115 -97.396945
55.789765 -131.504148
47.401143 -69.042371
48.601337 -122.799057
29.208814 -102.890064
26.058187 -98.151731
47.431217 -69.098511
48.598957 -123.007973
48.62989 -123.030342
44.835667 -85.460445
45.690383 -84.538998
44.262105 -68.680458
58.257938 -153.101841
60.73199 -146.191156
55.455605 -133.640472
41.471405 -71.167345
29.770592 -89.399162
27.762881 -99.835127
56.287126 -132.363966
52.195856 -174.196836
27.88613 -97.118788
34.412497 -119.688167
41.54193 -82.717878
34.020114 -120.347706
46.998943 -90.5532
55.531155 -133.753494
47.932415 -122.367876
55.302079 -129.982348
57.19176 -170.42041
60.818035 -148.548399
54.82069 -159.818436
48.581596 -123.182632
15.372944444 44.229916666
46.825534 -87.713737
29.69924 -91.623829
46.745483 -84.987539
29.779886 -101.467494
43.834247 -70.023278
41.210197 -73.007548
55.874199 -133.670624
44.26665 -68.298643
55.916382 -130.013198
41.052278 -71.87391
59.85116 -139.768612
45.59726 -67.556345
57.350896 -153.802932
27.5941 -97.294054
69.673837 -162.997859
57.623439 -134.867433
27.831175 -97.455004
40.44774 -74.176842
35.460838 -76.601472
29.956086 -104.684322
40.542301 -74.251441
25.736536 -81.345972
29.670028 -92.871232
27.390365 -97.346607
37.007705 -76.448231
29.039167 -90.839345
42.800258 -78.856456
59.356608 -139.343049
55.714652 -160.124678
48.731893 -94.610539
35.481117 -76.596316
42.15 24.75
19.234039 -155.341268
42.329094 -124.431438
33.305234 -118.343249
41.515639 -82.011966
55.275419 -162.62792
28.235224 -100.22363
54.122528 -166.112242
58.715527 -160.277084
45.322588 -86.899488
60.024364 -148.12735
56.007946 -134.141998
28.613443 -96.21415
46.723293 -90.870396
45.709546 -86.904089
66.985089 -162.432615
46.812107 -87.6333
37.650425 -122.37789
48.022186 -89.744206
55.273137 -160.565929
40.583616 -74.007276
46.88267 -91.090916
45.808172 -86.557215
21.051831 -156.891946
58.854899 -136.054607
57.926114 -135.140674
59.46837 -151.694726
56.610702 -169.507415
29.764593 -84.694125
41.411618 -70.937282
48.459648 -122.854858
46.668272 -90.04542
58.402187 -154.007305
30.205945 -88.493523
29.078049 -90.529175
41.663727 -71.348402
28.043413 -96.92643
60.055237 -165.684585
46.803858 -90.825696
37.77113 -122.511983
43.713772 -70.071304
59.319473 -135.00325
44.143962 -69.079608
60.733976 -151.848614
58.26833 -136.377335
55.162351 -131.798943
58.187477 -152.584222
43.864898 -76.202257
60.226236 -148.153775
29.631156 -91.600179
42.554195 -70.815391
38.28523 -76.173555
43.368062 -82.535627
24.84052 -80.780564
55.211787 -131.979818
55.176822 -159.504325
44.273711 -83.508839
37.796052 -122.331748
26.102522 -97.171781
29.810276 -101.970357
38.777279 -76.369728
48.568393 -93.805369
46.933727 -91.806851
58.794322 -137.941828
59.061738 -158.417534
54.789617 -130.915936
54.973824 -163.293526
47.90085 -89.22071
43.949353 -69.433762
29.357455 -89.303766
56.66883 -132.628129
48.103012 -91.552962
19.298905 -155.890842
70.783115 -159.343075
21.027583 -156.642809
39.597568 -75.611905
47.237137 -122.58886
47.154243 -67.925768
58.516659 -153.919134
26.527901 -99.143659
54.863698 -159.305864
58.956203 -157.029517
55.127666 -159.616961
27.655417 -99.699356
58.328999 -151.963817
39.554911 -74.240506
39.275928 -76.384901
29.242951 -90.465764
17.952022 -66.862545
43.071312 -124.436198
42.992677 -70.749194
43.89905 -83.916815
58.236368 -135.246709
60.227874 -147.704731
58.61371 -158.190283
47.296068 -68.137059
20.654387 -156.081472
18.096149 -67.19529
46.863082 -91.147837
45.012709 -71.60984
56.622262 -157.589315
48.269604 -122.466803
26.454858 -82.015607
37.569698 -75.594044
51.960501 178.454664
47.772219 -122.394442
32.755248 -79.848527
29.381412 -89.340304
38.07076 -76.0233
58.05033 -153.289701
52.348537 -174.016822
41.693518 -83.341817
44.265361 -83.442731
27.499496 -99.51332
35.935615 -75.782498
40.024785 -124.065069
30.354652 -88.433891
45.682997 -84.987847
28.977016 -89.398104
58.225734 -134.271369
38.727395 -76.299401
47.262095 -68.076009
56.789015 -158.660298
42.570455 -70.757283
26.879761 -99.3289
47.813036 -122.719609
37.867738 -75.392008
31.392458 -106.004926
60.769801 -151.261319
45.211773 -87.002806
55.417938 -132.41486
44.101473 -68.338012
56.67008 -157.479153
26.858053 -99.280471
57.629529 -153.877756
26.947277 -97.555378
61.574807 -166.178627
47.145158 -91.452031
43.28103 -77.314619
51.402492 -178.964323
29.026496 -82.753513
45.099093 -83.30788
29.182188 -91.031786
47.031658 -90.673363
56.690276 -133.721742
20.798339 -156.489496
60.061419 -149.0587
60.157419 -148.018404
35.288272 -75.529393
67.010869 -162.64026
70.903133 -156.014769
53.304276 -168.03976
53.425534 -167.124277
60.930001 -150.217179
20.820396 -156.808469
55.748875 -133.45845
55.017594 -131.573721
55.042597 -159.644029
60.037257 -143.624152
56.77324 -133.865056
60.603149 -145.795288
27.603281 -99.539722
26.559823 -82.196514
64.333516 -162.768424
35.228421 -75.675394
54.661518 -164.709465
48.588339 -122.642597
28.137614 -97.000414
46.16615 -84.196669
34.415997 -119.785871
58.555784 -133.615751
66.622584 -162.105641
49.367691 -95.153259
30.148495 -89.426971
48.116585 -90.76911
59.224835 -138.847498
52.910043 -170.002071
56.609507 -157.674587
25.929802 -97.320561
61.077902 -164.902245
44.199044 -76.312647
60.483001 -148.293534
40.990536 -72.635374
48.575649 -123.051758
44.362953 -68.446869
40.573363 -73.95005
26.058083 -97.871187
30.073187 -84.179149
47.10732 -67.88565
48.702702 -122.944206
65.005184 -166.695206
48.99765 -111.761613
47.639766 -122.414645
18.112439 -65.338506
39.035257 -76.311766
48.219452 -90.976955
21.097864 -157.037667
51.903246 178.539395
60.665634 -173.113663
24.958155 -80.565831
55.292512 -131.65813
46.20399 -123.996766
59.149476 -135.464501
36.525173 -121.925937
18.320339 -65.231933
55.286437 -131.284986
49.8987 10.9007
66.813647 -161.846258
44.599265 -67.293403
48.540509 -93.812223
21.99638 -160.058543
59.474658 -135.026328
48.768428 -122.528203
39.406809 -123.821887
27.73354 -99.774901
55.850359 -132.372298
44.556788 -67.569836
43.91328 -76.315735
41.635196 -70.29062
46.872706 -90.602552
45.744745 -85.520569
26.984937 -82.400618
27.821758 -97.142387
51.322682 -178.965171
25.567632 -80.302057
56.239449 -132.970459
58.900661 -135.322622
43.330161 -77.73063
47.244099 -122.561957
41.441334 -70.686881
60.786704 -165.032615
26.412947 -99.039107
40.846737 -73.81281
14.5769 120.978
29.040507 -103.102532
46.965069 -88.155374
56.648915 -135.148836
54.930392 -131.491504
44.588982 -87.891717
38.972647 -76.474198
59.917409 -141.441425
38.075011 -75.880515
45.765486 -86.823743
55.338531 -160.317657
44.429234 -83.327171
44.959391 -85.472258
47.124678 -67.890026
56.534556 -154.436794
64.997051 -166.70483
44.86486 -87.852789
55.556137 -133.66011
47.603891 -124.374927
38.311623 -77.030683
53.227235 -168.296229
57.212056 -170.291916
38.55187 -77.237724
57.927564 -135.732607
58.359499 -152.387343
48.519238 -93.64144
30.353911 -88.418811
43.35696 -77.904836
17.967669 -65.976611
58.684304 -136.354222
37.225066 -75.790903
27.298588 -82.569248
48.999872 -107.704696
46.492976 -86.609393
55.998081 -132.044189
38.079565 -76.37179
26.030734 -97.214918
60.015443 -141.285332
29.648415 -102.724231
41.583066 -70.64204
37.506863 -76.297739
60.623394 -147.484787
48.186058 -123.100656
38.847512 -76.265808
58.335743 -152.870555
38.647044 -123.398166
48.010939 -89.671892
54.865813 -159.309681
70.149742 -143.54323
57.794818 -133.903854
54.826401 -159.790833
45.227157 -83.405914
48.053808 -122.849273
43.878567 -76.355949
47.57602 -122.421139
57.343694 -134.575492
29.103029 -103.035683
41.4253 -70.918983
34.435288 -119.956433
51.733525 -177.39076
26.417249 -97.42179
42.238839 -83.128022
55.107087 -159.886476
35.199402 -75.754289
41.327212 -70.819415
37.198308 -76.802511
40.885399 -73.767076
48.02035 -89.973433
60.07719 -164.385471
34.998173 -76.566697
37.790629 -122.485783
46.994508 -124.169113
55.057695 -159.4842
57.931728 -135.738556
57.235581 -134.566362
58.591176 -135.928667
27.141231 -82.477019
58.990528 -135.38931
26.39651 -99.082002
33.263973 -119.48278
41.278172 -72.398688
55.784278 -160.26893
29.630405 -89.487915
44.180462 -68.819156
57.343846 -134.070245
38.309506 -75.932348
48.092877 -122.326119
26.710126 -97.467337
43.115277777 131.909166666
41.172194 -73.105493
29.489358 -83.350067
57.126813 -152.911371
60.00203 -162.190616
24.731298 -81.389468
27.037874 -97.459755
57.382165 -152.601148
59.049928 -161.83923
44.152388 -68.502096
60.645287 -147.500015
23.862135 -166.226562
46.904941 -88.161913
44.394078 -67.899571
48.696849 -94.472938
47.510265 -122.494882
48.653442 -94.244394
37.099073 -75.981722
60.661469 -147.307755
56.088234 -133.561742
70.518271 -149.461755
38.298355 -123.058239
58.202365 -152.224439
63.636215 -162.424205
37.652389 -122.3756
57.46957 -133.927539
26.875521 -97.383531
48.999617 -106.374616
55.550156 -130.792222
45.389601 -86.841432
17.964832 -66.365098
45.250912 -71.359224
47.329182 -91.206248
47.79538 -90.1168
27.855921 -97.480226
46.680404 -85.668753
39.349908 -76.226976
34.901183 -120.662889
57.951261 -155.067646
63.211977 -164.423449
35.869835 -75.663356
45.860214 -84.861969
54.931593 -159.220066
69.414222 -163.100569
35.345521 -76.349745
60.974604 -148.436326
46.503609 -87.09876
18.118226 -65.372225
28.255681 -96.787181
66.336248 -161.129512
69.600165 -163.085797
56.672473 -132.371589
48.234213 -91.937356
55.25411 -131.482252
57.934942 -155.106946
55.739356 -133.352561
37.278334 -76.352556
68.150803 -165.985451
39.598656 -75.579615
43.550589 -70.299184
25.923125 -97.338346
37.360346 -75.727335
40.601806 -74.195407
34.031161 -120.062778
52.31419 -174.358624
57.002231 -135.360232
59.544258 -139.862547
47.792807 -90.16079
60.041759 -144.052539
53.473861 -167.808117
55.339777 -160.840251
48.59182 -122.994652
22.211064 -159.501055
44.205732 -68.32423
51.750718 -177.4612
53.665733 -166.805874
45.963185 -86.196618
45.390611 -70.712286
47.240549 -69.030067
37.481365 -76.265056
44.407464 -68.010719
41.289997 -72.251323
33.987786 -119.64771
35.988002 -76.213966
27.814003 -97.175499
26.15304 -98.354645
42.361584 -87.820858
58.01222 -154.745581
42.061853 -83.189115
57.858772 -153.395813
43.029298 -70.723178
28.75701 -82.698281
45.794797 -86.581759
46.918999 -88.187522
55.81459 -159.947646
26.03365 -97.763091
57.548772 -133.496365
24.554853 -82.130692
38.956512 -76.471281
56.502529 -132.615265
55.146038 -130.144723
46.672708 -123.923269
39.262755 -75.21251
59.992599 -144.323425
38.235227 -76.740055
58.976221 -134.401042
56.619025 -157.546085
35.426124 -76.845848
56.267939 -130.622482
25.2793 51.5224
55.19477 -162.638791
57.734613 -133.877568
59.058058 -138.301496
37.684651 -76.312079
56.581134 -157.091146
38.407546 -77.091073
59.579431 -150.575818
26.330481 -97.387947
56.843418 -158.953543
64.549257 -163.254876
44.279889 -68.904255
57.530088 -133.920557
25.325061 -80.289602
63.752893 -160.783304
55.843303 -131.517235
38.624217 -77.174902
59.977372 -149.429276
58.531768 -136.132654
41.642835 -87.42344
47.19095 -68.857519
39.562612 -75.514756
70.608983 -152.420775
48.299324 -124.665908
60.13501 -147.954849
25.361832 -80.238004
58.905899 -152.342926
47.039986 -90.560936
42.994756 -79.019964
27.685425 -99.732448
51.811772 -176.904302
59.967378 -148.920309
56.7476 -153.963274
28.992732 -89.15431
52.389442 -172.405243
29.742454 -84.868271
32.503472 -80.439407
60.199493 -164.517647
44.411175 -68.119926
48.130353 -122.4675
29.862317 -102.349861
45.276098 -71.262136
55.022013 -159.417987
55.321133 -130.68693
28.076147 -96.906004
57.390896 -135.84381
60.347958 -146.268051
71.286886 -156.809653
48.124891 -91.190461
20.601337 -156.438385
43.118172 -82.490614
57.447817 -153.874177
56.551445 -154.009274
57.265368 -152.818187
29.675254 -83.448194
28.001709 -96.978282
58.009348 -154.823518
28.032307 -82.792635
47.39191 -69.045403
53.957199 -166.116211
29.063681 -90.349891
30.319296 -89.322345
48.439466 -122.678928
57.656734 -134.020169
45.016659 -72.845633
55.93668 -133.891851
56.031358 -158.651674
35.22026 -75.635493
41.252277 -70.825508
45.999542 -83.494843
25.190615 -80.351399
60.580539 -151.330409
30.246149 -88.120151
52.85324 -169.905631
25.038502 -80.493881
35.899287 -75.966247
43.745095 -87.705185
45.621456 -84.196043
29.150261 -103.002434
68.985044 -163.973678
59.643426 -153.26274
43.370866 -78.250641
56.755946 -154.02261
35.714227 -75.719123
45.501592 -67.429681
47.136231 -88.249571
56.015928 -132.448702
70.413035 -148.728082
47.280026 -122.692426
44.516196 -67.587738
48.174704 -123.132417
30.38844 -88.332277
56.108109 -132.10402
48.473927 -122.813217
32.805429 -118.42943
56.180417 -134.25599
52.011512 -175.155673
55.399094 -133.617874
45.802703 -70.396362
56.583796 -133.850232
20.126573 -155.600909
29.788467 -84.62484
45.471233 -70.691762
32.47873 -80.338354
30.22264 -88.573044
32.258555 -80.647025
44.048458 -76.342117
55.086582 -161.596954
57.830545 -155.326369
51.880675 -178.224618
55.646517 -159.545115
34.036576 -120.313175
54.703655 -132.699738
30.370995 -89.349447
44.06318 -76.169712
47.863879 -122.512778
57.001892 -154.528538
55.169961 -131.588368
38.217751 -76.385244
55.195143 -160.756587
45.251121 -71.220634
57.849064 -134.185944
46.508865 -86.632109
19.887126 -155.915662
39.446538 -123.81469
45.508691 -67.462882
48.064154 -88.575048
47.691199 -124.412106
19.365646 -154.964619
60.97004 -147.6188
56.627676 -134.979386
55.899635 -132.614757
45.40898 -86.892893
65.996247 -166.977872
35.889415 -75.619151
45.269316 -70.907978
59.692788 -149.728136
28.362117 -100.320393
60.039243 -139.555157
24.56975 -81.811386
37.897615 -75.758796
42.590884 -82.711151
47.28369 -68.560378
29.80193 -85.405907
59.555991 -153.577828
56.138471 -132.150079
21.152238 -156.714158
27.043585 -97.473557
45.683174 -84.975768
56.438282 -132.492126
47.29228 -68.463964
43.742701 -69.868673
28.980834 -89.140509
35.336335 -75.518511
41.271998 -72.617237
55.100644 -159.951281
24.655998 -81.587759
17.985008 -66.76277
45.146667 -67.145652
51.85508 -177.615311
35.3171 138.933
58.284744 -134.078156
56.671419 -157.48099
59.423071 -139.541156
58.78311 -158.512547
57.553721 -155.985988
18.407283 -65.793677
33.006291 -118.559171
51.601499 -177.930123
55.314292 -160.57969
28.033288 -97.030948
29.537787 -94.691625
70.164102 -145.842689
48.220686 -122.63126
63.200239 -170.277915
29.060275 -90.702102
46.490827 -87.202404
71.165139 -155.566925
27.106839 -99.442123
70.104293 -143.517248
39.875313 -123.915142
19.852305 -155.940311
39.863028 -123.907664
26.398827 -99.014739
58.318985 -136.038361
27.793974 -99.850877
70.401755 -151.188592
66.078547 -162.137424
59.569056 -150.10885
21.459793 -158.205383
29.525295 -94.580274
45.097206 -87.581969
47.318419 -122.573739
56.900791 -134.695735
45.26887 -71.245503
28.999698 -103.289258
55.852821 -131.604675
55.106476 -161.8741
29.721209 -84.977004
59.864532 -166.016128
69.862162 -142.112714
59.788652 -150.028296
60.06208 -141.298657
34.072856 -119.89113
47.355035 -68.234604
46.597033 -90.951476
29.681494 -85.319215
30.041361 -89.26329
45.836039 -86.549723
35.787377 -75.546675
58.800236 -160.738693
56.572711 -133.794594
66.344436 -161.912946
37.557636 -76.29796
45.18989 -87.123689
48.127975 -122.908638
28.0514 -96.929573
29.519463 -104.334811
60.078261 -141.277718
45.373461 -67.423773
41.154146 -72.2681
55.684032 -133.607758
51.929703 -176.03627
65.336246 -166.596964
18.320959 -65.221568
46.669475 -86.161681
24.715453 -81.064554
60.147556 -167.362783
28.556626 -96.077868
70.441455 -151.026337
56.892994 -153.570648
56.585447 -154.310913
53.035403 -168.49749
57.869451 -135.06572
45.152805 -85.993194
63.105848 -169.88123
66.258653 -161.367875
63.388725 -169.566562
47.366876 -122.671486
48.883929 -94.683069
58.496167 -152.60903
63.451177 -161.527809
52.775128 173.867436
58.947008 -135.176694
60.757389 -148.269523
55.568476 -130.975313
28.449066 -96.402446
29.745822 -91.667128
38.928663 -76.295911
47.457159 -69.219996
41.815754 -70.54103
52.469989 173.549605
35.822703 -75.727216
45.43159 -67.4772
56.703426 -157.563802
27.822091 -97.209575
41.353651 -70.448262
60.644928 -146.270257
56.384017 -132.223136
70.340159 -148.464543
46.454965 -86.686412
25.399206 -81.150656
55.216564 -161.328918
56.198552 -132.302365
48.438831 -122.866165
44.263156 -68.214641
48.599911 -122.989418
54.679765 -163.132339
53.533534 -166.600549
48.295463 -92.416285
27.067213 -97.389816
29.131692 -89.3361
61.268586 -165.620589
55.382878 -131.244192
70.503492 -151.734287
25.137002 -80.769678
21.939546 -159.356613
41.484758 -71.419971
51.393284 179.2065
27.932999 -82.533718
55.017374 -162.965872
42.700819 -87.785074
48.516758 -122.837013
48.597782 -122.804573
46.861316 -87.765989
54.705898 -132.179635
48.131172 -122.762454
46.489949 -123.979213
43.666161 -70.213948
29.762574 -92.133751
48.551846 -122.977997
37.605909 -75.610808
56.174707 -134.101801
47.38479 -87.815371
59.51766 -150.368687
27.781155 -175.807434
59.822389 -153.182307
43.389254 -70.427672
57.446458 -135.556109
63.543813 -162.377988
24.570989 -81.800676
29.786234 -84.674683
26.023482 -97.162628
45.386039 -70.66116
58.081655 -154.463263
29.588243 -89.671082
18.118851 -67.869804
29.167891 -82.932405
29.074 -95.122525
45.72846 -84.942125
45.355682 -86.948272
69.667174 -163.043545
19.626461 -154.950359
28.866348 -95.38239
47.353049 -68.227607
25.177328 -80.619024
45.943729 -70.240177
60.291475 -164.72657
55.522965 -160.554173
51.89563 -176.620015
59.919313 -149.459733
18.064269 -67.190656
46.836887 -91.256705
54.080929 -165.835433
29.334997 -89.855109
37.160272 -76.399659
45.873908 -84.721276
37.072548 -122.260481
44.742693 -67.092542
20.918309 -156.222062
37.870495 -122.310414
56.156317 -132.139372
51.635017 -176.751817
21.2845 -157.7143
61.839188 -165.736429
40.496103 -74.246688
17.980793 -66.789302
56.401678 -154.742887
21.055771 -156.89517
18.473457 -66.733986
70.025735 -144.463286
71.021502 -154.604413
29.276748 -90.061057
32.563828 -114.810517
61.639562 -166.140133
41.2141 13.5708
26.313941 -97.354359
26.242612 -98.63418
32.61791 -116.115427
32.77696 -79.811021
29.699724 -84.765117
45.934207 -67.777626
70.68884 -152.471531
28.928262 -95.309704
41.676794 -83.29068
54.017419 -166.67664
60.204882 -144.654899
60.211675 -148.158947
45.811611 -84.418922
56.358022 -160.208383
56.818567 -157.298283
31.956705 -80.930279
55.174114 -163.070494
61.113502 -165.167636
43.76735 -87.700251
45.786158 -70.415684
55.344238 -130.930954
29.33641 -94.744945
59.982763 -149.223781
53.081461 -168.759691
48.642474 -93.207398
27.863566 -82.488057
60.860866 -149.062125
58.001685 -134.087461
51.947784 -176.050552
41.736778 -124.194953
43.904541 -83.340976
30.943278 -105.488027
38.262525 -76.107592
47.590546 -122.943459
61.079492 -164.998547
44.798739 -87.6463
60.877893 -150.845731
18.189146 -65.712533
61.084059 -147.999457
37.567467 -122.137524
52.045744 178.107266
45.71086 -86.669263
57.633887 -133.821673
48.999249 -114.201107
47.261944 -122.830437
55.046683 -159.33847
21.499971 -157.852625
55.5193 -160.922934
60.006825 -139.057043
58.836136 -157.275451
69.637053 -141.254547
63.049387 -163.130853
41.57182 -70.461278
60.15302 -162.463026
51.770831 -177.796308
48.31045 -124.662068
38.320164 -75.96929
11.5436 43.1486
57.62643 -152.265346
49.000925 -121.248949
38.590618 -77.247003
47.231186 -122.702477
41.03192 -73.535338
39.209376 -76.500984
21.689568 -157.947174
54.274086 -165.5137
45.54139 -67.43067
56.017712 -156.712799
55.263905 -131.447632
35.231142 -75.580176
39.567728 -75.571599
29.354059 -102.876866
56.008583 -158.768861
45.728964 -86.662762
44.667122 -87.748409
56.204866 -133.913645
55.14413 -159.82371
44.39907 -67.961613
46.630651 -124.069583
56.089046 -134.094187
35.2836 139.667
48.106864 -122.773177
42.347337 -82.945415
48.124876 -88.676395
55.048881 -163.532962
48.710239 -94.308446
45.509201 -86.715767
55.403075 -160.710298
27.813948 -97.391764
59.195071 -151.502657
18.472203 -66.283675
59.963688 -147.421844
48.386012 -124.725839
43.989506 -82.738992
40.496703 -74.250188
18.34529 -65.342068
40.573723 -73.575357
46.031465 -83.943933
61.489304 -165.746352
27.883619 -97.113442
71.128458 -155.561772
55.384815 -133.443573
47.629591 -122.492809
63.220608 -162.688083
28.427764 -80.574136
47.014011 -90.738426
41.048504 -124.125448
61.210299 -150.939251
63.658024 -160.904353
39.223834 -75.405716
43.75163 -70.142827
30.653715 -88.034588
20.915395 -156.897169
55.755898 -133.512634
30.056342 -85.601178
38.202428 -122.968112
60.14936 -165.675374
40.641216 -74.0697
55.802148 -130.128538
55.192745 -131.188747
29.172101 -95.120992
36.280607 -75.86052
54.208105 -165.621854
60.967395 -149.853693
36.291028 -76.161384
38.433429 -76.436271
58.355332 -152.200953
29.558598 -91.529217
28.335579 -96.672677
51.642481 -177.92564
47.788473 -122.818803
44.283215 -68.491547
51.777434 178.304892
55.024371 -159.373006
45.73613 -85.701813
44.119782 -86.429871
61.081204 -148.203139
40.589336 -74.204054
66.984951 -161.530525
44.334653 -68.89285
45.68886 -85.600842
54.854576 -163.410594
54.980275 -130.979604
27.822607 -82.489849
54.121708 -165.050155
59.541454 -150.181185
19.519086 -154.809379
55.309101 -160.518143
43.183655 -79.052567
29.685029 -102.699317
25.66498 -81.277374
58.210931 -154.145277
54.743414 -163.327457
54.877491 -162.41737
25.197348 -80.536309
48.609067 -93.822644
46.086678 -83.731407
29.278512 -90.552005
59.643295 -149.737654
39.324368 -123.808772
58.608925 -159.963943
60.63232 -173.067978
53.620058 -167.062187
51.405838 179.263934
29.056131 -90.939125
36.278357 -76.693253
41.727445 -83.455626
17.99245 -66.799656
60.004974 -144.389099
45.238926 -70.8411
55.835089 -132.091782
53.530449 -166.581011
44.544081 -67.808837
39.452208 -76.060931
44.335392 -68.919325
29.285111 -90.565436
60.375454 -152.005753
46.793836 -91.368819
59.829426 -162.017059
41.638125 -71.274315
48.590393 -122.912323
55.137871 -160.125154
32.630215 -114.782235
56.181896 -131.899046
45.054665 -83.233894
41.992864 -70.631919
57.313441 -153.098089
21.200706 -157.157103
44.223999 -68.468572
45.794517 -86.785722
-18.85271 47.47789
57.648815 -135.601369
31.500422 -106.223909
41.423952 -70.553096
24.631516 -81.509028
57.736157 -155.397916
44.075837 -68.661594
59.438432 -151.740538
54.236914 -165.681458
56.150761 -133.059994
44.980745 -85.470462
43.681454 -70.088455
45.521626 -85.109252
47.210416 -122.580517
48.99853 -113.103212
26.077853 -97.169842
24.999916 -80.54411
46.532219 -84.139426
48.247667 -91.971056
64.569244 -163.028352
28.136087 -97.007539
29.797891 -101.892739
42.275965 -70.861807
44.15955 -68.888597
36.214219 -76.115851
38.107758 -76.050156
27.323809 -99.531376
55.457047 -133.618362
56.602823 -135.123389
44.110598 -68.330716
33.989712 -119.5902
47.427634 -69.043947
56.789192 -133.877395
29.006619 -82.759378
28.66196 -100.500354
43.851299 -69.589167
61.069277 -148.165969
57.593614 -152.159677
58.313268 -152.921122
56.874909 -153.756253
31.613489 -108.208087
23.858036 -166.223907
55.867858 -160.325637
45.297223 -67.465833
56.60396 -131.761209
35.553069 -75.47861
34.021171 -120.304543
55.56965 -159.729333
41.125696 -73.296359
57.913788 -134.190704
48.53936 -123.001198
29.303039 -89.165015
70.499397 -149.536891
63.169936 -169.262039
56.551763 -154.025334
42.206737 -79.931324
55.488323 -133.629761
18.081177 -65.542087
27.329977 -97.404996
54.929639 -131.242771
57.734387 -152.497056
22.063411 -159.321667
36.199441 -76.719401
35.780118 -75.536428
44.546599 -67.758891
45.487206 -86.782448
71.334016 -156.566383
57.629196 -135.660902
28.222061 -96.943242
61.076241 -164.993599
42.955798 -70.780383
56.074042 -134.233621
48.448313 -92.51491
37.214049 -76.3936
55.241895 -131.325094
44.145998 -68.792221
27.517764 -97.343418
70.165894 -146.172672
28.073193 -82.836326
58.913315 -136.786407
66.09016 -162.750705
58.769847 -158.423828
46.054784 -84.027861
55.729627 -155.79432
48.349203 -92.222813
29.083261 -89.254726
42.550419 -82.611059
55.179546 -132.855591
56.607804 -132.56078
56.437015 -133.512684
48.514774 -93.694676
56.328921 -158.397337
37.667933 -122.163049
29.677155 -83.444635
29.579449 -102.762241
42.078628 -70.160166
68.564263 -166.23378
56.40654 -131.085704
56.226151 -156.785141
27.893137 -97.113127
57.057923 -135.369858
29.681565 -84.799129
24.857421 -80.74061
42.377242 -124.424066
45.814106 -85.617538
32.303289 -80.647501
56.157524 -158.091599
48.159373 -90.796596
29.54259 -94.509487
60.897366 -147.452904
48.522167 -92.627833
44.478171 -124.082061
56.094757 -134.093235
58.956775 -160.316402
41.960592 -70.662476
56.114079 -158.640447
52.640706 -170.56361
43.434849 -87.827319
32.678671 -114.744491
56.864216 -157.405679
58.993562 -136.69843
44.385219 -68.50766
34.032103 -118.744952
38.22847 -76.778625
55.485195 -161.477114
27.835702 -82.589319
42.05642 -70.178468
37.309964 -76.275552
45.710381 -84.573631
39.613056 -75.613345
19.117025 -155.519652
25.168825 -80.349855
29.196944 -83.078986
34.999116 -76.24163
41.649012 -87.433103
60.739989 -148.633108
47.315911 -69.054628
57.979287 -134.912854
29.79239 -102.115682
17.954561 -66.049033
55.787629 -159.862484
45.812801 -84.59024
30.3823 -86.50615
44.939031 -85.869852
55.637039 -133.553619
46.885732 -91.179687
56.235533 -134.806163
70.125827 -143.839879
44.367591 -68.52193
30.753684 -81.461065
57.579613 -135.570574
37.546139 -122.514789
55.048266 -163.740737
45.959074 -85.9091
55.718977 -131.856903
61.066821 -165.370544
43.714569 -70.08886
47.356835 -122.804615
54.679859 -132.673553
42.450888 -82.870347
29.69825 -101.37886
58.589095 -152.337212
44.425751 -68.143013
45.155145 -85.570178
5.86426 -55.1271
24.544701 -81.810333
29.088386 -89.315637
39.58992 -75.60464
56.496457 -158.123352
63.1495 -170.021208
43.809178 -70.107229
26.992877 -97.378362
53.923893 -168.024216
64.516903 -163.083588
30.673873 -88.022076
44.579823 -67.517815
70.058961 -144.079634
58.596269 -136.478427
52.051034 178.141695
54.053326 -165.508972
39.028926 -76.242687
57.137344 -135.565756
55.469208 -132.31857
44.58577 -67.525543
21.898356 -159.610241
28.875266 -80.787021
58.000939 -154.807767
29.361883 -94.761491
41.723808 -71.31482
44.916819 -87.204238
53.71852 -166.999282
56.083188 -133.311515
67.047502 -161.799175
34.70464 -120.60045
48.632667 -93.915494
8.45193 -13.2297
58.921705 -153.352283
24.710834 -81.454132
21.417309 -157.779846
45.794723 -67.806598
42.001456 -70.629857
55.05864 -131.529106
47.776198 -90.229145
56.682979 -133.143198
55.156858 -159.901569
60.634508 -162.178111
56.959767 -154.385285
58.074993 -154.533695
23.731142 -166.173676
55.124226 -133.011444
21.557373 -158.250671
41.317597 -72.173922
55.447813 -162.514014
38.628791 -76.174969
20.642212 -156.450651
47.986405 -89.88071
56.553553 -132.628511
37.807577 -122.362661
44.392365 -68.20354
70.869728 -153.93545
70.447858 -150.370283
58.189884 -135.056227
48.099012 -90.489873
56.971879 -156.781421
28.368658 -96.570386
45.314052 -85.289568
26.803511 -97.509831
45.972762 -84.534422
46.200687 -123.736747
37.435941 -122.443687
57.358287 -133.870657
46.754788 -91.537115
51.986982 178.132547
44.252823 -83.445176
28.875591 -100.598877
30.0508 -89.494637
44.371788 -68.550051
47.182974 -68.893204
70.878677 -153.932921
47.38726 -87.957058
38.289184 -76.840383
48.595138 -93.434141
57.90633 -134.202347
44.388935 -68.36372
45.290775 -83.422389
64.499719 -161.024185
38.615109 -76.264155
48.99839 -110.531615
41.913352 -80.757945
21.218503 -156.974002
32.140137 -80.749091
30.576261 -87.911431
52.440926 173.501022
56.564921 -153.915288
35.025973 -76.360815
56.981544 -135.383376
46.891236 -91.906483
29.304936 -94.769695
37.141727 -76.330481
55.43415 -133.080448
56.010601 -158.496366
41.080402 -72.280373
52.788615 -169.951498
37.224252 -76.789086
52.509905 173.772799
29.8069 -84.730327
27.229051 -97.382222
45.011883 -83.435249
27.270943 -97.640111
41.374844 -124.072294
56.487825 -134.133892
54.932612 -132.55839
60.628684 -145.89616
36.601459 -121.886764
30.215619 -85.878138
63.68502 -170.281988
56.463511 -134.246179
45.35869 -86.946297
41.61829 -71.212417
56.919544 -133.894397
56.660778 -132.619258
57.65243 -154.056226
33.711018 -118.064895
40.710741 -74.038538
45.00786 -72.532503
64.783797 -160.869571
60.386639 -145.085327
45.704044 -70.446903
60.723817 -146.317949
45.24969 -71.228048
55.121258 -130.870744
46.961407 -90.511623
48.035987 -124.682157
37.874865 -75.40054
38.359865 -123.068265
39.39221 -76.171474
55.905546 -132.39708
18.490745 -66.849673
28.372732 -96.809353
55.117689 -130.827319
59.762862 -166.084582
57.01203 -132.999249
44.434326 -68.485415
44.775561 -85.640781
42.034163 -70.195345
38.539393 -76.253624
35.939403 -75.705323
38.25616 -76.847074
55.632559 -131.724359
57.01667 -134.617521
41.961672 -70.648365
55.979642 -132.452271
40.968448 -73.159576
55.804732 -160.392487
27.8863 -82.851126
30.173943 -89.463595
51.87733 -176.168775
56.179367 -132.986526
28.5968 77.1883
54.746487 -132.720551
55.165867 -133.206558
57.777699 -155.609353
28.330754 -96.476269
28.740599 -100.507613
27.116235 -97.443673
36.41885 -75.940676
44.046048 -76.151628
43.771564 -86.445123
59.287852 -151.070305
43.170609 -87.881085
55.662701 -160.421853
18.073561 -65.795028
55.568476 -130.972338
27.838608 -82.431221
30.42204 -81.407008
25.389707 -80.31036
37.213813 -76.730951
57.303551 -152.657569
70.182398 -146.624761
41.269698 -72.348068
57.007271 -132.852905
44.387034 -67.978876
44.534008 -67.781975
41.009093 -72.076175
29.998068 -83.845427
47.96793 -122.6788
29.88961 -89.241425
34.470623 -120.295051
30.057581 -89.730999
20.917864 -156.230089
27.522814 -82.66202
42.03947 -70.194456
56.172378 -131.969835
45.542428 -84.126971
53.715926 -166.540531
45.710209 -85.84375
55.120739 -159.935749
26.513252 -82.06715
29.364266 -94.782356
57.319017 -135.688587
53.762088 -166.420471
47.028091 -90.65136
20.870541 -156.678634
37.222866 -76.689166
55.875797 -158.750244
63.781728 -171.699647
44.243873 -68.955332
51.722645 -177.842419
44.071746 -76.207783
29.329928 -91.171556
60.384857 -172.380798
37.560594 -122.128688
70.904004 -153.017038
53.501048 -167.784099
48.546263 -92.657881
20.594044 -156.415746
18.063378 -65.817107
55.026527 -161.910278
44.384109 -68.148369
61.871907 -165.612337
61.125494 -165.17711
28.394104 -96.520513
47.017384 -90.544876
45.281135 -71.328464
45.745462 -85.564774
56.609901 -132.426987
40.43894 -74.202128
53.10097 -168.789424
52.603385 -170.674453
54.21331 -165.478816
55.354843 -160.491348
41.471208 -70.567356
51.739815 -177.120581
30.230373 -87.926119
46.23664 -123.622812
59.63224 -135.166736
55.311663 -129.9919
64.916558 -161.149366
24.565561 -82.100952
48.108111 -91.680902
26.000374 -81.757463
53.336911 -167.302982
27.960201 -82.805462
46.371943 -70.127552
43.102486 -82.486042
57.148782 -153.325566
37.222349 -76.924239
24.704873 -81.124094
41.624356 -87.22066
26.060017 -97.801344
58.872462 -158.717436
54.769068 -130.866866
35.978789 -75.879374
57.273 -134.605032
48.555424 -122.898285
61.409638 -165.92195
38.03437 -75.847922
60.327866 -148.14389
70.441658 -150.245325
54.94573 -159.457995
59.373156 -151.890738
41.591815 -70.445289
29.147407 -100.737591
48.536388 -122.992271
48.4305 -122.881035
48.108818 -90.467712
31.422784 -81.246911
39.082826 -76.231748
57.694971 -135.647541
41.264421 -72.529416
57.444666 -133.916747
21.6361 -157.9228
51.689483 -177.887768
29.784644 -83.586089
48.1891 -91.711611
43.91085 -124.150267
29.880499 -89.289253
56.349053 -132.352928
44.40894 -68.821767
26.061828 -97.950095
48.594673 -122.871391
24.592331 -82.146164
57.597651 -153.823753
48.590908 -122.821754
57.716119 -155.392781
41.919744 -80.720816
54.72823 -132.279597
43.184896 -124.401726
45.228743 -71.431753
68.194228 -166.03185
54.031437 -165.508026
56.419434 -133.81662
56.005222 -132.042999
42.554333 -82.64268
46.677586 -87.524444
70.236888 -161.522941
48.624924 -93.14242
48.017529 -89.611678
45.780027 -86.801476
48.214335 -122.720811
21.201488 -157.128207
48.508252 -92.631117
48.015099 -89.819802
45.237656 -71.433014
42.99469 -70.608467
41.709284 -124.143479
56.957278 -153.850464
-36.845164066 174.767563921
57.902711 -135.552802
44.40731 -68.134094
48.589439 -122.897568
26.999186 -97.478533
25.001759 -167.999969
70.79814 -152.188649
45.757019 -123.968563
37.804653 -122.463793
37.687516 -76.535302
30.35571 -88.679575
36.12042 -76.375892
37.776589 -75.812125
45.820315 -67.763767
55.313994 -130.709535
22.211182 -159.518348
34.213304 -119.257043
56.191925 -133.6015
48.47975 -122.473763
48.748991 -94.64515
45.720005 -84.409996
63.464061 -161.70563
45.183594 -87.167179
55.846836 -133.223282
45.829792 -85.524445
28.8643 48.2775
41.707398 -70.623652
41.664281 -82.805179
57.091147 -132.823764
45.541023 -67.432236
58.886029 -137.951995
43.718157 -83.515853
33.46513 -119.032524
57.932446 -152.876197
33.763617 -118.1755
55.788231 -159.361282
48.381035 -124.599278
59.506238 -150.239244
46.128794 -70.243629
58.330227 -135.54422
56.511452 -132.58136
33.430733 -118.52323
58.833609 -159.532347
56.846479 -154.298965
45.248746 -71.158192
45.977161 -84.107204
29.394422 -83.202446
27.313691 -97.430441
51.839018 -178.811249
59.349432 -153.986419
36.495025 -75.960069
48.068396 -90.008446
55.894659 -131.720384
37.522469 -122.194957
33.90428 -120.105489
45.026844 -83.265896
41.384339 -70.498959
29.855964 -102.264041
60.332508 -146.999496
55.341751 -133.39537
34.09047 -119.069959
54.841587 -130.941029
47.710941 -122.543161
59.938792 -149.23539
47.74622 -122.519325
60.122993 -144.386246
55.452629 -133.820724
20.932127 -156.989813
45.098807 -71.458323
48.512169 -122.598469
56.236029 -132.329134
37.928426 -122.401289
38.822232 -76.245886
49.000262 -119.132102
54.956191 -163.338395
34.05496 -120.415287
44.564588 -83.313649
58.097024 -135.275797
45.002907 -73.675458
45.810621 -86.988438
37.216162 -76.923763
52.916183 -168.968469
48.708756 -94.421405
45.042167 -87.124808
18.227389 -65.615981
45.90608 -86.324232
55.000296 -159.416786
60.156396 -147.760681
37.869569 -76.784618
44.626554 -67.388704
55.419319 -133.412643
37.300589 -75.791913
26.201407 -98.444376
47.255756 -122.83329
29.618839 -91.929565
39.646112 -75.539245
28.144991 -82.786624
32.024226 -80.84313
43.056388888 141.313833333
54.941374 -159.447982
59.938824 -148.677604
48.999202 -99.861454
21.161547 -156.712696
42.944116 -87.842681
37.461541 -122.445987
60.020202 -144.035037
56.798144 -132.872512
55.029166 -131.508449
51.575429 178.795194
56.390987 -134.067466
59.711409 -140.636639
55.755541 -131.704907
29.387175 -89.373109
45.047266 -124.00977
46.997882 -124.010068
58.905608 -160.751951
30.291217 -87.755516
48.237699 -91.89347
48.764217 -122.875145
36.129959 -76.385257
55.613684 -131.701091
44.419216 -67.911667
58.2831 -152.888204
35.168897 -120.778998
48.606874 -92.929614
28.69894 -96.19583
26.455458 -82.148716
41.461068 -70.64933
60.735515 -147.906021
41.468259 -70.57485
28.623727 -82.656649
55.49765 -132.586181
41.132162 -72.32663
30.825004 -105.31766
54.101574 -165.220871
45.925926 -67.75752
30.657432 -87.936717
39.36871 -123.826306
46.91196 -90.537461
58.881728 -137.035719
60.292248 -146.681473
38.999602 -76.322679
48.069477 -122.390787
42.218809 -124.377762
43.243263 -77.577223
51.736061 -177.639983
68.893542 -164.812671
57.30226 -152.71976
38.060288 -75.874189
45.095058 -71.459999
56.200188 -132.97403
54.066554 -165.930242
48.34813 -92.219658
36.038283 -76.631745
44.51575 -67.698872
45.890234 -86.541464
55.118226 -162.442556
43.76408 -70.129721
57.27858 -133.522837
44.707811 -87.718409
26.225677 -98.535241
45.1637 -67.223156
44.160026 -68.500817
42.770258 -78.868556
61.016591 -147.59126
57.336747 -135.674687
41.265866 -72.499534
59.588092 -139.702039
51.975112 -176.027667
59.178825 -151.799225
42.389437 -82.894013
48.134406 -122.833173
47.182542 -67.949369
58.61968 -152.560171
59.989349 -167.111785
41.958701 -70.651673
48.99941 -100.433981
41.649427 -70.638695
48.454891 -122.93457
58.378912 -134.649643
60.35994 -146.725113
70.490477 -149.810924
55.91227 -133.304779
23.576902 -164.700821
36.167147 -76.065391
27.078067 -97.493291
57.547173 -155.877856
45.934078 -83.719429
65.655744 -168.12893
55.195588 -160.688372
62.78432 -164.8773
21.169561 -156.89613
48.095923 -91.234932
29.648634 -85.091399
45.153506 -67.294363
13.46212 -16.68673
46.468266 -84.723338
44.570301 -67.514839
56.717083 -133.699152
42.268168 -70.967351
41.644202 -70.650419
55.295349 -131.528201
56.38011 -158.498837
57.065206 -133.702925
48.097389 -90.510871
37.199506 -76.890927
55.0398 -159.337461
27.980967 -99.931812
69.645609 -141.002672
44.272346 -68.953686
29.30271 -90.013778
66.73458 -162.029615
44.258675 -68.274719
36.961851 -121.894667
59.906464 -149.360992
45.055713 -85.377586
29.226051 -91.219032
40.578169 -74.012996
41.294612 -70.196304
14.745182 -17.52616
60.864197 -147.925218
56.578414 -169.675327
44.531117 -67.568159
48.152879 -88.469573
57.440667 -156.226886
47.743605 -122.488491
58.034925 -153.209885
44.109833 -68.491521
41.56987 -70.64878
43.960613 -69.344147
47.753771 -90.323446
43.951096 -69.357231
59.917637 -151.757693
41.950745 -83.257292
29.184489 -83.065242
25.994273 -81.747834
60.580849 -147.566372
36.212157 -75.910658
27.010748 -97.466415
32.109709 -80.844431
47.786692 -122.495458
58.214289 -136.322713
35.35901 -76.420564
41.740126 -124.164716
55.986552 -160.574397
43.186608 -87.887586
59.878108 -139.769537
57.208003 -134.15539
45.181104 -85.611684
51.95159 177.571796
46.91238 -124.117712
26.973819 -99.377312
55.489782 -160.843407
58.213774 -151.986127
20.205392 -155.732704
65.224335 -166.475297
52.320697 -172.313133
47.21096 -122.719727
58.145425 -154.303363
30.093611 -84.10273
35.32866 -76.14291
56.260418 -132.379697
30.043328 -89.818561
43.745632 -70.194095
60.700966 -148.257153
47.866216 -124.562363
59.146465 -151.526062
44.081894 -87.655183
60.835667 -146.718132
30.148436 -89.190002
44.127237 -68.506979
47.729566 -122.873919
48.581348 -123.016541
58.846953 -153.34483
44.342835 -75.970185
59.944675 -162.100708
39.158825 -74.887167
34.000002 -120.046575
39.062787 -76.16906
20.799933 -156.501688
41.509292 -71.085663
56.194138 -160.411381
22.144547 -159.295875
55.312648 -131.462968
52.344869 -174.3177
42.661594 -124.416774
45.008359 -71.947201
30.205098 -89.447465
60.911256 -147.730391
29.183174 -102.989432
57.840272 -152.758168
70.335423 -148.089576
63.589268 -171.103558
57.426703 -154.708509
60.260891 -148.301513
44.436611 -68.142616
51.909834 -176.554661
33.001265 -79.483499
31.167204 -81.35488
37.265844 -122.411686
58.185909 -135.522646
42.193129 -124.374949
29.711074 -85.037212
42.394563 -86.284448
48.470724 -122.471832
59.981655 -148.490102
48.591792 -93.464308
44.907349 -86.031194
42.022429 -70.196693
60.686214 -147.405777
60.163069 -144.441936
29.148293 -103.008362
45.459239 -85.069573
52.127855 -173.984245
55.312805 -130.680982
25.329805 -80.352469
55.391051 -131.197489
55.837318 -133.352966
39.01452 -76.200666
27.976177 -96.986007
35.460494 -76.975254
55.243046 -162.89402
55.921766 -132.635291
18.334147 -65.259612
55.018898 -159.81012
55.287872 -161.827543
57.227847 -134.568147
52.584011 -171.149963
48.294159 -122.618466
45.75196 -84.982328
47.991667 -89.903501
23.866076 -166.280426
47.9662 -89.58823
46.980499 -90.930351
57.288862 -154.79384
62.006337 -165.756806
60.309837 -166.762522
46.475231 -86.735929
57.976837 -152.811127
58.880843 -160.016727
44.507248 -67.563622
66.269542 -161.835314
56.152571 -134.190371
32.500054 -114.812316
47.945605 -88.918029
58.230702 -151.972053
27.361529 -97.514411
59.650918 -153.415507
48.998087 -110.887459
60.614851 -145.83232
26.9979 -97.452141
56.578684 -133.075496
29.902996 -84.423834
60.499824 -152.315149
42.541875 -82.661677
24.764095 -80.961908
70.148829 -145.872923
47.842418 -122.346544
44.637201 -67.234275
60.861865 -150.883774
44.390466 -68.21554
30.578892 -88.074898
18.058527 -65.801831
48.57403 -93.461731
29.731651 -89.506065
56.199887 -133.957575
43.111096 -79.0614
46.472064 -86.947077
55.582905 -133.692825
26.915973 -99.324684
17.948153 -67.128251
44.705081 -75.505903
48.144728 -91.699336
55.992615 -131.294161
29.101711 -89.081022
27.634515 -99.624515
40.533738 -74.14023
70.015784 -162.468339
56.231775 -160.396338
38.287634 -75.908685
59.899947 -165.751851
46.838737 -91.997987
29.648491 -101.311219
28.953506 -82.723861
58.979221 -153.523522
29.328025 -91.217242
20.672719 -156.040341
58.848048 -160.829245
29.137298 -89.024149
36.904532 -76.43122
27.031253 -99.444062
55.163486 -133.212509
48.004945 -89.637177
43.775112 -69.915593
52.19032 -174.1901
55.522228 -133.283554
48.237132 -91.905991
65.029629 -166.692426
57.786981 -155.585411
44.069569 -83.590437
56.771196 -135.352176
44.417747 -68.249956
45.416415 -83.788777
55.116905 -161.608627
51.810609 -176.10107
51.717198 -177.838054
40.078442 -124.087086
51.681015 -177.856332
29.829199 -91.969568
54.694829 -163.140925
28.994003 -103.285936
48.063186 -91.447125
58.792915 -158.550626
55.200899 -132.104376
57.72405 -155.305814
-29.30666 27.4683
47.296021 -122.432335
48.640861 -94.029491
34.320444 -77.687226
60.285331 -152.42113
30.905792 -105.430089
28.687744 -96.192267
46.561039 -86.678182
47.130653 -122.692963
29.758795 -104.565951
42.522617 -70.866279
53.832343 -166.389196
58.851984 -137.089851
30.347061 -104.813478
39.625118 -74.190974
41.693794 -70.645962
68.852946 -165.572483
48.481736 -122.478851
38.628617 -77.248904
42.114952 -124.356229
60.852141 -147.750212
48.103793 -90.31723
63.465003 -161.676526
56.496332 -154.739644
57.969942 -134.233535
46.185838 -70.290896
43.877026 -83.427109
46.951799 -91.7773
60.824711 -147.732124
29.291947 -102.888328
45.018101 -86.101214
61.462393 -149.424755
48.188956 -91.0348
60.328985 -162.443659
29.864002 -102.261777
52.053234 -175.11768
28.609325 -100.44732
36.25787 -75.94984
45.82367 -67.755068
46.337014 -84.119122
64.58828 -163.060712
70.282183 -161.848909
56.138471 -132.050142
56.048822 -158.598367
24.913003 -80.635571
55.997488 -132.437399
30.852979 -105.394242
55.57752 -130.761883
60.576778 -145.95134
19.592702 -154.928205
17.976431 -66.756439
58.598353 -136.489445
44.31216 -68.827197
34.162618 -77.829209
44.034151 -76.121171
55.291648 -130.951572
67.013099 -162.654094
56.587365 -133.705085
29.356467 -89.283028
56.070654 -132.978414
28.589016 -96.032979
48.999911 -118.001106
53.250842 -167.644179
58.817368 -160.700623
59.072904 -154.008547
31.776207 -106.523643
30.246322 -88.73255
44.024404 -68.657369
26.77198 -82.221812
45.055222 -87.490216
40.568716 -73.944558
48.223967 -122.668385
35.928771 -75.929919
25.152302 -81.120616
46.557217 -70.026521
26.477605 -82.149368
28.125402 -82.842201
60.45826 -146.354767
47.285344 -122.547521
60.805662 -148.552206
41.632904 -70.889209
57.153645 -135.517868
42.550195 -70.848492
45.257175 -71.356835
58.727693 -158.351481
44.658866 -124.058281
55.466849 -162.565411
25.91568 -97.367642
63.782598 -171.692686
45.679323 -70.510171
33.433419 -118.558715
57.542821 -153.960406
33.732317 -118.354705
56.617695 -154.103243
30.40938 -87.906343
58.039052 -153.365574
44.64808 -86.25395
38.782998 -75.113331
26.654115 -82.149943
38.919976 -76.262226
19.641647 -154.983778
64.619336 -162.234477
43.366526 -76.669624
36.482496 -76.031949
27.720326 -97.170628
44.939421 -87.387253
28.250269 -100.267604
58.514636 -136.100293
31.783679 -107.00056
43.250363 -77.50092
57.564455 -156.044031
51.43894 179.218031
60.979915 -165.194964
30.149891 -89.595021
55.114091 -161.772265
56.345671 -132.684112
57.625192 -133.676449
37.735674 -122.255989
61.273652 -150.67125
55.449503 -131.835488
54.675476 -163.156061
30.118381 -89.656986
28.394899 -178.307816
51.809037 178.33219
48.622753 -122.874252
48.527466 -122.968483
35.813072 -75.566238
33.906031 -78.095429
29.494984 -91.8526
61.016658 -165.097425
48.017837 -89.782696
41.054342 -124.138217
43.957665 -69.288513
47.012783 -90.457453
63.089286 -162.998302
61.244627 -150.468812
51.917408 -178.070548
45.609566 -86.669022
56.834386 -153.778199
66.122177 -161.6653
28.417347 -96.853968
55.328857 -133.407028
29.531093 -94.780938
29.231154 -89.116238
45.609665 -85.491347
39.580256 -75.5872
30.769912 -81.460061
38.892726 -76.205063
33.206577 -79.172394
45.004529 -85.621878
60.667222 -146.016402
20.541646 -156.696662
35.75252 -121.315786
47.240984 -69.033456
70.768604 -154.169631
42.302483 -71.000948
45.763168 -85.00741
67.998714 -165.240848
54.895241 -132.637527
56.677977 -132.298664
59.474672 -150.521626
28.641942 -95.983106
41.667744 -70.029346
31.691401 -81.161084
39.322908 -76.276078
43.964546 -69.431686
49.002239 -122.405989
30.337895 -89.332546
44.375076 -68.961111
35.648287 -75.487678
47.959826 -89.639844
52.132069 -174.082814
42.585991 -82.701152
29.785433 -94.735271
54.792976 -133.511551
39.051174 -75.387914
43.918062 -83.907388
57.303937 -133.968495
27.333276 -97.366771
47.268604 -122.840431
38.197073 -76.910832
35.498474 -77.019076
47.216033 -68.803537
55.11158 -160.055642
56.356785 -132.546265
18.110873 -65.397837
61.181714 -165.2897
59.387265 -150.392481
39.363753 -75.394331
46.8671 -88.389727
42.841358 -78.859456
45.669201 -84.427495
41.048809 -71.991409
29.345923 -104.08215
39.306447 -76.176778
40.024305 -124.056408
46.858986 -91.134948
42.184853 -70.718707
61.075017 -146.642213
25.954974 -97.239867
70.11933 -143.255576
26.572466 -97.428151
57.463964 -133.857368
29.78854 -84.755595
54.952309 -133.166702
53.912519 -166.640466
39.540589 -75.569359
60.673799 -147.970684
27.872072 -82.487883
55.092415 -133.2397
20.067119 -155.387578
45.963948 -67.781378
60.74439 -146.20874
41.164912 -71.544446
66.579883 -163.931203
23.728069 -166.172852
41.022257 -72.055424
53.727328 -166.19906
24.607873 -81.66897
45.528783 -67.435044
47.178661 -122.742394
43.751616 -70.158456
48.249268 -92.387049
70.895983 -156.013512
29.021761 -89.158593
48.437046 -122.888771
54.585494 -164.23247
44.010297 -69.062172
57.025174 -156.758967
55.756247 -132.251732
56.154381 -132.9776
60.682822 -145.937031
41.882396 -87.616537
29.513858 -94.591407
61.117847 -147.554974
57.87286 -134.249716
48.460243 -122.842964
44.351111 -87.533583
47.384431 -88.389459
36.948271 -122.066421
47.365604 -122.437813
59.190843 -134.681924
40.434647222 -3.687088888
70.80601 -155.927958
55.827255 -158.865402
57.450252 -135.534221
41.039684 -72.137297
55.918654 -134.122839
56.702056 -132.528446
56.51569 -131.363465
51.859824 -176.625463
60.815947 -147.828765
55.054954 -132.633305
55.870037 -133.286331
29.282487 -90.043293
32.510094 -114.806017
27.732134 -99.77074
70.917371 -155.493044
56.780469 -133.76778
41.667184 -69.996359
44.592092 -88.016404
35.243228 -76.477893
48.528793 -93.594379
45.875982 -86.613536
44.831191 -124.066746
64.505859 -163.350926
48.348217 -122.565525
63.580074 -171.833681
46.15077 -84.100126
41.246697 -72.690439
44.203915 -68.789884
21.509598 -157.849579
43.059825 -70.703818
48.999604 -103.983786
26.23596 -98.654221
59.745709 -140.92722
31.701509 -81.186303
48.998888 -117.126075
57.941387 -134.221161
48.45013 -122.962532
51.632734 178.738019
42.28811 -71.006158
55.964175 -132.449891
60.156603 -165.723168
57.809731 -153.35358
45.821696 -86.774612
29.808253 -91.976478
17.900466 -66.509783
64.610352 -160.802048
48.010162 -89.67162
57.543911 -133.516749
64.999846 -166.705283
47.283484 -68.443235
44.827365 -87.901137
58.129089 -154.459389
46.920309 -90.569169
51.972166 -175.669707
26.433569 -97.229844
59.369183 -150.717987
45.335296 -86.948087
48.345596 -92.206803
60.55816 -165.415193
27.869408 -97.072174
55.104096 -162.4168
53.959831 -166.587393
29.814373 -85.31142
20.573674 -156.542808
44.415611 -124.084401
58.845881 -135.151115
57.243776 -135.358715
45.085271 -87.587992
57.775347 -135.364221
55.579484 -161.367405
54.853068 -131.98289
45.963201 -70.289632
47.69086 -122.878608
27.909242 -82.832155
39.391625 -75.431803
51.871049 177.327179
47.245678 -68.037335
44.831624 -85.651435
48.03477 -88.893701
27.888991 -97.133166
57.992785 -134.334424
28.640924 -96.328655
45.235575 -71.417132
60.202002 -147.720124
55.227884 -159.860991
55.280178 -162.586041
59.19132 -138.763467
58.840227 -153.314459
48.543526 -122.843559
35.625985 -75.729802
59.07578 -153.704162
27.53936 -82.742437
44.880939 -87.832764
35.809387 -75.624235
36.42589 -121.91474
68.045408 -165.430442
21.163175 -157.276474
58.480039 -134.790627
44.790078 -85.637
42.059736 -70.169781
35.472868 -76.985909
55.746494 -133.393005
20.894546 -156.474796
46.84476 -91.167601
29.30202 -94.930635
40.584102 -74.068184
55.444633 -160.323237
56.60054 -154.534726
70.904111 -153.326202
69.979796 -144.792614
48.244194 -92.386438
21.461335 -157.754239
48.122229 -90.775962
52.345323 -172.574154
45.055929 -85.99736
32.516161 -80.277681
45.01498 -73.014766
29.064129 -90.428986
41.681524 -71.298935
55.012836 -131.281052
58.181535 -134.877918
58.506572 -152.653673
45.258674 -86.984975
31.84474 -81.06279
46.99422 -89.118339
55.46034 -160.227504
61.146919 -165.172994
43.578493 -87.781255
55.86171 -133.693817
56.402183 -134.234099
31.315452 -81.25482
43.894035 -76.345978
56.043407 -156.672836
45.055145 -87.091639
46.753009 -87.590767
52.749053 173.983432
59.79571 -163.662607
57.537867 -135.565747
45.319022 -71.00905
45.667836 -70.552793
39.096344 -76.183908
42.59338 -82.76959
53.252311 -168.524991
43.988807 -83.746779
48.401068 -122.632643
54.419856 -164.456554
53.96957 -166.075287
48.073415 -122.305838
45.137886 -87.240308
42.077957 -80.230486
17.982746 -66.631944
19.20893 -155.360631
69.066713 -163.724184
30.047256 -89.368637
26.214798 -98.503492
39.219808 -76.417681
60.190041 -148.085791
56.223536 -131.90321
55.271156 -133.433792
28.716745 -100.506701
60.680027 -148.089645
27.986977 -97.075732
35.108546 -75.990569
54.910072 -132.901398
55.917506 -133.940298
60.86306 -151.791698
56.217807 -158.339765
28.98527 -103.115328
48.479874 -123.092209
48.999662 -100.913634
45.93539 -83.687691
38.365636 -77.18668
57.180643 -153.166002
41.824446 -70.543168
44.28421 -86.316025
45.75394 -85.002914
52.245011 -174.036222
21.310983 -157.913469
58.363409 -136.273929
30.103271 -84.024274
44.069843 -76.214446
53.544242 -166.612446
52.255317 -172.616839
40.243979 -124.34307
51.583252 -178.591812
55.808539 -160.409619
55.112772 -131.99548
18.122144 -67.861548
55.092548 -131.241196
35.221166 -75.698972
48.497128 -122.866165
56.056973 -132.062637
34.954745 -76.705875
45.158401 -87.045225
27.606398 -99.585148
41.182139 -71.605565
37.264973 -76.392788
29.633635 -91.648941
44.0145 -68.64736
56.67532 -157.542295
30.977192 -81.415825
59.508142 -150.554285
70.344534 -160.839536
43.946691 -83.885328
46.508669 -84.37504
27.870674 -97.343645
47.835904 -122.820178
58.392594 -137.111802
45.34476 -71.012757
59.161725 -151.590729
29.635773 -89.641228
18.409473 -65.769749
33.942481 -119.973691
43.750647 -83.954347
32.477407 -80.48025
45.760776 -86.820868
51.962217 179.77847
59.939777 -148.040863
48.395128 -122.63582
46.75338 -85.25686
37.50758 -122.111344
26.29897 -98.734613
61.257915 -150.132634
51.855497 -177.08101
46.998943 -90.669205
30.396299 -86.632953
28.856008 -100.580502
53.008776 -168.613964
41.307033 -72.010838
59.499777 -150.595056
45.94857 -86.22906
27.27645 -97.373318
36.931946 -76.033454
55.651318 -133.619064
17.952707 -66.871697
58.839306 -157.003607
48.295143 -124.676319
25.411058 -80.219025
21.899038 -159.584272
29.252358 -91.132533
48.049027 -89.993822
45.267617 -71.362831
56.830175 -153.843817
29.609952 -85.06653
41.381541 -82.499099
32.557459 -116.857154
41.05402 -72.095711
26.019956 -97.668298
21.430073 -158.182648
38.149264 -76.704048
55.804694 -159.624884
57.922353 -134.142164
35.959835 -75.947293
61.541537 -166.158345
70.110323 -143.200147
41.059878 -71.960355
51.693349 -176.608482
44.236547 -68.839422
59.308841 -135.538205
35.717935 -76.046813
58.184327 -134.541609
26.422059 -82.082915
37.610368 -76.36232
57.983519 -152.947547
64.55137 -163.974352
48.353304 -122.585162
28.190218 -100.196499
55.91006 -159.006267
57.057322 -133.02505
45.606533 -67.606172
33.546324 -117.801288
29.730451 -91.858923
46.16886 -84.113259
42.005611 -80.435451
42.244062 -70.764757
32.671353 -117.236239
63.186821 -170.281388
45.002771 -74.861927
55.033578 -160.082168
41.93865 -70.074006
54.855331 -163.391397
66.048984 -162.423726
40.961658 -73.154446
48.500917 -92.630644
43.672622 -83.909479
38.307206 -76.016291
29.120998 -103.524613
28.230106 -82.844009
29.276492 -90.526216
45.269132 -70.839042
46.88488 -90.754734
38.778116 -76.535379
45.292838 -87.057627
60.184596 -148.13499
47.428767 -91.077712
28.690723 -100.510055
37.620243 -75.60322
41.040611 -72.217476
48.159191 -123.725352
57.461208 -152.485621
56.609684 -154.210336
52.219521 -175.14064
61.072192 -164.991227
55.973011 -160.527094
55.081394 -133.233322
38.86432 -76.33103
46.85762 -91.10549
47.566122 -122.534664
47.473301 -87.801184
69.652482 -141.243946
56.824889 -157.469925
48.526021 -122.635738
47.300421 -122.444635
45.338173 -70.99273
60.22778 -166.812484
51.909898 178.484831
58.234933 -135.2877
36.398206 -121.905657
56.120192 -132.079548
46.923321 -88.455404
58.219416 -136.70125
25.176576 -80.858167
61.141669 -151.072775
55.823997 -130.08451
70.683669 -152.473348
46.870341 -91.133337
48.514374 -92.626639
38.043152 -75.829375
29.794023 -101.8754
30.238803 -88.752782
58.94207 -152.306763
43.618691 -83.725793
44.227112 -68.837849
57.578919 -133.62076
55.056412 -133.200607
59.960507 -166.89233
37.928753 -122.503064
25.207915 -80.535197
42.262935 -70.811742
37.88608 -122.627113
56.009908 -158.747305
17.946491 -66.290782
35.497752 -75.488585
45.00887 -72.481033
36.098568 -76.238712
27.099933 -82.460319
55.885098 -133.407883
55.472211 -132.219413
56.703136 -159.264871
28.144035 -100.083393
18.507776 -67.138249
54.179962 -165.481317
42.733624 -82.483604
55.614549 -159.72415
19.486649 -155.95149
54.238166 -165.587157
38.555217 -77.221117
70.895017 -153.747253
54.881192 -130.409764
41.67762 -87.3993
71.19642 -155.803853
48.219745 -124.690389
60.704659 -173.074646
51.93922 -175.785004
66.988391 -162.449219
34.467451 -120.25777
54.731975 -131.999591
29.669516 -92.134347
57.916604 -152.324103
57.057978 -133.613908
55.428721 -130.9208
34.051994 -120.390906
27.727006 -82.62572
48.611004 -122.614655
68.90936 -164.655317
57.130939 -153.506886
59.707065 -139.483129
57.03364 -153.204319
46.707929 -123.994242
59.456298 -150.4989
59.599513 -139.719171
45.779356 -86.612137
34.039048 -118.603572
55.215684 -131.733739
61.32724 -149.908261
57.693623 -155.626373
30.380334 -88.319599
29.081345 -103.471426
37.840249 -122.303884
41.571028 -71.20865
39.010057 -76.163616
48.584944 -93.812037
45.316839 -67.452267
56.608185 -133.70806
59.162549 -138.7059
57.695966 -134.700518
32.523594 -114.811576
55.933723 -131.630854
28.222061 -96.960493
60.611789 -145.896266
46.761243 -91.499696
28.363983 -80.603374
29.587088 -92.021919
55.239492 -162.029636
41.166787 -71.550226
38.02872 -122.956811
48.998562 -113.375925
64.385734 -162.632242
51.972471 -175.67264
27.622007 -99.584782
46.862469 -90.749481
27.268826 -82.55902
48.528897 -93.562062
71.192088 -155.829034
31.149166 -81.359349
55.105378 -132.594568
55.119373 -160.05282
29.598397 -102.761811
58.564671 -161.682907
44.580414 -67.481529
47.415272 -87.629898
61.046404 -151.166606
58.259499 -136.282257
48.644169 -122.868538
58.962055 -152.307709
37.00345 -122.186879
57.209297 -153.215967
64.776452 -161.64552
46.958088 -90.879621
25.538908 -81.204389
59.644249 -149.81665
26.525199 -99.127782
27.359988 -97.361796
56.085972 -133.629575
70.477117 -150.787069
56.216633 -156.778473
58.310003 -136.514319
48.225621 -90.837323
29.738993 -91.710935
60.368848 -147.618906
39.414527 -76.00688
48.405488 -122.644798
63.285556 -162.571695
55.919503 -161.640007
47.216687 -68.975089
41.156997 -73.109952
47.042156 -88.924492
41.486453 -71.243641
57.949716 -133.856391
29.929472 -89.263062
58.59777 -135.186357
58.027676 -154.891812
45.736498 -86.523197
52.059223 -175.132635
56.042458 -156.74231
52.359428 173.640825
67.041191 -163.097854
55.570976 -130.759504
44.388157 -68.483317
26.688612 -82.24596
55.845088 -131.890215
56.424264 -133.010817
46.557061 -86.675764
54.934785 -162.881639
55.164689 -159.905365
20.947701 -156.286332
56.134209 -134.106454
36.037362 -75.722609
48.017224 -89.807445
66.062829 -162.025701
59.017853 -154.158207
52.28399 -174.323471
59.255648 -150.897808
38.22508 -76.643929
27.111517 -80.138605
45.007872 -71.986705
54.161333 -165.832421
56.024327 -132.837592
56.400292 -133.914135
63.447857 -161.583772
53.776856 -166.111317
51.623133 178.864937
45.898784 -86.583304
57.612537 -157.607387
47.069063 -88.353191
48.426338 -122.843559
58.087766 -152.530388
44.272487 -83.425762
33.936366 -120.017715
66.651291 -162.124348
44.032993 -76.333786
34.015509 -118.502813
19.708524 -154.987168
55.048165 -159.570977
28.075597 -97.215467
18.515757 -67.093752
29.357231 -91.26994
55.023543 -131.549331
29.010139 -103.312987
56.036796 -158.417889
55.033429 -162.292511
53.33366 -168.432734
48.454891 -122.815598
56.49992 -133.92935
44.308022 -68.564005
48.999156 -99.861488
48.009821 -89.684931
68.340431 -166.784578
59.460531 -135.359745
55.934887 -158.909396
48.452511 -122.804893
29.714984 -92.180745
45.070544 -71.497304
46.674627 -85.587345
55.291378 -133.292404
29.580322 -89.668648
57.50571 -152.743084
71.103459 -155.146931
48.011446 -88.670073
55.586722 -133.17676
70.268337 -161.767838
55.778166 -160.342876
44.612979 -124.06914
27.451518 -99.495104
55.535151 -131.936689
46.750034 -69.943121
32.734849 -79.868352
21.708 -157.9923
42.320412 -124.420557
55.217872 -159.895326
43.852903 -70.002874
47.276408 -122.749621
31.324218 -81.268027
55.153374 -132.637274
64.545256 -164.421871
26.407902 -99.021935
29.820135 -89.345634
41.376636 -71.526724
48.100363 -90.483361
41.46858 -71.295885
54.045713 -165.313855
35.901639 -75.697672
47.232352 -88.623579
24.621408 -81.637087
40.6868 141.39
48.064593 -122.926851
44.971638 -74.99927
38.613011 -76.202598
38.671245 -76.340341
46.52622 -84.166028
48.300373 -122.504729
40.825363 -73.811889
44.355 -68.545434
51.899644 178.502493
25.181975 -80.807481
29.084605 -89.23631
55.836773 -158.758804
60.065933 -148.095718
69.556591 -163.03029
17.940216 -66.959998
36.136871 -75.813444
59.824721 -153.217481
61.141642 -147.550215
42.901456 -82.46404
22.001489 -160.09645
55.907967 -160.852417
60.76414 -148.229756
31.969346 -80.862814
58.688877 -160.438889
61.101176 -147.525097
48.517549 -92.625541
56.850465 -154.055228
51.423941 179.226883
58.602581 -161.62645
55.897436 -131.596947
57.926393 -152.841588
69.969315 -144.618671
38.138339 -76.320136
54.095467 -165.267012
54.85609 -163.414691
29.898149 -89.318306
43.967547 -69.197803
35.701794 -121.304583
28.397666 -96.504737
55.895675 -131.093956
59.8711 -166.648076
48.00816 -89.930745
55.016756 -159.453908
60.632053 -145.936921
59.741741 -161.911163
60.04769 -162.476759
26.402006 -99.053185
58.6208 -162.066269
60.727284 -151.870471
52.107251 -174.0891
47.114547 -88.288347
57.440413 -135.562234
57.707924 -133.65855
59.710384 -164.023331
55.060791 -161.942642
38.772157 -75.082153
60.143932 -144.340561
24.561993 -82.157463
48.68462 -122.962769
39.540702 -75.534014
46.596326 -123.939139
70.491428 -149.81974
34.023574 -120.302122
48.056318 -122.594922
47.815511 -122.482529
45.562279 -86.620239
60.33966 -164.962678
56.079024 -133.31092
54.122808 -165.74311
55.263905 -131.36376
55.971794 -131.287022
38.2333 -75.972212
59.432951 -150.700859
-7.2836546 112.6479533
45.874974 -86.529573
66.265378 -161.839478
64.561488 -164.307273
29.814356 -102.159601
46.100993 -70.266349
41.48855 -81.738755
56.686638 -132.537033
27.631137 -99.625322
30.984952 -81.490586
25.495275 -80.191743
55.027978 -131.984592
70.524105 -151.751558
35.184973 -120.805258
48.586109 -123.013687
47.136017 -124.185806
37.896617 -122.326568
55.789355 -131.640141
41.589321 -71.40377
55.182522 -132.634894
47.359795 -68.336236
29.112181 -89.363702
60.812442 -147.920445
42.255939 -79.798447
57.773918 -152.357233
59.760365 -139.559271
31.473124 -81.204883
34.065943 -118.99698
59.874579 -139.634462
29.17962 -102.994653
46.70256 -123.851356
28.218492 -96.962277
57.141151 -135.507751
39.596 -75.543965
43.217651 -70.576692
28.511639 -100.379079
66.925057 -162.444857
47.408421 -122.335234
45.833622 -84.596786
30.091536 -89.682181
29.28805 -91.164893
48.733082 -122.673472
58.663185 -136.246368
29.681486 -94.001406
41.644945 -71.267055
58.765316 -137.901675
47.972226 -122.683223
58.347971 -151.981781
52.319367 -174.45366
53.055839 -168.457103
57.317522 -134.008394
60.071598 -149.435938
60.627201 -147.348679
35.954043 -75.805138
45.854641 -86.784177
27.324784 -99.52126
38.324285 -75.964237
21.523857 -158.231171
55.126612 -130.806498
58.265446 -136.37149
55.892817 -134.348153
45.164864 -67.40537
26.394603 -97.369627
48.304123 -122.38431
70.995715 -155.161735
60.655714 -147.932931
41.276306 -71.94627
27.9196 -82.489817
55.450709 -160.137032
59.642765 -139.585789
47.31662 -122.533338
18.260675 -65.604425
38.60687 -77.169671
69.284464 -163.230902
63.672732 -170.606282
55.921717 -132.191893
30.318345 -88.480117
70.440751 -160.530362
58.367542 -134.969189
56.783704 -159.093468
35.871382 -75.753014
45.594906 -67.561359
54.829232 -163.299809
37.976657 -122.797405
58.678406 -160.257095
58.551842 -161.751999
59.237714 -151.488612
57.107209 -133.297277
59.922644 -148.6757
48.528769 -122.649256
45.03188 -83.454168
29.231241 -90.300304
29.4095 -89.822243
41.635125 -70.28132
45.240616 -71.379833
57.50429 -152.770196
44.079237 -83.591361
55.165272 -132.875214
33.940312 -118.44241
57.488993 -133.998266
36.485809 -75.907279
57.425041 -152.487525
48.436451 -122.808464
54.851631 -132.314213
56.019537 -133.287126
51.921268 179.484634
70.00728 -145.218593
55.822529 -160.940845
55.203914 -160.025257
56.864426 -157.394663
43.743227 -69.989131
57.119224 -153.861711
44.632504 -124.065008
42.231823 -87.812267
41.581034 -70.941588
54.067604 -165.5242
36.952372 -76.487559
48.043719 -91.567254
58.615828 -158.213861
48.18037 -88.418244
57.17268 -135.455994
55.478518 -160.501346
61.335044 -165.879599
44.233673 -69.040193
44.023247 -82.793205
60.922491 -151.679518
47.838773 -122.683742
48.552143 -122.77021
37.24947 -76.493302
25.960899 -97.206945
67.033884 -162.66074
36.140817 -75.752226
48.724524 -122.505684
44.228591 -68.480565
48.999457 -105.277521
45.360824 -85.182471
35.225688 -120.873046
60.189739 -147.32309
52.108228 -173.375229
55.169285 -131.326852
46.674263 -85.542517
59.551664 -150.192193
56.457504 -133.780457
34.010551 -119.376396
46.542709 -86.481956
48.789654 -122.971039
29.240627 -90.005718
41.353246 -70.768901
45.91592 -83.583054
48.165455 -123.955347
38.163639 -76.824274
60.690169 -145.84454
27.010699 -99.432155
34.036918 -120.440248
29.471389 -94.681541
71.070475 -155.108509
37.966576 -75.671681
58.587448 -152.638569
40.398828 -124.379082
63.708523 -171.65263
27.627464 -99.591372
42.967075 -70.6259
47.522184 -122.532909
37.178962 -76.616268
70.435998 -150.350541
60.606739 -145.760864
42.69209 -86.208654
21.278 -157.7572
45.818108 -85.529259
56.234467 -133.89094
44.721766 -83.284128
56.943244 -154.165409
53.920415 -166.435153
33.473819 -118.585936
59.354417 -151.924018
46.537028 -123.894254
30.362099 -88.66382
35.69849 -75.71294
26.11749 -98.299523
51.404401 179.386221
24.673998 -81.243232
55.067042 -131.350575
40.440995 -74.193908
57.891818 -153.236952
52.099428 -173.97133
60.028731 -148.317941
61.251301 -150.334576
55.367026 -133.257734
46.975208 -90.786865
45.310257 -86.95929
32.821962 -118.353504
48.096364 -90.057644
24.93842 -80.611693
27.9037 -82.63422
36.485602 -121.9416
41.409193 -70.948431
26.436279 -82.126671
58.712669 -160.306595
56.238484 -133.071435
32.868503 -118.506902
54.942755 -160.128009
30.314896 -89.322545
55.137886 -161.790349
43.679542 -87.706204
60.058862 -167.247627
40.907298 -73.59517
27.645246 -99.6595
25.324766 -81.151916
41.092451 -72.139233
57.074578 -134.008856
17.956027 -67.212101
35.349455 -76.132793
26.452358 -81.956611
45.395071 -70.684614
55.466274 -160.979298
29.666356 -94.971754
34.447094 -120.451425
57.223693 -135.621346
56.109768 -132.918716
39.979157 -74.064135
44.498524 -67.722876
57.420044 -134.89344
48.23655 -122.433767
29.850885 -89.317726
64.77129 -161.630287
57.861569 -153.09342
70.078271 -143.112951
67.123774 -163.730671
55.582752 -131.662977
56.583962 -133.723141
24.647167 -81.414187
44.885928 -87.206285
58.362024 -152.234718
45.792576 -84.423088
45.324336 -70.943887
56.982883 -132.81424
70.142517 -143.66225
41.68814 -70.729395
51.311038 -178.987236
59.157887 -151.880127
45.187589 -67.290603
46.235588 -70.258599
37.233856 -76.50364
32.555009 -114.792065
56.048168 -156.715668
56.748688 -135.318082
45.436701 -85.040936
58.295712 -152.138294
57.890408 -153.273676
42.640058 -79.078761
43.85434 -83.384487
47.197876 -122.701881
38.656729 -123.405663
48.381157 -124.731828
41.620336 -87.261536
17.978326 -66.784953
53.429201 -166.994329
46.058884 -83.554062
56.011764 -131.961507
58.34084 -134.637151
57.747579 -155.418855
54.909601 -159.31206
55.545067 -130.110311
60.80516 -146.800612
49.368679 -94.952111
38.109976 -75.938484
27.886341 -97.118667
48.099671 -91.226203
38.227185 -76.967335
44.977932 -85.780439
41.320577 -71.988153
47.996314 -89.582117
45.079144 -71.482862
29.611595 -91.990074
60.371648 -148.098205
63.154191 -162.844559
41.615041 -71.272412
46.841742 -87.687164
17.977963 -66.754397
40.929597 -73.33136
55.592422 -133.72673
36.955351 -76.315867
25.164959 -80.815183
63.634308 -162.558234
57.205059 -153.213802
32.839997 -79.699482
46.827593 -87.673177
43.553687 -70.261917
54.787571 -132.68988
38.608602 -75.061259
38.252275 -76.805949
55.542454 -133.312103
61.131172 -146.457567
48.608283 -93.367025
46.446219 -84.800101
59.626163 -139.640167
48.589916 -122.960861
27.308602 -97.498126
39.479602 -75.544368
56.837486 -132.770404
56.95617 -154.123489
26.253333333 127.7375
29.100133 -90.773458
33.541525 -117.784888
39.54661 -76.063811
45.742771 -85.503758
27.304077 -99.511531
55.869599 -133.847565
47.951451 -124.662334
29.201131 -94.991549
58.269049 -151.964103
39.004401 -123.6969
58.082607 -154.337628
56.909172 -153.600159
51.97007 177.532729
29.983354 -84.423335
37.796239 -76.651413
51.638175 -177.953024
28.062893 -82.831825
48.998951 -103.375467
55.275144 -132.037122
57.883921 -152.364777
59.165501 -151.858231
59.475459 -151.485624
35.233862 -75.640934
60.243885 -144.666134
63.164621 -162.834926
38.31512 -76.254473
34.86258 -76.379641
59.844297 -151.813619
44.069911 -69.064299
59.135994 -151.525101
45.793793 -86.415971
55.303263 -131.475602
41.629513 -70.801063
48.049248 -91.437582
47.735542 -122.774808
55.850418 -160.254478
27.778809 -99.844737
44.187047 -68.416434
57.307739 -133.835098
43.269263 -77.414516
24.711722 -81.071034
47.367558 -122.433334
46.011471 -83.908583
41.255881 -70.170681
28.650594 -95.978526
52.383763 -172.47461
26.080111 -173.95903
47.306275 -88.016478
30.202305 -89.091469
53.417497 -167.8448
55.379358 -131.034191
45.140266 -86.065016
56.148956 -158.104935
24.703737 -81.5124
55.443073 -133.068551
55.200099 -131.718468
45.766174 -84.715996
28.836168 -100.576846
21.3534 -157.7088
47.256621 -69.050334
55.129578 -132.882355
47.25733 -69.050737
57.482761 -134.83712
42.163625 -80.080028
55.951748 -160.818146
41.044355 -72.229364
60.340421 -139.698361
55.328271 -130.68693
39.059211 -75.395806
59.384984 -135.375212
28.31217 -96.791761
56.485579 -132.394268
34.415696 -119.638864
48.160621 -123.880068
30.754008 -105.15764
54.81498 -159.820343
48.118575 -90.774191
38.945698 -75.311882
43.126859 -124.424113
46.636364 -123.960642
45.365438 -67.434281
58.316567 -134.803831
27.615713 -82.565667
26.647429 -97.338489
48.647617 -122.577637
70.336996 -148.2582
46.719898 -123.848725
45.058486 -85.95976
48.177833 -90.804207
44.147216 -68.686581
55.157339 -162.141084
40.642201 -74.170187
54.940981 -160.191494
21.44804 -158.192352
45.427858333 -75.695869444
55.650716 -130.94683
45.73999 -84.644822
44.389674 -68.360318
34.272546 -77.740136
35.906522 -75.662019
52.731042 174.066195
45.284953 -70.919951
56.743466 -154.016213
47.155762 -88.764351
45.599583 -86.613803
60.76188 -148.592181
21.88292 -159.471962
29.932588 -89.804463
29.43078 -94.670389
53.757241 -167.024981
34.035245 -119.608798
48.119579 -122.558205
55.271751 -133.465332
55.056163 -132.624296
45.977165 -83.884827
29.877674 -102.301381
56.710054 -133.699822
18.445881 -66.133085
45.057805 -87.492702
26.264358 -80.079865
29.916574 -84.511996
56.481089 -158.284699
12.304888888 -1.497166666
60.256008 -147.389603
42.401814 -86.284969
39.583248 -75.519628
43.287561 -77.143416
26.055977 -173.965347
38.59139 -76.273496
39.299913 -75.251806
41.619225 -71.240709
42.678618 -82.659781
55.880119 -159.334002
63.540108 -162.296731
48.100575 -90.443462
21.399541 -157.721083
60.200094 -148.061865
41.560649 -81.599747
55.291893 -160.457764
41.028173 -124.112165
64.449432 -164.807747
27.779868 -82.622723
66.498552 -163.728308
41.943273 -70.623513
58.960845 -136.646082
31.012991 -81.432475
39.186456 -75.400144
57.487037 -156.045324
59.08761 -135.295084
57.917595 -134.255432
58.101294 -136.475811
56.237663 -132.950836
42.019904 -70.186708
46.981155 -90.866341
32.991334 -79.58659
55.89283 -133.413834
55.974883 -131.97043
59.242751 -135.528271
54.975285 -159.451251
35.261213 -76.467776
55.125502 -131.594978
27.066108 -97.477515
60.289677 -146.918594
18.438322 -65.878683
43.197108 -87.896286
7.35968 134.55115
30.396967 -81.39736
41.468097 -82.18885
25.998425 -81.750668
37.233294 -76.799079
46.764408 -90.866586
48.069274 -124.696542
59.812713 -149.615825
46.979313 -90.983887
48.072788 -122.614028
37.935527 -122.754606
33.050336 -79.339313
47.038204 -90.637077
41.39648 -70.446233
57.053694 -153.66381
57.439049 -135.145949
48.999228 -115.207912
51.964813 -175.652493
57.366544 -154.717624
53.426448 -167.134134
60.881805 -147.702501
44.41334 -68.51452
55.043919 -133.215485
30.378481 -87.853806
41.583327 -82.852957
39.501229 -75.529368
46.654008 -86.188024
60.444466 -144.964135
55.454946 -160.795988
32.548002 -114.803883
51.585155 -179.0401
39.38618 -76.035568
53.878775 -166.560546
70.175475 -146.734021
37.045748 -76.662558
41.046147 -72.174882
55.111221 -160.120395
46.43919 -84.503719
25.231353 -80.337345
26.398782 -99.085126
29.525031 -94.495025
46.839825 -90.584489
44.523934 -67.856684
56.855837 -134.411471
44.506653 -67.516029
28.410856 -80.587813
37.20712 -76.912818
41.702666 -71.291217
33.454028 -117.691384
27.735384 -97.147321
29.230683 -90.544547
47.000725 -90.928566
38.333165 -77.265295
45.841348 -67.772056
46.275925 -124.044018
45.5573 11.5409
48.663888 -94.254643
32.62505 -114.781872
28.05345 -82.826282
59.395119 -153.375366
57.148861 -135.409703
57.660314 -134.089875
29.070234 -89.062335
66.846476 -162.614738
35.96273 -76.381394
32.460976 -80.484617
43.280661 -77.341092
47.197876 -122.716164
59.639726 -153.621886
35.430196 -120.884757
26.142439 -97.296598
36.1012 -76.298733
61.842075 -165.730439
55.506216 -160.821773
55.788911 -159.411505
32.296151 -80.665109
60.228183 -151.406607
34.321118 -119.37578
29.569187 -101.244355
29.734315 -102.630151
48.152736 -123.131422
43.410223 -70.380776
47.547616 -124.359028
52.106343 -173.375595
51.962063 -176.096237
60.002875 -148.508825
34.083111 -119.037494
60.357132 -145.04155
26.445058 -81.938411
29.525004 -89.69623
55.354883 -131.711729
37.988313 -122.448413
42.051668 -70.123043
46.908593 -90.544515
42.518597 -82.686417
55.082565 -161.549896
58.499073 -134.967896
60.991835 -151.538227
29.073115 -103.471265
55.144527 -133.218674
-4.30041 15.31375
46.980679 -90.853012
59.446554 -151.75142
45.667098 -86.62043
56.78075 -158.78359
52.453664 173.440111
37.939225 -122.499465
30.305491 -89.271833
48.011237 -89.676896
30.231812 -88.299705
29.527938 -104.318074
43.880421 -87.736178
48.575074 -122.547438
48.347812 -92.207729
46.299865 -70.205719
55.745491 -160.663037
28.716752 -96.580564
56.52958 -132.701275
25.0773 -77.3468
47.224564 -68.992641
43.824336 -69.692429
48.054546 -122.363107
55.297802 -131.230432
51.964454 -176.698771
37.103885 -75.943915
26.364024 -98.90556
44.063306 -82.956658
56.53021 -157.168777
61.419087 -165.918612
57.989636 -135.593287
25.166751 -80.67985
55.421074 -131.854297
40.883499 -73.767076
47.335171 -122.491234
45.917898 -67.750422
59.331348 -153.546692
37.148035 -76.715295
55.250217 -131.302697
39.01001 -76.209114
27.5893 -82.764694
57.422185 -152.483717
41.54833 -70.559689
57.832653 -136.391157
70.987947 -155.168934
53.503747 -167.15852
45.681932 -85.604881
39.220834 -74.636306
56.222941 -132.394569
66.726713 -162.349774
56.227214 -134.058499
37.676114 -122.170904
45.083792 -87.591583
47.912125 -122.419274
41.204297 -73.014948
55.104011 -162.521688
58.959118 -135.296036
55.323997 -160.027054
57.715441 -155.635323
30.022054 -89.733323
52.036777 178.175781
55.021046 -132.959503
58.632102 -152.329835
24.719881 -81.015933
54.283707 -165.47775
33.460556 -117.715349
18.352794 -65.569013
35.058987 -76.035933
57.413246 -152.67325
36.993347 -76.383367
65.053498 -166.732794
58.947217 -136.91853
58.572838 -134.920898
45.199123 -83.334145
37.504143 -122.168449
47.003105 -90.937485
57.130939 -153.482139
30.32002 -88.471875
58.25048 -134.098144
38.010893 -122.300823
28.210416 -100.21345
58.619902 -158.232276
29.680138 -85.220324
56.556984 -134.246095
70.547925 -151.774703
48.008312 -89.669374
66.221051 -161.313025
60.075523 -147.951279
48.526508 -93.815178
45.500067 -67.470732
19.608159 -155.978206
45.599267 -70.650424
45.17224 -67.242293
56.386528 -132.407059
45.242958 -71.13943
45.774723 -85.396172
38.276956 -76.180165
55.128396 -130.855277
45.33453 -70.950824
41.534672 -71.313079
46.996563 -90.941055
59.594141 -151.158254
45.093526 -71.462063
44.41807 -68.392559
54.072218 -165.482747
38.187209 -76.552957
56.202584 -133.957471
56.403848 -154.73655
51.924942 -175.760254
20.754701 -156.869753
40.925732 -124.137066
28.982138 -103.28119
45.056728 -83.213959
28.674003 -96.570386
46.381352 -70.125459
33.124865 -79.24609
58.838826 -136.58343
17.99026 -65.896102
53.143794 -168.799469
48.5722 -122.629321
33.47654 -118.60403
70.768325 -154.181863
44.066138 -82.967439
70.690673 -159.913805
29.721373 -94.851108
38.266949 -75.951497
41.720524 -82.810487
59.35895 -153.947396
21.896585 -159.574991
27.756479 -175.932022
45.026462 -83.287974
46.710322 -89.973803
44.648521 -75.580912
29.745917 -92.195022
43.316243 -82.529416
57.954712 -134.245911
58.148445 -157.556556
53.341788 -167.959096
54.864204 -159.272354
55.112174 -161.956595
48.615139 -123.007973
29.79133 -88.867973
46.836388 -124.108078
26.465057 -81.966212
58.193249 -151.890869
33.447879 -118.499669
58.883808 -136.552277
59.747979 -140.14109
70.508713 -149.656806
41.487601 -71.325365
27.890601 -82.542818
55.12584 -162.460958
43.87553 -68.889367
48.717296 -123.040179
70.300054 -161.844688
33.844517 -77.970606
41.4556 -71.32141
40.250453 -124.352715
61.014944 -165.096828
39.440824 -75.483572
59.243057 -137.604277
70.199954 -147.681722
55.867062 -133.231018
56.773402 -133.334308
45.658067 -85.609295
29.975597 -89.249969
27.634652 -97.239784
30.02421 -104.703998
55.247286 -130.985304
37.507907 -122.140142
56.62002 -157.615041
29.137822 -103.010325
27.889097 -82.48142
30.368908 -88.311608
35.852428 -75.748276
32.745657 -79.873605
30.59527778 114.27
47.831438 -122.688596
54.801914 -130.742316
41.940701 -70.608166
55.929559 -131.610629
55.333264 -133.279271
18.081977 -65.524209
63.177434 -170.193695
43.138055 -79.044066
24.931236 -80.623866
63.635727 -162.541389
48.515366 -93.756483
59.654344 -153.155019
45.654771 -84.442348
38.828314 -76.2978
41.505446 -81.964912
38.252894 -75.954542
56.118095 -133.643852
55.892319 -134.168363
60.27961 -146.693634
43.683251 -70.251812
31.949065 -80.897687
35.192643 -76.521733
41.348161 -70.451084
45.01353 -87.336457
19.081138 -155.908355
41.66709 -70.653754
29.476789 -83.323214
48.47879 -122.712981
48.190072 -91.024208
29.715854 -85.121473
60.025429 -152.608599
41.644434 -71.283005
56.706864 -132.544177
21.2988 -158.0883
30.367689 -88.397236
35.121087 -75.973499
60.734401 -146.312283
48.148723 -90.778031
55.822361 -160.479355
63.869196 -160.787624
59.112061 -135.36624
48.09594 -122.979413
32.582652 -114.803987
29.772313 -92.056398
59.367967 -154.087803
55.413467 -160.239304
56.763324 -159.156455
19.730766 -156.064364
46.86361 -91.226796
24.81194 -80.796053
61.749667 -141.002072
55.548668 -160.652775
26.395459 -99.008003
55.766997 -131.043527
55.332279 -131.63797
30.079128 -89.481926
60.897985 -149.252482
57.074702 -153.4896
38.81899 -123.601569
32.561976 -114.804429
56.342578 -133.952966
51.812745 -177.685555
55.197313 -162.692309
56.898486 -157.015665
55.102558 -159.886109
55.870499 -160.933754
70.509203 -149.661165
51.608952 -178.68129
63.694225 -170.344855
39.332473 -75.326754
44.210803 -87.507419
48.999703 -105.612577
52.89445 -169.773504
33.917625 -120.048315
53.707929 -167.041245
60.296951 -151.381959
55.911678 -133.319061
46.532827 -85.052954
60.366489 -152.307615
45.126392 -67.345585
29.150486 -100.739681
56.953039 -135.379725
63.366114 -171.739321
25.38081 -80.25461
42.952001 -82.428603
27.808764 -97.227692
31.720934 -81.138448
51.9587 179.777158
29.345352 -89.2653
40.844616 -73.782093
47.699136 -122.504604
44.243311 -68.369759
45.719834 -70.400404
29.572232 -94.570006
54.899961 -132.370179
23.575563 -164.712448
59.514287 -150.431518
29.720694 -91.61809
46.967604 -90.523298
41.844793 -86.679355
44.199534 -68.454224
58.373058 -135.475685
25.144511 -80.709141
57.777783 -135.225158
37.697909 -122.997189
57.036838 -153.320929
38.025533 -76.046213
48.247801 -91.980772
43.437539 -82.539517
46.688896 -85.841057
54.90234 -133.071518
24.589973 -81.739241
42.2851 -70.896267
71.146473 -155.03174
48.497611 -92.684866
29.788252 -101.785668
40.208816 -124.296497
29.722406 -84.888031
30.402376 -88.823724
55.229149 -159.886523
39.340491 -76.133225
43.989582 -87.695503
38.026566 -76.516547
57.8354 -152.725302
56.109985 -134.232195
28.028708 -97.040618
55.753161 -132.185478
61.090246 -146.262451
43.810445 -87.726407
43.909539 -69.438066
53.791538 -166.303201
46.958855 -88.167227
55.996338 -133.392417
47.207142 -67.97137
33.705654 -78.862931
41.373316 -71.555381
37.826814 -122.317676
57.76097 -155.506533
60.032575 -149.440697
47.85575 -89.044463
44.146495 -68.484696
57.975683 -152.421408
57.308133 -134.125096
65.444979 -167.574639
48.596313 -92.909947
46.906632 -88.281244
57.696454 -133.543928
45.193213 -67.428889
43.810927 -70.011035
27.282174 -97.659459
48.238051 -122.704142
59.737613 -140.883583
29.560535 -104.394351
44.058362 -68.601099
43.805097 -69.999376
29.695591 -102.698347
58.374153 -134.806091
55.138946 -131.542193
56.554053 -154.39248
24.723926 -81.066816
45.129475 -67.353434
44.990983 -85.604301
60.965161 -146.879853
40.468707 -73.995683
56.56207 -133.663064
39.61832 -75.614065
44.190753 -68.424441
26.927791 -82.067725
30.331197 -89.18684
41.396866 -82.431315
31.306769 -105.903461
70.876609 -153.934351
19.546612 -155.960457
59.423836 -161.837936
58.339686 -152.925586
22.217744 -159.357227
43.586515 -70.20112
45.782019 -86.631018
39.604552 -123.787417
37.686433 -122.496784
48.519138 -122.930412
19.091059 -155.544806
24.55307 -82.166382
55.765798 -159.494404
52.917171 -170.020493
63.07855 -169.829912
35.356762 -76.327263
26.152246 -81.808833
48.099131 -90.293326
26.092057 -97.279804
63.32914 -168.932623
48.543903 -122.68944
31.010259 -81.457795
57.803323 -133.638899
32.527666 -114.810563
35.493903 -75.963053
45.249712 -71.231122
28.428054 -96.840881
65.400259 -167.398458
25.948097 -97.248033
55.039452 -132.094024
42.040363 -70.058531
54.962601 -162.235675
55.449657 -133.243103
27.060634 -82.445718
18.453655 -66.043272
58.53169 -153.920827
63.084717 -169.51365
48.297987 -122.584086
41.870877 -83.381955
59.881717 -149.29436
32.820338 -118.401268
40.130542 -124.187874
47.066757 -90.591278
24.728781 -81.322289
70.758609 -159.13779
60.580603 -165.346721
38.261609 -76.837789
37.30767 -76.38777
43.625765 -70.211204
55.559079 -130.803524
45.895167 -67.783314
52.356579 173.725696
55.233718 -132.072751
18.248653 -65.59494
28.722859 -96.584127
25.996128 -97.219244
60.400129 -166.134927
34.066231 -119.004644
45.798885 -70.395907
55.207047 -161.560211
60.147739 -144.429077
30.383898 -89.016334
44.003845 -68.652881
66.262426 -161.484539
38.768408 -123.533535
29.578729 -92.61627
48.523895 -122.919106
60.36784 -151.956268
44.306675 -68.191924
38.387781 -76.388348
46.98837 -124.139733
58.767359 -134.935179
46.52652 -85.056133
33.173712 -79.18787
56.040227 -134.171731
55.510395 -130.877117
58.826828 -136.082095
55.531558 -132.54811
29.716418 -92.144431
35.55742 -76.471207
57.336663 -134.086818
57.311142 -156.420864
48.997537 -111.003916
55.177765 -132.909134
44.276303 -68.298223
45.493733 -84.039958
71.091999 -155.061428
21.182636 -156.950808
60.600206 -148.237828
29.520844 -91.76545
25.156295 -81.133567
32.520153 -114.809723
48.763531 -122.883049
44.781594 -85.505244
39.202594 -75.023586
46.164778 -123.891186
63.176511 -169.042674
46.500021 -84.325371
40.616906 -74.200994
48.069153 -122.739271
29.684212 -89.596802
55.351822 -130.979156
48.107011 -91.665208
37.497488 -76.306952
26.157872 -98.386694
60.223689 -148.234227
56.914292 -153.690971
45.015873 -72.777306
56.256849 -132.379102
45.191081 -67.271076
45.74713 -84.799558
38.249373 -76.044251
25.902447 -97.365976
35.721671 -75.515745
47.481421 -122.361336
56.209049 -134.251244
25.149386 -80.775544
53.093684 -168.768544
56.932553 -134.223939
45.334679 -71.011144
40.837601 -73.782577
54.161028 -165.837274
29.883106 -81.270442
47.276804 -69.049593
29.462775 -90.01251
45.732618 -86.647319
26.900967 -97.540111
41.086116 -72.445242
46.976933 -90.654922
43.971804 -69.398455
36.178072 -75.995191
44.052404 -83.650116
29.261742 -100.823533
59.020867 -137.030068
29.78417 -101.763274
35.860103 -121.426955
58.567936 -136.164063
32.590523 -80.121368
58.852585 -160.232346
58.123364 -153.227567
54.832783 -132.657761
30.338819 -88.198361
45.417182 -70.744787
18.024548 -67.173761
28.211208 -96.702659
48.613001 -93.827959
55.852845 -159.465282
61.104545 -165.350154
45.83403 -67.76503
58.843551 -153.350964
56.89167 -158.856307
37.976623 -75.71315
45.670001 -70.519537
41.570664 -82.820207
48.141643 -91.698174
33.439351 -118.570927
30.196584 -88.453654
20.877219 -157.054552
58.968418 -136.120307
49.30772 -95.153319
60.894819 -147.517424
52.113117 -174.109089
45.520042 -86.666641
26.974106 -97.475937
60.115974 -147.890594
39.208159 -75.086395
30.120834 -89.216179
41.907158 -70.545949
48.78553 -122.971039
55.103267 -163.051631
44.285595 -68.682396
38.910013 -76.49368
44.419434 -67.855108
54.963396 -164.086798
55.269708 -162.576523
55.472736 -160.976551
35.509671 -121.059913
47.00013 -90.669205
31.016703 -81.420474
17.969015 -66.605035
43.338436 -86.407832
26.030838 -97.71992
55.79613 -160.463607
42.63503 -70.594014
27.113612 -82.46889
52.469023 -171.208919
64.359971 -162.719218
58.116224 -152.615103
55.889456 -160.380573
29.618741 -92.01627
28.486249 -100.344181
58.829136 -160.823489
26.484856 -81.997012
67.092491 -163.57701
51.921135 -177.442062
25.076084 -80.443375
55.43544 -163.139343
60.593994 -145.800415
71.012473 -155.711852
27.850669 -97.359935
48.156633 -123.143229
26.93449 -99.379149
47.354988 -122.448395
33.220569 -119.500684
59.542406 -150.342037
39.143442 -123.737913
37.661986 -76.583143
17.948214 -66.174839
58.177979 -152.562829
58.752487 -135.01846
44.016543 -76.274408
41.889248 -87.61268
29.893112 -84.378937
27.110732 -82.465319
37.551729 -75.937299
48.04429 -122.766648
27.602251 -99.580006
58.490276 -133.499893
18.379532 -65.642565
59.31812 -150.877447
48.087588 -90.029626
44.539435 -67.562321
44.059849 -76.150676
42.391513 -70.980336
44.537575 -67.660678
37.1706 -75.830341
30.092286 -84.083057
28.826317 -100.57051
32.805996 -79.726389
56.947381 -134.126562
43.687546 -70.171339
61.261091 -147.717729
21.225684 -157.26069
39.347823 -75.355558
55.957253 -131.331691
56.794264 -133.675103
58.224393 -136.139007
45.242715 -71.182782
18.941723 -155.638054
70.875842 -157.768452
46.733664 -124.063117
58.005872 -133.782152
28.111225 -82.842743
52.773415 -169.197845
54.863086 -130.955215
25.301337 -80.383013
19.488805 -155.952897
55.849148 -158.719788
48.656323 -94.250191
35.070116 -76.474521
20.980262 -156.680905
37.861764 -122.41847
57.374401 -134.47724
60.94266 -147.20493
55.166076 -132.581133
44.621518 -67.533925
33.409883 -118.382037
41.715715 -70.651093
63.12328 -163.520806
55.260052 -132.061625
38.844254 -75.232029
43.71998 -70.217998
55.87896 -133.249451
58.271883 -157.541564
38.066814 -75.819591
69.727406 -163.03539
42.65765 -70.61482
60.338337 -146.25293
38.010226 -76.465291
56.647316 -157.425217
59.227586 -151.28488
35.116204 -76.557704
41.540675 -82.785496
55.796309 -130.94438
36.339047 -75.831858
55.541821 -133.16135
55.761364 -133.335312
29.072313 -90.641247
67.043331 -162.490552
23.119444444 113.315
60.877045 -147.431244
43.753211 -70.094986
26.192312 -97.294817
29.281852 -103.856893
64.430019 -163.229206
41.538534 -82.999916
44.914781 -85.972824
41.69714 -82.786304
37.901926 -75.72049
57.183289 -153.097019
55.423481 -133.434647
58.320107 -154.174999
59.503415 -139.746478
48.977299 -123.021459
19.653905 -156.032928
56.464169 -133.775696
44.960347 -85.520205
58.785962 -157.484062
71.072042 -155.075362
48.602287 -122.971329
61.084107 -164.951372
44.237099 -68.274427
55.883411 -158.773087
60.797497 -151.025634
66.450143 -161.624334
44.257836 -68.254153
53.324142 -168.425595
43.70832 -70.129383
27.2399 -97.503215
27.069759 -97.47213
55.444897 -133.293076
59.156005 -151.739068
54.295333 -165.478452
47.0037 -90.547852
24.587572 -82.146164
43.285006 -76.922351
29.740689 -91.783674
34.025974 -120.140362
48.50821 -122.568071
55.223417 -131.736119
66.060803 -163.76751
27.829204 -97.227317
55.43895 -133.231796
29.344418 -89.200389
24.740204 -81.341797
42.580436 -70.664887
20.950184 -156.324578
54.051441 -166.019861
18.050664 -65.83109
35.946935 -76.317687
25.920035 -97.542957
42.57922 -87.813273
55.249035 -131.399445
60.048756 -144.39386
39.274097 -75.241639
56.883026 -154.227193
66.348918 -161.219834
25.173293 -80.681611
58.081924 -152.631214
29.733963 -101.397009
29.612635 -84.957779
59.038895 -158.372801
45.167259 -87.238224
55.595071 -132.332401
52.035509 -175.988653
57.793861 -134.141205
45.030128 -86.097094
59.97723 -162.585518
28.477196 -100.368288
30.321472 -88.504802
47.343774 -122.671256
44.63922 -67.213025
69.675245 -141.434872
27.568094 -99.512219
52.990421 -168.466873
52.790576 -169.750136
44.397973 -68.416412
41.628479 -70.245867
19.481905 -155.936403
48.094104 -90.346689
56.968334 -154.40749
48.567608 -122.774971
43.974311 -69.331411
31.125383 -81.402096
33.226737 -119.517514
55.13026 -161.663618
42.966613 -82.416737
37.446959 -75.655634
44.085734 -69.092
52.758745 -170.052922
25.147292 -80.650326
51.983002 -175.954422
41.137134 -72.318146
53.96862 -166.196152
61.06706 -165.403007
47.959507 -122.249007
56.573335 -157.913262
43.225361 -82.523086
59.99593 -147.865738
54.121919 -165.023065
48.669811 -123.218918
48.159716 -91.705109
48.036346 -122.677153
46.050725 -85.152027
48.059077 -122.513994
60.440273 -146.355682
43.831498 -68.893537
60.869741 -147.217749
42.057714 -70.233256
24.649893 -81.477915
46.191599 -70.292736
55.015574 -132.168076
48.50248 -122.870926
58.923514 -136.724994
45.956247 -84.330021
51.686719 -176.950128
56.133117 -132.026942
25.207915 -80.556888
64.764478 -161.595506
59.867321 -147.453964
45.985969 -70.295986
52.902043 -170.112853
29.215053 -89.482844
29.57864 -92.035461
67.01049 -162.603562
56.855052 -154.030502
29.700768 -89.618446
44.284435 -68.627515
27.302994 -97.651726
48.214522 -122.444508
39.9078 32.8555
48.625717 -122.46425
54.974598 -159.33177
59.224947 -151.525127
44.007625 -69.058268
45.051056 -83.442052
26.394056 -98.958325
35.266008 -75.561033
34.400506 -77.582323
58.513946 -134.84119
27.864839 -97.242654
18.038988 -65.834274
57.769294 -133.586976
48.643717 -94.064243
43.755397 -69.780097
24.81428 -80.830158
29.813732 -91.97968
37.035604 -76.612124
66.230303 -163.904813
60.241644 -152.539843
57.015139 -135.65054
35.332032 -76.554332
55.354038 -161.280675
55.841534 -158.861603
26.159487 -97.306776
59.782835 -150.041893
54.985515 -131.335124
60.066364 -147.887619
30.343585 -86.222561
42.034575 -70.166884
21.976729 -160.060549
44.945631 -85.815451
18.376436 -65.627246
46.81889 -89.619329
6.95784 158.21637
31.332177 -111.000643
53.771348 -166.983294
37.894555 -122.323131
48.242914 -92.384387
39.536912 -76.096072
57.307982 -133.47589
70.54649 -151.709462
57.152894 -134.615141
57.802212 -135.377758
51.793297 -177.797719
58.288533 -152.878858
45.543243 -86.648788
56.509071 -132.615265
48.516021 -93.794454
28.382254 -96.388277
48.659397 -122.910416
45.76651 -87.063975
55.914642 -134.118062
51.721125 -177.555197
35.084234 -76.000949
59.646214 -161.854752
54.942266 -159.426615
54.903085 -163.319956
35.371375 -76.472273
56.450498 -134.210968
52.021588 -175.341624
41.610361 -70.904522
47.220928 -122.714908
36.164853 -75.920028
41.24448 -72.710595
55.086227 -162.512104
29.110277 -89.094347
56.945034 -154.145167
59.236141 -150.975164
41.610072 -71.212656
47.803318 -122.394944
44.035796 -68.807315
55.610933 -159.735196
41.882973 -70.070889
21.326622 -158.111949
43.13321 -87.901385
41.54365 -69.998071
19.377984 -155.898792
33.552224 -117.814188
44.693246 -87.71978
55.163036 -131.087497
31.915822 -80.968494
57.783539 -155.596857
67.00671 -162.211633
39.436712 -76.081176
32.952726 -79.617611
30.452738 -88.106437
37.538505 -122.214264
57.631381 -135.474703
45.356544 -70.81445
69.970112 -144.738976
58.648903 -160.250427
42.416197 -70.905692
20.648519 -156.089365
29.896812 -84.349066
59.0819 -135.304601
19.11371 -155.528902
29.008436 -89.364654
58.297233 -135.095814
28.986421 -100.645894
45.370787 -67.431232
57.48245 -134.057753
38.620717 -77.245104
43.888681 -76.145506
48.561363 -122.929451
58.977261 -136.162725
45.922112 -85.910264
48.10463 -90.091639
56.868391 -133.887426
57.065266 -153.337468
46.746202 -124.096515
29.794516 -91.983871
58.345275 -136.873764
63.308781 -168.796086
57.689887 -133.962582
48.717004 -122.702223
48.622753 -122.984657
60.001762 -148.13092
20.021969 -155.282629
56.141163 -133.062175
41.019297 -73.522666
51.802386 -176.139622
21.434313 -157.790543
29.853314 -104.630103
60.509659 -151.909622
59.952149 -148.735663
55.778618 -133.700562
43.581467 -82.593785
46.847216 -87.736732
17.998019 -67.207694
25.950243 -97.160294
30.784392 -105.185931
29.934145 -89.81803
54.213629 -166.002465
47.475999 -88.040291
27.682655 -97.232376
41.906635 -80.782052
57.577178 -135.325849
43.939198 -69.341766
47.228809 -122.706047
21.18551 -156.991318
51.250963 -179.07232
43.742717 -70.127051
63.623408 -161.013662
55.889173 -159.280554
35.1196 -75.912985
59.955109 -164.198545
52.25 -0.833327
45.968578 -84.525052
37.219263 -76.013778
52.498039 -171.194639
38.268945 -76.864292
39.723071 -123.829545
51.994423 -175.814514
46.994636 -90.464079
40.279411 -73.981681
61.035123 -148.105388
41.322497 -72.177622
47.729219 -122.37314
59.828066 -153.278808
33.223027 -119.511659
64.968113 -166.636843
48.528106 -122.485288
41.911658 -70.065671
60.910004 -150.04557
44.566742 -86.220697
30.369985 -88.316525
55.925226 -133.441475
60.371647 -151.956268
43.836287 -69.649798
46.083702 -83.864059
55.936192 -133.812119
35.799332 -75.553934
45.836002 -84.612846
41.538254 -70.633607
60.848016 -147.937591
56.598924 -133.662631
41.649145 -70.775798
60.673364 -152.021936
60.869374 -146.188185
58.230493 -134.102903
57.488028 -152.719447
44.432857 -68.294865
59.349413 -151.952705
55.639979 -160.433022
48.535833 -93.817572
59.272453 -151.161733
43.249295 -70.593907
48.091217 -90.373042
17.957717 -66.368777
55.544301 -130.872056
37.209336 -76.780532
58.752171 -136.161943
45.392579 -70.692497
48.517329 -93.72368
45.332259 -86.887802
51.821748 178.305568
69.124077 -163.574034
48.222241 -122.692971
58.773731 -159.91031
56.66871 -132.622788
44.63306 -67.522802
45.936629 -85.954063
55.69696 -131.701147
38.532468 -76.278106
61.083574 -151.121692
48.356121 -92.143583
53.429884 -166.878087
47.217842 -67.998171
41.021919 -73.531169
48.894639 -122.783747
44.392337 -68.3581
37.231225 -75.790386
52.091324 -174.786809
45.253543 -71.221994
35.906982 -75.648519
59.114868 -154.243785
56.238258 -133.002594
38.125123 -76.056811
57.908101 -152.585985
48.117026 -122.748911
48.445374 -122.890556
59.204523 -150.994009
45.662693 -70.563779
62.83951 -164.850838
44.095162 -69.056303
55.047337 -131.511855
30.368721 -88.8266
55.27776 -129.985379
55.379392 -133.18328
18.224059 -65.593795
55.281269 -133.307693
55.921826 -131.611819
27.843233 -97.081688
31.783513 -107.00056
55.331963 -130.965973
45.82852 -67.762812
41.323997 -72.184122
29.475986 -94.628217
61.101428 -149.915666
55.085522 -159.770142
57.619486 -132.658124
59.345364 -135.029245
60.001167 -144.196838
34.055051 -119.770729
21.188754 -157.053053
43.271456 -76.999691
41.158722 -72.278789
32.561976 -114.793312
18.443875 -66.023221
70.042531 -142.746807
25.140913 -80.802266
47.284625 -68.45825
29.597799 -102.757066
43.875061 -76.227485
47.757109 -122.470333
57.043308 -153.324265
45.953765 -86.159415
29.687248 -104.53577
66.859572 -162.626696
60.328579 -145.161469
46.841621 -89.49908
57.218773 -153.209732
48.647812 -123.163925
29.741954 -102.670971
20.124539 -155.598033
27.99044 -96.929053
48.645018 -122.609576
41.511912 -71.003275
47.958743 -122.676215
58.606305 -136.465243
57.766536 -153.469892
48.642777 -94.000675
52.823286 173.302331
47.403013 -87.759057
47.297521 -122.424235
55.740488 -132.229647
37.904209 -122.362346
48.605621 -122.815712
55.713361 -162.214202
39.24904 -76.400942
46.041845 -70.293639
55.641384 -160.279827
55.911774 -160.871445
43.989095 -83.829077
57.387456 -158.060041
56.599509 -157.979887
57.640923 -153.705322
47.296804 -68.470282
55.821545 -158.862549
69.090567 -163.655864
29.82596 -88.84301
38.112014 -122.489974
54.739349 -132.884735
47.282547 -68.448844
57.77688 -155.533627
55.104572 -161.918839
45.330554 -70.816585
57.132193 -133.26218
55.095084 -130.818396
64.469501 -163.253027
41.460947 -70.760863
27.0628 -97.479042
37.166994 -76.610972
58.602676 -135.89566
53.521902 -168.238321
57.646224 -153.749178
42.20882 -124.375553
25.651849 -80.267065
55.915877 -131.680228
63.037763 -163.316203
25.168094 -80.830034
48.021321 -89.736851
56.512047 -132.587906
41.178013 -72.213036
41.258497 -72.935646
57.297729 -133.444958
55.560898 -133.327576
35.936668 -76.608052
43.630056 -83.778919
29.433692 -89.577096
44.283858 -68.289409
38.750112 -75.080217
59.961311 -147.681198
55.131094 -131.577773
47.427013 -69.096756
58.824032 -160.179047
51.657634 178.645511
21.4876 -158.233
40.603501 -73.450369
18.917466 -155.672005
58.745349 -134.937558
60.092428 -142.875248
21.197375 -157.113438
70.408877 -151.343202
41.752135 -87.542845
28.515748 -100.38886
45.769455 -85.690704
59.844597 -149.402863
29.82526 -89.372971
45.237216 -71.391901
60.457078 -147.779329
25.0249 55.0399
57.547055 -157.772496
44.409562 -68.006102
46.53992 -84.193729
40.276212 -124.363634
70.815164 -154.260799
30.377446 -87.845132
38.015685 -75.970168
48.509617 -122.769203
18.373179 -65.711398
52.12547 -173.890733
29.241625 -102.871347
54.747518 -163.331516
37.198851 -76.685614
55.387154 -160.141834
29.393489 -94.766848
48.639408 -122.775742
39.33082 -75.469324
29.13869 -89.417718
26.698496 -82.264351
37.956282 -75.665057
55.357413 -133.041187
60.827113 -148.426555
58.654421 -136.396076
45.761047 -84.525406
48.173765 -90.832589
60.110675 -162.494327
29.792676 -101.917557
39.264698 -75.408376
20.212417 -155.735822
39.204512 -75.393015
70.498292 -150.614734
36.146595 -76.383982
25.839906 -81.386127
52.905181 172.512996
29.175908 -95.121944
29.111222 -95.081773
57.228003 -135.372021
60.126802 -144.213021
43.982964 -76.20764
56.96801 -132.816031
46.837942 -90.613822
70.16153 -162.158156
59.583333 -139.67063
42.005939 -124.214213
51.980621 -176.022663
47.324162 -68.15357
43.764871 -70.177772
41.088659 -72.317238
54.691162 -132.820496
41.258121 -70.802139
57.454315 -135.025148
25.19846 -80.610837
26.867633 -97.552325
55.167652 -133.060822
55.176074 -130.118919
29.572048 -94.546385
46.215418 -123.673831
36.291662 -75.822907
35.233111 -76.490258
60.444029 -147.941709
27.636909 -82.739122
48.025666 -89.988894
48.556602 -122.923264
58.178605 -133.213311
39.590384 -75.534477
52.091338 -174.839715
31.211065 -81.288403
34.144505 -119.20314
55.015557 -132.180334
28.148313 -100.090289
56.69444 -133.716983
49.366518 -95.115866
29.220956 -89.029103
28.035426 -96.932454
33.388374 -118.365094
44.954013 -87.812989
44.36568 -75.922247
58.150151 -133.176444
45.639256 -85.604521
28.402604 -100.349586
41.501757 -124.075917
44.587555 -67.52079
27.335754 -82.597629
31.035396 -105.579542
47.178519 -68.900985
32.326458 -80.455192
45.369028 -87.3925
47.71053 -122.882247
60.670825 -147.868067
42.387071 -70.97174
47.967215 -122.546824
27.914618 -97.067413
46.275073 -123.75956
38.851771 -76.271575
28.035622 -97.14789
26.758987 -97.364153
48.587536 -123.013214
42.996938 -82.424206
58.66044 -157.178834
45.690901 -86.705184
37.811301 -122.372422
41.698691 -70.62544
48.1103 -1.6844
44.039908 -68.650767
48.193137 -122.461888
66.396174 -161.694404
60.437321 -151.898209
42.267424 -70.831075
34.06778 -120.368813
47.180919 -68.90524
45.277401 -71.263042
47.38533 -122.378479
34.032743 -118.732391
51.611805 -178.638458
44.087644 -76.360798
51.724071 -176.873924
58.32345 -136.304158
46.857568 -88.369848
48.045001 -122.431266
57.630901 -154.344244
57.226776 -133.515594
45.23524 -85.388593
38.198492 -76.566297
69.489028 -163.036311
38.157902 -76.034038
43.545156 -76.217958
57.594373 -152.459929
44.89648 -66.989235
18.126589 -65.322794
46.88317 -90.761567
46.101032 -83.719788
43.461136 -87.807799
55.858173 -131.645721
54.684025 -132.778259
53.082031 -169.763443
54.926851 -162.834245
55.544417 -160.666966
59.293611 -151.044411
42.991789 -70.755138
55.26331 -131.376847
59.638535 -139.72583
41.36717 69.27275
35.092598 -76.57569
18.115669 -65.575579
59.129333 -151.685959
25.344039 -80.275961
47.287049 -68.571094
44.090634 -69.076452
57.988716 -134.101549
45.662522 -67.720401
54.884749 -159.327873
47.174767 -88.242006
58.499693 -157.46088
46.061344 -70.306734
55.360527 -131.191595
29.728666 -92.196806
48.55928 -122.76902
55.338882 -160.425659
48.072097 -122.748345
46.835878 -89.535683
55.964215 -133.2669
45.510394 -70.723396
55.1286 -162.585533
47.749119 -122.382641
33.257729 -119.570642
21.264 -157.7001
42.470197 -70.886493
29.448031 -94.919401
47.4014 -87.712421
33.599622 -117.89979
46.921916 -123.985082
30.238665 -88.740647
45.819939 -84.580727
47.855373 -89.234535
35.515145 -77.024593
57.89646 -136.484259
55.336441 -131.661163
27.825723 -97.225176
53.747301 -166.856491
58.596014 -135.872817
35.71331 -121.314632
60.768542 -148.505569
57.952572 -133.718382
40.995229 -73.651175
59.100935 -135.332203
56.51264 -132.984751
56.993408 -156.659306
41.631069 -70.360352
57.110052 -153.454618
55.357452 -161.231535
44.772951 -85.503935
57.437455 -135.56099
55.164912 -159.859568
56.761663 -133.332845
37.114193 -75.906734
59.934065 -148.586232
45.889054 -84.837624
58.611872 -153.851432
48.491177 -122.803108
58.565043 -157.313572
48.2352 -92.335394
57.895901 -134.206879
27.268105 -97.350398
57.248991 -152.950982
46.756341 -90.885021
45.696463 -86.981349
38.241085 -75.964119
56.97039 -132.803539
48.7823 9.17702
55.158233 -131.085579
59.558734 -136.23734
55.805004 -159.602148
63.698022 -170.462947
29.153116 -90.925797
52.218823 -174.453746
41.649531 -71.299159
56.436497 -132.502243
48.233898 -92.333649
48.601814 -122.997032
44.427387 -68.390932
55.104896 -161.632391
55.45178 -160.781401
44.667026 -67.327557
53.250362 -167.622173
56.248698 -158.276842
37.965405 -122.42976
69.757462 -163.012595
48.692444 -94.452332
52.633091 -170.820641
27.919801 -97.129168
45.120706 -85.976434
45.191103 -87.119972
60.931298 -147.724392
64.564483 -163.89618
60.154404 -144.42337
41.188392 -71.594994
60.49633 -146.318604
35.863301 -75.569794
38.50461 -76.506023
37.583666 -122.315713
45.014176 -87.624693
34.402898 -119.74547
29.607284 -101.259127
55.307829 -162.731816
56.524129 -134.669778
70.454463 -160.489778
29.957788 -85.469425
63.205596 -162.821122
46.589614 -90.505909
61.266802 -147.726295
46.086778 -85.366622
44.199032 -68.321178
60.865623 -147.429337
66.759063 -162.011455
63.432756 -169.747634
61.113088 -146.269113
39.36132 -76.250107
29.048042 -100.663212
42.326847 -70.94249
21.453698 -157.774905
39.298701 -76.177704
42.43736 19.25144
26.336333 -97.376242
47.725996 -122.815027
32.216783 -80.669166
41.655572 -71.220331
48.615765 -122.609901
43.765693 -70.117688
48.930731 -122.746596
45.998918 -83.900535
55.168161 -160.807558
38.413512 -76.28302
59.815568 -139.591632
56.354194 -133.070863
60.189513 -144.52695
51.765682 -177.950283
20.11523 -155.516795
41.36863 -70.018446
60.498001 -165.190449
70.276938 -147.817637
30.652568 -88.044339
46.093815 -83.763527
56.168214 -132.015045
30.516609 -88.026222
45.420035 -84.977116
29.72592 -89.486961
45.610211 -70.635306
41.619629 -82.718802
41.927366 -70.054464
29.054192 -82.759704
66.717905 -162.268767
60.253983 -146.957855
55.925349 -133.799931
42.762789 -86.208309
42.523159 -79.264624
44.483004 -86.248914
56.174757 -131.962102
55.117104 -130.158117
29.401471 -89.470142
47.352268 -124.307509
48.522533 -93.638199
45.473048 -67.494351
45.802326 -85.379036
55.705878 -155.528099
29.33091 -104.055596
41.60699 -71.273445
47.803041 -90.08816
28.384034 -96.827793
48.348613 -92.193571
44.865451 -85.498007
48.071388 -91.327886
28.683673 -96.263515
60.735694 -151.847965
20.58697 -156.351716
46.879859 -87.782461
29.366756 -104.098378
45.667986 -67.718056
29.843534 -102.227553
59.210503 -154.130585
45.13232 -87.60928
57.399578 -135.626007
37.905845 -122.32373
19.032531 -155.566446
69.040632 -163.827447
48.305063 -92.432003
44.557512 -67.829823
38.277139 -76.190531
56.9365 -135.35409
42.068441 -70.64819
58.963431 -134.327982
44.062506 -69.048917
57.478467 -152.716765
44.472104 -67.562651
47.339903 -88.459262
39.19456 -75.028885
59.026047 -160.476578
27.678426 -97.197601
63.69343 -171.640027
15.32896 38.93599
44.803838 -85.499591
56.064721 -158.394922
30.41424 -87.908908
29.048721 -90.844849
53.333262 -167.348653
38.339502 -76.266602
54.885021 -162.425244
44.484901 -67.851648
29.625414 -89.647324
46.601223 -90.873154
45.501606 -87.288726
45.711445 -85.835114
58.599224 -161.766296
46.805157 -87.628081
48.529028 -122.572967
29.594844 -101.28323
57.831048 -153.324872
69.19463 -163.452685
47.766907 -124.471687
29.094863 -90.862757
58.752403 -136.476125
44.268588 -68.658849
22.115666 -159.741223
28.296972 -96.592934
57.75983 -152.277176
38.282915 -75.990385
38.474947 -123.166428
43.700929 -70.097184
39.161109 -76.475983
59.663247 -151.439187
55.887287 -133.330948
43.958569 -69.283998
41.999544 -70.710034
43.784389 -70.040184
52.891078 -170.113189
52.391893 173.595397
29.587069 -101.297224
45.487732 -70.717047
33.424234 -118.503952
66.904292 -162.582856
28.597705 -80.583884
56.507174 -153.952958
60.197855 -147.832285
58.252415 -136.387115
41.266998 -72.641538
66.797076 -161.86154
29.836023 -91.889118
55.05405 -159.48498
41.712995 -70.626529
29.287277 -90.495299
42.639821 -70.591469
39.500112 -75.527141
28.580873 -96.228909
64.623055 -160.791614
47.993267 -89.911258
40.446607 -74.175346
58.289618 -152.049109
28.836287 -95.486769
44.192131 -68.332639
37.705567 -122.221628
41.594315 -124.1051
54.925547 -130.97544
57.516445 -135.578215
48.624935 -93.349095
69.799471 -162.911869
55.315895 -130.96814
48.016349 -89.719245
28.805888 -100.53583
48.006204 -89.645447
37.717269 -76.597213
45.311922 -71.03821
55.879555 -133.24588
51.864881 -178.224129
52.476 173.545302
18.302613 -65.276007
57.91861 -152.635378
56.001691 -133.265116
41.491769 -71.19939
47.029282 -90.637672
60.245552 -147.698608
26.666022 -97.336394
46.214359 -123.636474
26.982399 -99.387367
48.516297 -93.674568
45.059201 -85.566066
29.62977 -91.882317
27.729929 -82.476297
54.084136 -165.438972
29.368201 -90.035415
38.053182 -76.35275
29.619967 -92.06564
46.470143 -84.125026
55.709442 -133.595062
55.905918 -133.453093
36.922047 -75.996252
57.315412 -133.239575
34.004284 -120.19578
44.130198 -68.820515
58.040619 -153.344807
29.175867 -90.645612
63.21062 -163.725805
56.838385 -134.419791
41.412875 -70.470788
46.969739 -123.939214
46.290721 -123.67876
20.920629 -156.69989
43.912773 -76.125023
56.749772 -133.744002
37.806815 -76.658302
26.222822 -98.509327
58.683483 -134.93161
57.843203 -152.822543
40.969794 -72.826057
44.12948 -86.421108
37.534582 -75.940318
25.458504 -80.199453
48.002391 -89.842629
43.521285 -76.417581
28.927622 -100.638857
66.592365 -161.953413
41.71667 44.7833
27.596021 -82.584629
42.597904 -82.713042
57.983659 -153.217306
52.400973 173.588794
31.557601 -81.214536
30.969602 -81.486966
55.154403 -162.177427
56.81322 -133.741579
48.603263 -122.72493
57.016608 -154.024288
25.257561 -80.307584
31.943769 -80.911207
20.847513 -156.129381
29.376962 -102.840778
58.514562 -153.909588
43.292926 -76.877397
55.126933 -161.886278
25.901531 -81.527665
57.074543 -153.955647
59.339774 -135.36153
43.781194 -70.153869
59.396286 -135.344279
55.208527 -130.079854
51.775701 178.308563
29.975272 -104.679661
58.577835 -135.137516
71.186211 -155.957961
58.666172 -161.372314
30.686303 -105.062334
29.344878 -91.274308
44.758892 -87.688207
48.420982 -122.812622
21.190909 -157.039987
26.476505 -81.969509
32.681652 -117.180366
38.409294 -76.998585
46.876217 -90.475891
45.087467 -87.057444
41.443394 -70.552943
27.937162 -82.840882
24.864104 -80.733133
32.766352 -79.818237
53.705301 -166.786692
29.983803 -88.83979
64.549257 -163.049291
55.34365 -160.651011
58.280937 -134.082915
70.173259 -146.909516
45.5046 -73.5569
27.085464 -97.45166
41.26269 -72.533247
34.852309 -76.31021
25.884037 -81.508979
58.576407 -134.893538
38.414282 -77.264238
30.38345 -87.865017
54.99276 -132.749115
38.843865 -123.638637
28.982124 -103.126748
47.51528 -122.500543
55.246276 -132.075924
48.003964 -89.639833
46.931322 -90.921811
38.152824 -76.740278
29.481547 -91.2813
58.560345 -134.917923
38.776764 -123.541837
46.226254 -84.15223
56.707394 -154.129349
64.422107 -161.410382
28.973709 -82.735754
44.069566 -68.77029
48.151382 -123.551131
35.993004 -76.062071
51.839866 177.296018
19.912081 -155.901987
45.014751 -73.084969
27.290791 -97.546981
24.687818 -81.51898
34.019545 -118.787094
41.081042 -72.297718
40.642121 -74.1894
44.892718 -87.437084
45.396239 -83.697316
37.439209 -75.665957
57.790287 -152.249573
45.851754 -67.78968
56.718242 -133.766143
44.818256 -85.555894
55.563589 -133.156566
38.607235 -123.371876
47.993493 -122.871992
20.927616 -156.374297
29.331446 -94.72253
60.281227 -148.123901
29.116464 -89.400346
41.634687 -70.351634
57.219043 -133.500126
20.1444 -75.2092
30.210506 -88.502752
47.807718 -122.392044
38.539149 -76.517506
43.996555 -76.081553
21.29 -157.8457
55.94042 -133.385279
45.290684 -86.97778
53.698864 -167.057695
53.26771 -168.158943
58.725998 -160.300873
59.869343 -149.383835
55.419319 -133.610733
46.640862 -123.940616
35.804187 -121.356737
45.003322 -74.702018
48.343766 -92.047655
29.793507 -91.845836
35.208471 -75.672673
44.998062 -74.722574
60.414328 -152.30195
45.748488 -85.50904
57.810866 -153.343408
56.03604 -131.154367
18.205149 -65.628414
26.079589 -97.208048
18.119668 -67.91088
38.382013 -76.386229
29.796866 -101.953595
35.993925 -75.678909
30.409598 -88.841328
33.815415 -118.391507
55.892236 -133.249054
44.623583 -87.830848
19.586553 -154.924422
18.274507 -65.624881
56.495388 -132.610504
45.312321 -86.947601
27.910397 -82.628063
10.478069 -66.871371
38.973079 -76.20236
58.357372 -152.224965
29.503558 -83.379254
46.858989 -90.780972
18.30897 -65.327821
43.740385 -69.998793
30.152409 -89.598027
46.682539 -91.961889
55.417356 -162.51687
41.950007 -70.583572
44.906136 -85.980219
57.392832 -135.668153
27.880106 -97.26301
58.216513 -134.506876
35.649443 -76.029863
35.656641 -121.251034
17.98105 -66.623788
35.183079 -75.757916
35.944566 -76.691766
59.928701 -138.796083
45.540795 -67.425399
37.88392 -122.43925
59.723625 -153.031319
44.503576 -67.607199
29.338 -94.894234
29.76688 -102.386678
37.077507 -76.564219
43.025392 -70.730426
56.827905 -158.933589
47.296636 -68.507432
48.510807 -122.86557
27.908546 -82.453731
55.936066 -133.329163
69.916997 -162.616345
60.165894 -144.253878
39.54328 -75.532342
44.428869 -67.930554
18.079716 -67.940799
41.773883 -70.494048
56.884958 -134.150935
45.705812 -86.984588
60.732222 -151.811286
42.067864 -124.314289
55.287815 -133.301147
43.790375 -70.048561
52.858377 -169.860214
27.897767 -97.132473
55.108574 -160.191392
44.568925 -87.901177
57.087725 -135.384617
46.12562 -84.038696
26.151344 -98.33842
30.095763 -84.174999
36.361863 -75.923331
55.522076 -130.973528
46.962204 -88.132876
47.29049 -91.250163
27.556994 -99.514319
42.310743 -86.321803
34.355297 -119.431066
48.061527 -122.360345
41.067012 -72.460778
21.960054 -159.681493
41.465977 -70.756481
47.087036 -67.83689
55.751411 -160.675794
27.854301 -82.846526
36.692051 -75.921748
48.020384 -89.739131
51.871506 178.029617
40.542896 -73.940591
70.272443 -161.759176
63.691981 -170.441066
43.254522 -77.476642
48.996963 -111.500812
57.036481 -134.484288
60.444633 -145.882293
58.351447 -136.290055
69.481971 -163.052068
55.891975 -158.819717
37.116383 -122.306139
29.321882 -94.822547
41.024336 -73.551494
41.300982 -70.775665
21.603024 -158.106689
54.927578 -164.20707
45.33087 -86.875117
27.9039 -82.531318
45.005625 -72.348583
34.006099 -119.389983
17.947446 -66.912522
48.554699 -122.927551
29.306005 -94.824953
67.004426 -162.461822
56.897667 -156.825982
58.928484 -136.528161
55.227224 -161.875238
24.665017 -81.309664
31.753126 -81.097402
70.833925 -153.976014
60.874463 -147.587309
35.485056 -75.487678
44.738225 -87.705852
55.797653 -133.315674
40.767091 -72.745208
38.15305 -76.629476
46.473497 -123.968044
51.462935 179.191082
50.0494 10.2217
58.33951 -152.804789
48.643669 -94.091244
52.001812 177.572068
29.639427 -89.523018
59.987366 -148.093201
58.58989 -161.084198
48.633744 -93.954413
48.110877 -122.876282
59.681313 -151.377054
29.158342 -89.075311
59.796196 -151.027756
28.925011 -89.41148
59.203571 -151.250039
45.776451 -85.450203
40.597394 -73.484915
55.208949 -159.961209
58.215006 -136.597198
47.995295 -122.369161
44.717444 -67.103957
42.343422 -70.895477
56.114842 -134.256332
39.018273 -76.167574
29.258923 -90.372565
42.889766 -70.813975
60.575977 -152.148434
43.760642 -70.120225
64.494094 -161.078031
63.302282 -168.692939
55.890858 -133.273254
55.250931 -133.164322
38.623917 -77.205103
52.880839 -169.811463
56.511217 -133.895746
43.284117 -87.901847
30.408957 -104.85744
54.672722 -132.770523
45.172478 -83.368046
28.219013 -82.762643
29.433432 -94.8908
55.618812 -130.938575
47.233388 -122.719075
35.346776 -120.862684
66.592256 -163.875047
60.982218 -148.435375
52.202831 -174.457804
45.112323 -67.112414
29.326584 -100.926678
59.209135 -151.838335
60.899347 -148.101841
51.818366 -176.856205
55.500619 -131.986493
66.033089 -161.817091
18.035439 -67.209887
58.487179 -134.923279
57.56173 -133.478086
46.982853 -91.737098
27.971824 -82.684793
55.714218 -131.857498
44.882551 -66.990351
57.777457 -133.559889
30.004439 -89.857558
43.935583 -69.214205
55.823231 -133.655945
48.244443 -90.847352
45.371862 -67.430097
55.613811 -161.602825
37.5731 126.978
26.9979 -97.466415
60.863842 -146.268659
59.634729 -150.00225
43.718956 -70.072098
44.935567 -85.961603
26.758727 -97.471663
60.626288 -146.25838
41.282033 -72.916827
47.51522 -122.396538
44.771427 -67.01995
35.82354 -75.667891
48.046768 -122.827482
44.415039 -83.324616
46.727749 -123.862149
58.4516 -135.939926
48.999475 -105.391379
41.278885 -72.451925
34.071298 -119.857304
38.07438 -122.273006
60.48967 -151.962921
21.2714 -157.8253
58.216704 -153.170101
58.221115 -152.311415
55.49683 -161.469271
27.335117 -97.686228
37.825428 -122.479151
45.383608 -70.634661
55.947467 -161.230444
28.500383 -96.218978
28.570695 -96.561226
42.618672 -82.681593
44.737751 -87.337584
31.623348 -81.133493
51.943977 -175.863998
41.578524 -124.101403
60.42451 -166.135704
56.680241 -132.665874
60.15651 -148.358188
59.990697 -143.851343
45.824639 -70.380752
31.850106 -81.05907
59.709789 -164.027481
29.085075 -90.223587
60.83805 -165.030183
36.083826 -76.331902
44.208633 -68.801285
36.906116 -76.441605
58.04775 -133.765971
20.607941 -156.444242
57.31477 -154.74309
56.462199 -154.777505
60.717146 -148.396114
57.902499 -152.641805
37.998458 -122.366928
28.106292 -82.783824
26.076467 -98.220673
64.14112 -21.8896
45.313043 -71.042485
30.380346 -86.412076
43.882526 -83.436729
48.111489 -91.662647
44.169185 -68.720435
44.025037 -68.862845
45.402828 -84.912537
26.060271 -98.097643
53.762604 -166.992846
27.30962 -97.584132
24.655397 -81.597685
36.965547 -76.299364
28.972831 -103.156646
27.837361 -97.483082
57.112555 -135.776975
58.147555 -153.281874
44.462611 -68.785898
45.057616 -83.433798
47.149693 -122.672737
45.328246 -67.453469
28.107588 -97.022806
64.537359 -161.08576
59.64273 -153.476098
57.771051 -136.304684
59.948818 -149.705293
24.951153 -80.588272
48.785011 -122.646777
55.116947 -161.90361
29.062679 -90.70535
32.752128 -79.872232
35.442194 -76.009704
37.750522 -76.312108
55.517912 -131.718299
29.867535 -89.671555
43.849988 -70.032023
55.757588 -160.049417
55.861519 -159.098587
58.916289 -135.328396
57.464406 -134.874346
56.745572 -154.106565
57.890706 -152.38613
43.73266 -69.855595
29.762574 -92.142079
29.846034 -102.181894
45.696127 -67.803148
45.234982 -71.440583
55.281751 -131.291203
48.12393 -122.363842
56.667169 -157.507589
27.75162 -97.130823
31.289454 -81.274688
24.76933 -80.955245
58.708561 -153.458816
40.448062 -74.151952
58.413985 -135.642247
48.999707 -105.834181
57.858058 -152.790211
58.491936 -134.792411
63.055805 -163.364979
48.50679 -92.631463
21.2739 -157.6946
48.563751 -123.035698
28.103517 -97.023824
41.259138 -72.722439
34.033976 -120.061953
57.300231 -153.015994
48.681416 -123.021215
60.724306 -164.96541
46.870301 -91.144266
58.847441 -153.317823
55.776518 -159.971441
55.266693 -160.378891
47.887343 -122.610341
58.306336 -153.044316
58.222933 -135.630521
43.964671 -76.13628
66.085388 -163.495845
54.814026 -159.602386
36.092616 -75.836084
45.708361 -86.537258
56.226407 -158.19096
48.623731 -92.984963
60.408768 -151.963882
55.250177 -162.510435
43.938031 -83.28231
57.085158 -156.441599
61.091117 -151.119722
25.931506 -81.73195
35.944039 -76.528551
45.270834 -85.371593
45.897951 -67.768745
18.079835 -65.796289
48.117523 -90.772998
55.096706 -159.61
28.233958 -96.945621
35.972734 -76.272408
55.854858 -159.09668
44.113762 -68.376591
35.067867 -76.60042
56.009536 -133.748803
56.759281 -133.700921
39.922373 -123.954952
59.447917 -151.770875
55.134482 -160.004129
43.80773 -83.410663
48.005212 -89.491739
45.511113 -67.420543
51.363992 -178.914207
29.7295 -93.766048
29.067467 -103.453029
60.751411 -148.126755
54.91749 -163.336739
47.141361 -122.675713
35.117787 -75.966489
45.125594 -67.339869
38.797198 -75.089473
39.222666 -75.404745
46.88923 -91.03989
45.456001 -67.484851
60.051924 -143.413377
33.298642 44.395678
11.57489 104.92122
58.533876 -157.358487
47.504551 19.051419
36.346418 -75.831595
60.924796 -150.187657
38.138933 -76.439841
59.319687 -150.773193
27.03252 -97.477515
39.213564 -75.062506
37.179887 -76.391252
60.285589 -147.703599
48.052104 -91.438093
48.998921 -112.000878
47.811105 -90.072025
56.525169 -157.326059
48.778047 -94.690863
30.342671 -88.728893
51.961669 -175.653194
59.949046 -164.208306
29.195287 -100.767059
44.275431 -68.677577
55.137909 -133.025726
34.468098 -120.238002
44.595882 -67.51841
27.322736 -80.226753
58.679319 -134.988717
45.495069 -84.009582
46.905728 -91.883238
45.840083 -86.538831
44.428582 -124.067569
29.171317 -90.297
27.084513 -97.453568
48.561371 -122.864975
48.41488 -122.61448
38.274012 -76.834803
57.761658 -155.302789
55.254005 -133.606766
36.97815 -121.930069
41.686446 -71.441336
41.717955 -124.147412
60.825152 -147.913399
45.206856 -87.330719
55.203035 -160.052941
42.701558 -79.01886
45.80412 -70.398159
48.711498 -122.691795
44.465443 -86.251605
42.964419 -70.769673
37.936082 -75.712065
18.29611 -65.331398
65.610972 -168.100003
24.998215 -167.995834
38.569158 -76.290043
38.003367 -122.462812
37.941111111 58.388055555
66.039526 -162.622284
55.066967 -131.190033
60.78443 -165.042584
29.366572 -91.186785
37.189404 -76.796905
43.684564 -83.563157
41.617986 -82.677772
43.829 -70.026193
55.552414 -131.729599
43.841967 -83.417483
59.552571 -153.618151
26.375532 -98.942046
37.70864 -122.390674
60.377716 -147.091095
57.860394 -133.60203
45.737247 -85.520803
46.793502 -88.433835
45.343297 -71.01292
41.249794 -72.036846
58.717371 -136.386433
60.873511 -147.787115
45.887853 -70.262655
25.341117 -81.140099
29.067275 -89.217201
58.120823 -154.384327
58.762878 -157.064097
58.136062 -154.210078
43.644922 -83.852076
43.972632 -83.856128
36.096236 -76.726043
29.863377 -104.63036
29.807608 -89.277298
70.885279 -152.774415
38.090088 -122.486702
45.583773 -67.429716
66.081922 -163.772467
58.84932 -153.326138
30.238024 -85.9226
57.43966 -156.021875
48.223005 -122.534431
43.872579 -69.550616
18.328252 -65.628047
26.685162 -82.086698
27.851631 -82.397463
56.405159 -133.786163
34.975179 -76.395625
48.654636 -122.753372
55.891954 -161.807833
48.325824 -92.030872
28.44296 -100.337797
29.1493 -89.078643
58.746937 -160.918579
46.236223 -124.011355
46.217974 -123.65539
54.980598 -159.328791
41.846469 -81.024525
47.353733 -68.26971
28.393875 -96.372101
59.916935 -149.32196
28.559499 -96.536289
30.368097 -89.083237
53.719719 -166.923324
56.10778 -158.439944
46.941623 -124.174503
28.982738 -89.151454
42.01108 -70.610953
44.645533 -67.189427
58.665313 -158.332093
41.706441 -71.301446
29.610307 -84.987775
29.063709 -90.803699
45.378118 -70.807664
43.423374 -76.607093
41.265002 -71.978926
20.904385 -157.062511
67.081459 -163.441198
28.683164 -96.287942
59.935248 -139.535902
56.085374 -134.01392
44.32562 -68.409027
58.581326 -160.880508
35.061123 -76.622902
48.46917 -123.006554
37.834947 -76.001116
31.698411 -81.151888
56.826014 -135.408542
42.657934 -124.413119
48.998462 -113.116356
59.141705 -151.793503
28.901944 -100.602054
58.555626 -161.081345
25.128273 -81.050505
30.03898 -89.242828
46.509098 -84.373968
47.125032 -69.566383
55.665336 -132.382505
44.952247 -83.443718
53.926643 -168.041061
42.466491 -79.381943
60.330482 -145.171951
56.213609 -158.331039
44.33259 -83.364312
43.006016 -70.599686
40.918166 -73.499941
44.866958 -75.241303
55.127326 -132.040874
32.662677 -117.243738
57.419245 -135.621725
45.751413 -85.54375
45.030795 -86.079103
55.985416 -160.576655
34.043265 -119.712576
54.043808 -165.484222
38.443016 -77.044188
52.11045 -173.830906
45.103011 -87.60012
29.588065 -92.653651
29.830572 -84.573975
55.852821 -131.840836
51.722862 -177.956443
47.103866 -122.67813
39.202208 -76.488883
46.613581 -123.959175
48.644447 -94.126336
21.096917 -157.298054
44.520685 -67.79726
61.535221 -166.034748
56.823542 -157.163272
63.437141 -171.824872
24.727323 -81.032447
57.754898 -135.098422
30.274437 -87.558097
70.967684 -155.878946
43.153255 -79.044567
39.557637 -75.970337
56.53891 -157.006523
20.756677 -156.984747
39.471445 -74.304343
45.146672 -67.298209
46.889965 -90.667679
46.469962 -84.921931
39.613744 -75.567694
70.268873 -161.959603
30.065481 -85.618254
56.417778 -133.006314
29.594227 -92.044521
48.069627 -91.336578
43.861241 -69.545028
29.219913 -90.556501
54.616863 -163.581481
49.378301 -95.141808
46.004204 -83.776436
30.214044 -88.500011
59.770559 -138.620931
25.55847 -81.225557
30.021322 -104.702311
19.137908 -155.505281
44.807784 -85.581717
30.307596 -89.294444
66.438566 -161.574129
29.782619 -101.79687
29.483345 -94.608557
56.554535 -169.667749
19.976078 -155.835312
56.583392 -135.045054
44.806378 -75.333744
46.645515 -90.164026
29.928221 -89.746273
56.405563 -132.404678
30.249119 -88.074854
17.975052 -66.805683
69.680499 -163.027364
38.931994 -74.90705
57.078676 -133.773464
54.134934 -165.00791
48.137683 -88.4857
66.536877 -161.877098
56.528107 -132.565292
58.390877 -153.985416
32.375193 -80.434303
26.997659 -97.480569
57.696508 -153.797971
28.18212 -96.694666
48.193022 -122.372492
46.826825 -91.314815
56.826066 -157.163811
41.487983 -71.28226
60.947478 -147.258017
35.940354 -75.92676
57.584783 -154.431841
46.970959 -124.138035
45.311924 -70.917904
41.929086 -83.26455
55.037399 -163.872144
21.2665 -157.7142
57.89079 -134.737475
44.344395 -68.45649
37.824828 -122.523585
25.72895 -80.166241
54.679602 -163.210412
43.981324 -69.096899
19.958368 -155.194593
47.086161 -88.903706
29.543406 -104.381041
60.361179 -152.072388
59.555427 -153.650943
29.80005 -91.82561
37.822308 -76.284904
47.262107 -69.049326
55.426187 -160.347609
46.713971 -123.975157
52.4175 0.522109
37.125142 -75.942539
57.684665 -152.394474
29.042947 -90.842762
68.858111 -165.327043
45.684923 -86.967315
56.966651 -132.91197
44.322397 -68.523857
35.256253 -75.599005
57.233796 -134.147577
27.685921 -97.222755
60.178485 -144.555093
27.655753 -99.661845
37.191658 -76.757765
48.623703 -122.799057
48.16648 -123.139258
44.883645 -85.645456
45.731304 -84.472458
55.989045 -131.213259
45.721832 -84.940526
30.229522 -87.962253
38.366712 -76.256788
57.0387 -133.536258
58.423139 -159.063346
43.273686 -79.019848
59.072224 -153.802782
45.078503 -71.486345
27.852926 -97.041799
56.104413 -132.996044
18.424401 -67.155245
55.020151 -162.958975
27.485796 -99.480219
20.827301 -156.115735
45.413981 -86.877502
42.737258 -78.918157
21.415633 -157.786513
59.37976 -139.420168
46.266832 -123.669501
61.047752 -146.65343
37.938556 -75.829901
43.369541 -78.547395
58.045387 -154.650618
45.041774 -71.491148
38.717001 -123.461291
57.239919 -154.574343
55.206317 -133.037023
61.188907 -150.990086
52.716172 -170.114087
44.145268 -68.456813
28.074 -97.035528
55.343697 -130.972107
-35.3072 149.117
45.722307 -86.838746
30.718914 -105.098282
55.100438 -130.795196
21.43391 -157.793045
29.533547 -94.718276
48.151304 -122.364744
47.287287 -124.236349
33.344123 -118.481886
21.789053 -160.205211
63.259336 -164.140096
46.854017 -91.200107
60.585712 -145.88652
29.842438 -102.205381
42.892375 -70.810999
48.464785 -122.695725
55.493675 -133.545303
36.634559 -121.923866
45.58548 -86.644035
47.989898 -89.868153
25.125403 -81.009598
48.376522 -124.631108
43.996037 -82.746255
51.333917 12.368336
23.050011 -161.922623
45.287238 -71.309008
59.667188 -153.384886
55.845641 -133.894706
52.054955 -174.507816
42.594234 -79.121921
43.138867 -70.622384
29.836387 -83.605244
58.897317 -160.250433
60.114676 -165.667863
25.996727 -97.627226
38.860238 -76.334019
63.168858 -170.053402
55.776518 -159.966682
57.444766 -152.459638
55.219997 -132.874619
43.733389 -70.001125
57.489838 -135.227293
30.16176 -89.190475
45.907026 -84.734002
-33.41235 -70.60469
52.784357 173.134521
54.86308 -132.350549
43.819672 -70.080995
31.313121 -105.932553
44.009859 -68.651863
38.42471 -77.075489
45.65515 -70.564789
30.38768 -88.812576
42.7 27.25
60.341408 -146.624222
48.207031 -91.864382
55.849251 -131.83905
46.036114 -83.758774
55.125482 -161.634912
54.816883 -159.703278
24.749101 -81.402769
44.473879 -68.783679
59.962619 -149.117328
55.837449 -131.81631
29.32697 -89.178221
58.235584 -135.220281
70.485986 -150.780029
51.879748 -177.913269
65.276341 -166.347189
35.175998 -120.714185
31.30391 -81.260958
53.82043 -166.214312
48.200082 -124.107215
34.175804 -119.237142
56.745677 -154.148745
28.088922 -97.065085
25.816847 -81.349152
28.756161 -100.519226
46.398435 -70.100177
56.889626 -153.984547
58.180871 -136.199854
39.674313 -75.511743
55.871857 -131.852739
51.943977 -176.010574
65.117089 -166.81679
56.625961 -132.386536
45.222274 -87.032546
45.008878 -72.033614
42.561595 -70.804091
26.478064 -97.429169
48.443333 -122.575254
48.276587 -92.295053
57.518751 -154.602546
58.199235 -153.036662
47.245989 -88.573997
65.167249 -166.479913
48.683514 -94.251169
26.484052 -82.008961
57.291337 -152.886384
45.489688 -67.503088
57.762306 -152.342674
45.149666 -67.294881
29.760912 -89.269325
42.012764 -70.686798
54.921489 -131.197924
44.25343 -68.23713
30.344382 -88.401181
36.506423 -121.938763
57.551387 -133.488197
48.632156 -93.916649
29.672004 -85.343619
30.317002 -88.191542
48.648094 -122.581924
57.025291 -153.593498
56.570709 -133.694378
45.468024 -67.486907
29.675381 -89.644272
48.414204 -92.456325
45.33689 -123.972899
63.640252 -171.757081
43.331477 -76.747067
29.478401 -94.665853
56.948481 -134.740135
35.882423 -75.67283
48.999382 -105.38749
48.150697 -123.560591
41.62549 -71.21616
57.145052 -170.290793
24.564966 -82.155678
64.595894 -163.115916
37.201087 -76.396052
59.854604 -166.40729
41.052212 -72.477306
29.076215 -82.816925
41.492215 -71.395927
48.345776 -92.045152
42.835454 -124.565973
39.334399 -76.145524
45.935223 -83.766235
25.1546 -80.804874
45.189499 -83.338272
66.522205 -161.454092
47.200848 -122.642395
44.798107 -124.074066
67.010849 -161.697392
55.84267 -133.357132
51.823157 -176.235544
17.884813 -66.528572
41.482384 -70.603555
43.715899 -70.219164
18.420446 -65.794357
55.605511 -133.705917
33.365491 -117.547693
57.45487 -135.553903
44.144195 -87.563181
29.368669 -101.010614
54.158352 -165.742613
26.433026 -97.412884
41.661845 -87.066033
30.072191 -89.493484
52.750227 173.930912
55.28923 -160.475494
25.847205 -81.6848
41.153684 -71.547051
36.158487 -76.228183
42.648508 -70.591742
37.671508 -76.579591
55.496498 -131.800385
48.40604 -122.554536
48.399889 -122.547492
29.511141 -94.981916
51.680846 -177.261631
21.401596 -157.721845
29.657821 -101.325214
46.768911 -91.470181
58.976763 -160.284993
36.96895 -121.906468
60.922058 -165.007096
45.048791 -71.505222
41.514031 -70.663856
40.946397 -73.485365
44.430676 -68.886491
57.775059 -152.231491
57.438236 -135.557806
57.829372 -152.364079
60.232895 -167.105975
45.490537 -84.075792
59.234395 -151.509551
56.029133 -156.671875
39.660813 -75.522343
24.867232 -80.706356
34.408795 -119.873971
55.304085 -162.626101
